Movie,URL,Fecha UTC,Autor,Comentario,Puntaje,Nivel,NumChars,NumWords,Polarity,Subjectivity,Cluster
eternal_sunshine_of_the_spotless_mind,https://www.reddit.com/r/movies/comments/195s51j/eternal_sunshine_of_the_spotless_mind,2024-01-13 20:31:27,SkinnyPete4,"I saw this in theaters after a bad breakup with a long term girlfriend. I thought I wasted years of my life in that relationship and never wanted to think about her. I was completely taken by surprise by how I interpreted the ending, which was “it doesn’t matter how a relationship ends, the good times were real and worth remembering and appreciating” and it literally changed the way I looked at that relationship and every relationship since. It’s the rare movie that literally changed my life. I think about that final word, “okay”, and what it implies, all the time. Very important film to me.",443,1,598,106,0.15181818181818182,0.5333333333333333,4
eternal_sunshine_of_the_spotless_mind,https://www.reddit.com/r/movies/comments/195s51j/eternal_sunshine_of_the_spotless_mind,2024-01-14 06:29:29,AliceInNegaland,My ex husband introduced that movie to me because I reminded him of Kate with how often I dyed my hair.  I wish he had taken that same perspective,88,2,146,29,0.0,0.125,4
eternal_sunshine_of_the_spotless_mind,https://www.reddit.com/r/movies/comments/195s51j/eternal_sunshine_of_the_spotless_mind,2024-08-09 02:42:55,RealNoodles221,wow,17,3,3,1,0.1,1.0,4
eternal_sunshine_of_the_spotless_mind,https://www.reddit.com/r/movies/comments/195s51j/eternal_sunshine_of_the_spotless_mind,2024-11-19 09:33:38,Zestyclose-Sir-851,Agreed! Lovely and astounding ending!,3,2,37,5,0.625,0.875,4
eternal_sunshine_of_the_spotless_mind,https://www.reddit.com/r/movies/comments/195s51j/eternal_sunshine_of_the_spotless_mind,2024-11-20 01:23:04,Confident-City-3108,"Yes! It hit me too, look on te other side of a bad breakup, or any breakup, if I ever wanted to erase a memory, made me reflect on how important all of them are...",3,2,163,35,-0.1416666666666666,0.6805555555555555,4
eternal_sunshine_of_the_spotless_mind,https://www.reddit.com/r/movies/comments/195s51j/eternal_sunshine_of_the_spotless_mind,2025-03-14 13:56:34,ilovetyrol,"Yes.  That final ""okay.""  Best ending to a wonderful movie.",3,2,59,10,0.625,0.7,4
eternal_sunshine_of_the_spotless_mind,https://www.reddit.com/r/movies/comments/195s51j/eternal_sunshine_of_the_spotless_mind,2024-01-13 16:59:23,Korbas,"This movie is Carey’s actual serious role. Imo, In in Truman show there were many comedic elements (tragicomic but still comedic). I love this movie, it’s on my top 5of all times.",203,1,179,32,0.23333333333333334,0.47333333333333333,4
eternal_sunshine_of_the_spotless_mind,https://www.reddit.com/r/movies/comments/195s51j/eternal_sunshine_of_the_spotless_mind,2024-01-13 17:01:53,[deleted],Yeah. The scene where he can’t accept his decision and want her to not erased is so convincing.,36,2,95,18,0.5,1.0,4
eternal_sunshine_of_the_spotless_mind,https://www.reddit.com/r/movies/comments/195s51j/eternal_sunshine_of_the_spotless_mind,2024-01-13 17:50:30,Korbas,"While the premise of the movie is completely science fictional the personal drama can’t be more real and grounded.

I bought this movie for a birthday gift for my then girlfriend but I bought it something else instead and I kept it. She finally got it since we married :P",43,3,271,50,0.225,0.5,4
eternal_sunshine_of_the_spotless_mind,https://www.reddit.com/r/movies/comments/195s51j/eternal_sunshine_of_the_spotless_mind,2024-04-14 18:58:08,RadiantCauliflower92,"&gt;for my then girlfriend

oh no

&gt;She finally got it since we married :P

yessssssss

You got me, not gonna lie.",19,4,117,21,0.3333333333333333,0.75,4
eternal_sunshine_of_the_spotless_mind,https://www.reddit.com/r/movies/comments/195s51j/eternal_sunshine_of_the_spotless_mind,2025-02-17 11:36:53,Lost_Adeptness3291,"a year later and here i am bamboozled, just as you were",4,5,55,12,0.0,0.0,4
eternal_sunshine_of_the_spotless_mind,https://www.reddit.com/r/movies/comments/195s51j/eternal_sunshine_of_the_spotless_mind,2024-01-14 02:56:01,HGrande,Same. Top 5 all time for me. I’ve lost count of how many times I’ve rewatched it. ,5,2,82,17,0.3333333333333333,0.375,4
eternal_sunshine_of_the_spotless_mind,https://www.reddit.com/r/movies/comments/195s51j/eternal_sunshine_of_the_spotless_mind,2025-02-23 18:36:43,Xtess1999,"Está película la odio porque el director quería que en todo momento jim Carrey se sintiera mal, lo dejo con secuelas, que enfermo le gusta esta clase de películas que destruyen a un hombre, bastardos sin corazón, mejor vean mierda a ver si les gusta",1,2,249,45,0.0,0.0,4
eternal_sunshine_of_the_spotless_mind,https://www.reddit.com/r/movies/comments/195s51j/eternal_sunshine_of_the_spotless_mind,2024-01-13 22:11:41,TheJesseClark,This movie is perfect. You could not possibly take that story and execute it better. It asked and answered fascinating questions. Nothing was over or under explained. Every nook and cranny of the premise was explored perfectly. Just a bulletproof 10/10.,141,1,253,41,0.64,0.8699999999999999,4
eternal_sunshine_of_the_spotless_mind,https://www.reddit.com/r/movies/comments/195s51j/eternal_sunshine_of_the_spotless_mind,2024-01-14 14:12:21,bjankles,"It has to start with the miraculous screenplay by Charlie Kaufman. No one else could’ve written it. He’s the master of striking at universal human experience through abstract film language. Like most of his films, there’s never been anything else like it. So emotional, arresting, and creative. 

Then you get all-time performances from all-time talents in Carrey and Winslet. 

And Gondry’s bright, vivid, arthouse style full of practical cinema magic bringing it all home while somehow keeping it grounded.

It is as good as any movie that has been made.",53,2,556,90,0.3522727272727273,0.6318181818181817,4
eternal_sunshine_of_the_spotless_mind,https://www.reddit.com/r/movies/comments/195s51j/eternal_sunshine_of_the_spotless_mind,2024-01-14 23:51:21,TheJesseClark,100% agreed. I genuinely think it’s in the running for best screenplay ever written.,9,3,84,14,0.7,0.4,4
eternal_sunshine_of_the_spotless_mind,https://www.reddit.com/r/movies/comments/195s51j/eternal_sunshine_of_the_spotless_mind,2024-01-15 00:09:24,bjankles,"Probably not the only Kaufman screenplay in that running, either.",8,4,65,10,0.0,1.0,4
eternal_sunshine_of_the_spotless_mind,https://www.reddit.com/r/movies/comments/195s51j/eternal_sunshine_of_the_spotless_mind,2025-05-25 19:35:11,sevohanian,"This is my #1 favorite movie of all time, and you perfectly articulated in a few sentences what makes it so special to me. Going to borrow this, thank you.",3,2,155,30,0.4142857142857143,0.6678571428571429,4
eternal_sunshine_of_the_spotless_mind,https://www.reddit.com/r/movies/comments/195s51j/eternal_sunshine_of_the_spotless_mind,2025-05-28 17:06:16,ahuangb,The man himself. When's the next Ohanian &amp; Chaganty original coming out? Been patiently waiting,3,3,99,15,0.1875,0.375,4
eternal_sunshine_of_the_spotless_mind,https://www.reddit.com/r/movies/comments/195s51j/eternal_sunshine_of_the_spotless_mind,2025-05-28 17:23:14,sevohanian,"Haha thanks man! I have a movie out in theaters right now SINNERS! If you haven’t checked it out I highly recommend. 

As for Aneesh Natalie and I… you might see an announcement about it next week 😜. 

Thanks for the support 🙏",3,4,226,43,0.19452380952380954,0.2959523809523809,4
eternal_sunshine_of_the_spotless_mind,https://www.reddit.com/r/movies/comments/195s51j/eternal_sunshine_of_the_spotless_mind,2024-01-13 17:01:52,ThePerfectSnare,"I like to believe that I'll one day be able to erase it from my memory so I can see it again for the first time.  It's a good movie on its own, but it's also a great post-breakup movie when you just want to be miserable for an afternoon and then move on.",398,1,254,54,0.3083333333333333,0.7180555555555556,4
eternal_sunshine_of_the_spotless_mind,https://www.reddit.com/r/movies/comments/195s51j/eternal_sunshine_of_the_spotless_mind,2024-01-13 19:49:06,Purple_Tree_Car,"Recently watched it for the first time, following a bad breakup. It was indeed the perfect time to finally watch it, after being intrigued by it and considering it for the past two decades.

Incredibly cathartic.",119,2,212,36,0.15000000000000002,0.5625,4
eternal_sunshine_of_the_spotless_mind,https://www.reddit.com/r/movies/comments/195s51j/eternal_sunshine_of_the_spotless_mind,2024-01-13 18:50:44,TheAlexPlus,“…okay.”,50,2,8,1,0.0,0.0,4
eternal_sunshine_of_the_spotless_mind,https://www.reddit.com/r/movies/comments/195s51j/eternal_sunshine_of_the_spotless_mind,2025-03-01 19:46:39,ComprehensiveAge65,"Man, I never expected the word ""Okay"" to hit me like it did. But man, that word had me bawling.",7,3,95,20,0.275,0.45,4
eternal_sunshine_of_the_spotless_mind,https://www.reddit.com/r/movies/comments/195s51j/eternal_sunshine_of_the_spotless_mind,2024-01-13 17:07:30,Cool_Captain07,It’s poetic for me,20,2,18,4,0.375,0.75,4
eternal_sunshine_of_the_spotless_mind,https://www.reddit.com/r/movies/comments/195s51j/eternal_sunshine_of_the_spotless_mind,2024-01-14 03:17:12,MoonDaddy,You may be interested in [Amor Fati](https://en.wikipedia.org/wiki/Amor_fati).,3,3,78,7,0.25,0.5,4
eternal_sunshine_of_the_spotless_mind,https://www.reddit.com/r/movies/comments/195s51j/eternal_sunshine_of_the_spotless_mind,2024-01-14 05:08:10,mikeweasy,Yeah I hope I can do that as well.,3,2,34,9,0.0,0.0,4
eternal_sunshine_of_the_spotless_mind,https://www.reddit.com/r/movies/comments/195s51j/eternal_sunshine_of_the_spotless_mind,2025-04-07 03:28:27,PublicAlternative452,"Did u forget about it bro ?
Asking because I’m in the same situation now",1,3,72,15,0.0,0.125,4
eternal_sunshine_of_the_spotless_mind,https://www.reddit.com/r/movies/comments/195s51j/eternal_sunshine_of_the_spotless_mind,2024-01-13 17:51:22,drehventil,"Great movie and not to forget the also great version of Beck's ""Everybody's Gotta Learn Sometime"".",167,1,98,16,0.8,0.75,4
eternal_sunshine_of_the_spotless_mind,https://www.reddit.com/r/movies/comments/195s51j/eternal_sunshine_of_the_spotless_mind,2024-01-13 23:13:18,multijoy,It was astonishing in the cinema - there's no reverb at all which makes it incredibly striking.,10,2,95,17,0.5,1.0,4
eternal_sunshine_of_the_spotless_mind,https://www.reddit.com/r/movies/comments/195s51j/eternal_sunshine_of_the_spotless_mind,2024-01-13 18:09:14,[deleted],Added a new song for my playlist. ,8,2,34,7,0.13636363636363635,0.45454545454545453,4
eternal_sunshine_of_the_spotless_mind,https://www.reddit.com/r/movies/comments/195s51j/eternal_sunshine_of_the_spotless_mind,2024-01-13 18:26:15,drehventil,"Yes, I was also pleased when it was available on Spotify again about a year ago, after you couldn't listen to it there for a long time.",7,3,135,27,0.2833333333333333,0.6,4
eternal_sunshine_of_the_spotless_mind,https://www.reddit.com/r/movies/comments/195s51j/eternal_sunshine_of_the_spotless_mind,2024-01-13 23:39:05,Secular-Flesh,Version? Wait… did Beck not write that song? I’m feeling very dumb if it’s a cover.,5,2,83,16,-0.48750000000000004,0.65,4
eternal_sunshine_of_the_spotless_mind,https://www.reddit.com/r/movies/comments/195s51j/eternal_sunshine_of_the_spotless_mind,2024-01-13 23:52:32,chiefgareth,Very much a cover,7,3,17,4,0.26,0.26,4
eternal_sunshine_of_the_spotless_mind,https://www.reddit.com/r/movies/comments/195s51j/eternal_sunshine_of_the_spotless_mind,2024-01-14 00:07:13,Jrobmn,A 1981 single by The Korgis.,6,3,28,6,-0.07142857142857142,0.21428571428571427,4
eternal_sunshine_of_the_spotless_mind,https://www.reddit.com/r/movies/comments/195s51j/eternal_sunshine_of_the_spotless_mind,2024-01-14 00:11:53,Secular-Flesh,"Oh wow. Who knew?

This Entire Sub: “Everyone but you, dingbat!”

I just listened to the original. It’s lovely but I’m emotionally attached to the Beck version.",4,4,160,27,0.195,0.755,4
eternal_sunshine_of_the_spotless_mind,https://www.reddit.com/r/movies/comments/195s51j/eternal_sunshine_of_the_spotless_mind,2024-01-14 02:34:50,Jrobmn,They both have things to recommend them. But the Korgis had 20+ years to set the hook for me before Beck got there.,2,5,115,23,0.0,0.0,4
eternal_sunshine_of_the_spotless_mind,https://www.reddit.com/r/movies/comments/195s51j/eternal_sunshine_of_the_spotless_mind,2024-01-14 06:07:20,Mirthiferous,"""Constantly talking isn't necessarily communicating.""",91,1,53,5,0.0,0.6666666666666666,4
eternal_sunshine_of_the_spotless_mind,https://www.reddit.com/r/movies/comments/195s51j/eternal_sunshine_of_the_spotless_mind,2024-01-13 18:23:09,video-kid,"It's not the sort of film that has mass appeal. It's a romantic dramedy where the comic character is played by an actress best known for drama and the straight man is played by an actor best known for comedy. It has elements of science fiction, and psychological thriller, it was written by a guy best known for weird screenplays and directed by a guy best known for weird movies, and the majority of the movie is told backwards (apart from the parts which aren't). It subverts common romantic comedies because whereas usually they'll fight and bicker early on and then things stabilize, they fight and bicker as their relationship is dying and stabilize in the earlier days, but we still see it almost in the order we're used to.

However, it *is* a popular film among cinema buffs, to the point where it's often called one of the best movies of the 21st century, if not *the* best, and a part of that is things that'll go over a lot of people's heads, like how in the train scene the music only plays when Joel and Clem are talking. A lot of the details are also things that aren't shown on camera but a lot of film fans appreciate, like how Clem disappearing and appearing around Joel's apartment is done with secret tunnels and body doubles, or else there's really subtle moves like how at one point Clem has a missing leg but the main focus is the car dropping from the air in the background, or how a conversation will repeat with subtly different dialogue, or in the bookstore where you don't notice the covers are fading until most of them are blank.

Basically it's a film that's almost built for film fans, but a lot of casual viewers might not really get it. It's a film that almost requires a second viewing to really appreciate, and even some twenty viewings later I still find something new every time I watch it.",153,1,1827,334,0.1536271808999082,0.4137741046831956,4
eternal_sunshine_of_the_spotless_mind,https://www.reddit.com/r/movies/comments/195s51j/eternal_sunshine_of_the_spotless_mind,2024-01-13 18:30:55,Cool_Captain07,You have a great eye for details. I also noticed that library scene.,27,2,68,13,0.8,0.75,4
eternal_sunshine_of_the_spotless_mind,https://www.reddit.com/r/movies/comments/195s51j/eternal_sunshine_of_the_spotless_mind,2024-01-13 18:59:16,video-kid,"Again, I've seen this movie over twenty times. I have an Eternal Sunshine tattoo, and I wrote an essay on it in college when I was like 17 (College is 16-18 here). I also studied film at University so I just picked up on a lot of stuff, especially after repeated viewing. Again, though, the more you watch it the more you'll find new things, and it's probably the single most influential movies to my writing style (albeit I'm more focused on fiction than screenplays).",18,3,469,85,0.2949907235621521,0.5241187384044527,4
eternal_sunshine_of_the_spotless_mind,https://www.reddit.com/r/movies/comments/195s51j/eternal_sunshine_of_the_spotless_mind,2024-01-13 19:04:27,Cool_Captain07,"I heard about Michel Gondry after this movie on my research, he liked to play with layers on optical illusion more than animation.",2,4,130,23,0.55,0.65,4
eternal_sunshine_of_the_spotless_mind,https://www.reddit.com/r/movies/comments/195s51j/eternal_sunshine_of_the_spotless_mind,2024-10-29 19:20:14,Outside_Lavishness13,TWENTY TIMES? WHAT,2,4,18,3,0.0,0.0,4
eternal_sunshine_of_the_spotless_mind,https://www.reddit.com/r/movies/comments/195s51j/eternal_sunshine_of_the_spotless_mind,2024-12-09 19:57:43,aos-,I just finished watching this for the first time and needed to rewatch for the one-legged scene you mentioned. seriously did not notice!,3,2,136,23,-0.08333333333333331,0.5,4
eternal_sunshine_of_the_spotless_mind,https://www.reddit.com/r/movies/comments/195s51j/eternal_sunshine_of_the_spotless_mind,2024-01-13 16:47:33,neverfoil,It's pretty popular. People don't talk about it as much since it's 20 years old but I still hear it being referenced like once a week.,219,1,134,26,0.28750000000000003,0.5750000000000001,4
eternal_sunshine_of_the_spotless_mind,https://www.reddit.com/r/movies/comments/195s51j/eternal_sunshine_of_the_spotless_mind,2024-01-13 22:05:28,[deleted],Should have been the movie Kate Winslet won the Oscar for.,26,2,58,11,0.0,0.0,4
eternal_sunshine_of_the_spotless_mind,https://www.reddit.com/r/movies/comments/195s51j/eternal_sunshine_of_the_spotless_mind,2024-01-13 18:30:07,BeExcellentPartyOn,"People on /r/movies think that if there isn't a thread about a particular movie on this specific platform 3 times a week it's a hidden gem. That's why you get people constantly commenting on average movies that don't really need to be remembered forever like Dredd, Annihilation or Moon in every single thread.",52,2,310,53,-0.0030612244897959156,0.2770408163265306,4
eternal_sunshine_of_the_spotless_mind,https://www.reddit.com/r/movies/comments/195s51j/eternal_sunshine_of_the_spotless_mind,2024-01-13 18:47:18,ObviousIndependent76,Whoa. Moon is average??,12,3,23,4,-0.15,0.39999999999999997,4
eternal_sunshine_of_the_spotless_mind,https://www.reddit.com/r/movies/comments/195s51j/eternal_sunshine_of_the_spotless_mind,2024-01-13 19:08:31,BeExcellentPartyOn,"I think it's a decent, bit above average film similar to Dredd, but ultimately it's not a film that must stay in the zeitgeist forever like many people here want them to be is my point. It's fine for just good movies to come and go.",9,4,232,46,0.20416666666666666,0.5208333333333333,4
eternal_sunshine_of_the_spotless_mind,https://www.reddit.com/r/movies/comments/195s51j/eternal_sunshine_of_the_spotless_mind,2024-04-21 12:12:08,wolveslair,Whoa. Annihilation is average??,2,3,31,4,-0.15,0.39999999999999997,4
eternal_sunshine_of_the_spotless_mind,https://www.reddit.com/r/movies/comments/195s51j/eternal_sunshine_of_the_spotless_mind,2024-11-19 09:38:12,Zestyclose-Sir-851,Sadly should have been even better.,1,4,35,6,0.0,0.75,4
eternal_sunshine_of_the_spotless_mind,https://www.reddit.com/r/movies/comments/195s51j/eternal_sunshine_of_the_spotless_mind,2024-01-13 17:26:21,qtx,You need new friends then.,9,3,26,5,0.13636363636363635,0.45454545454545453,4
eternal_sunshine_of_the_spotless_mind,https://www.reddit.com/r/movies/comments/195s51j/eternal_sunshine_of_the_spotless_mind,2024-01-13 18:17:58,OwlOfC1nder,"&gt;but I still hear it being referenced like once a week.

Lol what?

Are you a student studying film or something? Or work in the industry?",-1,2,141,26,0.8,0.7,4
eternal_sunshine_of_the_spotless_mind,https://www.reddit.com/r/movies/comments/195s51j/eternal_sunshine_of_the_spotless_mind,2024-01-13 20:58:24,neverfoil,"I mean, it's been mentioned just on this sub nine times in the last 24 days.",25,3,76,16,-0.15625,0.3770833333333333,4
eternal_sunshine_of_the_spotless_mind,https://www.reddit.com/r/movies/comments/195s51j/eternal_sunshine_of_the_spotless_mind,2024-01-14 02:57:38,reubal,You think people working in film are running around talking about Eternal Sunshine all day?,2,3,91,15,0.0,0.0,4
eternal_sunshine_of_the_spotless_mind,https://www.reddit.com/r/movies/comments/195s51j/eternal_sunshine_of_the_spotless_mind,2024-01-14 10:32:36,OwlOfC1nder,No I don't but according th OP there is a place where people are so I'm just trying to figure it out,3,4,100,22,0.0,0.0,4
eternal_sunshine_of_the_spotless_mind,https://www.reddit.com/r/movies/comments/195s51j/eternal_sunshine_of_the_spotless_mind,2024-01-13 18:36:45,SimpleManc88,More popular? It’s considered one of the greatest of all time.,118,1,62,11,0.7000000000000001,0.7999999999999999,4
eternal_sunshine_of_the_spotless_mind,https://www.reddit.com/r/movies/comments/195s51j/eternal_sunshine_of_the_spotless_mind,2024-01-13 18:40:36,Cool_Captain07,Im a beginner myself and wasn’t aware of this.,30,2,46,9,0.25,0.25,4
eternal_sunshine_of_the_spotless_mind,https://www.reddit.com/r/movies/comments/195s51j/eternal_sunshine_of_the_spotless_mind,2024-01-13 19:06:51,SimpleManc88,"Don’t worry about it 🙂

It’s definitely in my top 5 favourites ever. I’d just gone through a bad breakup myself the first time I watched it and I identified with it so much. It’s a beautiful film. Jim Carrey is brilliant. 

Here’s a bit of trivia:

*In the 2017 Netflix documentary Jim &amp; Andy, Carrey mentions a conversation with Gondry one year before shooting began for Eternal Sunshine of the Spotless Mind, shortly after Carrey had a breakup with an unspecified woman. Gondry saw that Carrey's emotional state at the time was ""so beautiful, so broken"" that he asked him to stay that way for one year to fit the character. In the documentary, Carrey commented, ""That's how fucked up this business is.""*",43,3,709,124,0.15769230769230771,0.5346153846153847,4
eternal_sunshine_of_the_spotless_mind,https://www.reddit.com/r/movies/comments/195s51j/eternal_sunshine_of_the_spotless_mind,2024-04-04 01:13:10,-SwanGoose-,I mean dude. That's rough but 100% worth it. He literally created one of the best pieces of art to ever exist.. that's fucking worth dude,19,4,137,26,0.2375,0.3175,4
eternal_sunshine_of_the_spotless_mind,https://www.reddit.com/r/movies/comments/195s51j/eternal_sunshine_of_the_spotless_mind,2024-01-13 19:09:26,Cool_Captain07,“Its nice”,8,4,10,2,0.6,1.0,4
eternal_sunshine_of_the_spotless_mind,https://www.reddit.com/r/movies/comments/195s51j/eternal_sunshine_of_the_spotless_mind,2024-01-14 02:23:23,Phonejadaris,"Shitty r/movies poster click bait. ""Underrated"" ""more popular"" ""hidden gem"" are all phrases that need to be hard banned here",8,2,124,20,0.1604166666666667,0.56875,4
eternal_sunshine_of_the_spotless_mind,https://www.reddit.com/r/movies/comments/195s51j/eternal_sunshine_of_the_spotless_mind,2024-01-14 10:11:15,jonnemesis,I can't believe you're being downvoted for this,4,3,47,8,0.0,0.0,4
eternal_sunshine_of_the_spotless_mind,https://www.reddit.com/r/movies/comments/195s51j/eternal_sunshine_of_the_spotless_mind,2024-01-13 18:32:29,50R14,"I watched this movie in fall 2004 as my senior year of high school started. It literally changed my life and paved my path towards film journalism/criticism. It’s been about 8 years since I stopped writing about films, but every once in awhile, I get the itch when I rewatch Eternal Sunshine.",32,1,292,52,0.16,0.5399999999999999,4
eternal_sunshine_of_the_spotless_mind,https://www.reddit.com/r/movies/comments/195s51j/eternal_sunshine_of_the_spotless_mind,2024-01-13 18:39:06,Cool_Captain07,This movie inspired me to explore unpopular movies.,3,2,51,8,0.0,0.0,4
eternal_sunshine_of_the_spotless_mind,https://www.reddit.com/r/movies/comments/195s51j/eternal_sunshine_of_the_spotless_mind,2024-01-13 18:51:07,50R14,"I'd reframe that. Eternal Sunshine was a very popular movie when it came out, especially considering who it starred.

Reframe that towards ""exploring independent movies.""",22,3,170,25,0.26,0.7083333333333334,4
eternal_sunshine_of_the_spotless_mind,https://www.reddit.com/r/movies/comments/195s51j/eternal_sunshine_of_the_spotless_mind,2024-01-13 20:11:30,Tigerfluff23,"The whole damn thing was beautiful from start to finish, but its only in the last memory, as he says ""I ran back to the bonfire, I was trying to outrun my humiliation"" and saying ""I wish I had stayed"" Now as an adult, after having gone through what I have, I can't hear those words without hearing myself in them. Things left unspoken and broken. 

It truly is an amazing film and in my top 10 list still sits at the top.",34,1,421,83,0.21363636363636365,0.4606060606060606,4
eternal_sunshine_of_the_spotless_mind,https://www.reddit.com/r/movies/comments/195s51j/eternal_sunshine_of_the_spotless_mind,2024-01-14 04:57:56,mikeweasy,"""Please let me keep this memory, just this one""",39,1,47,9,0.0,0.0,4
eternal_sunshine_of_the_spotless_mind,https://www.reddit.com/r/movies/comments/195s51j/eternal_sunshine_of_the_spotless_mind,2024-12-31 05:05:49,SimpleSea2112,"Yeah. It reminds me of how relationships make up our best and worst memories, so he can't erase the worst without also erasing the best.",8,2,136,25,0.0,0.6499999999999999,4
eternal_sunshine_of_the_spotless_mind,https://www.reddit.com/r/movies/comments/195s51j/eternal_sunshine_of_the_spotless_mind,2024-01-13 17:41:36,insiboy,This has been my number one movie for years. The piano piece on the elephant parade is one of my favorites ever. Wish it had a longer version,58,1,141,28,-0.25,0.23333333333333334,4
eternal_sunshine_of_the_spotless_mind,https://www.reddit.com/r/movies/comments/195s51j/eternal_sunshine_of_the_spotless_mind,2024-01-13 18:14:59,macmann69,That’s my favorite scene also.  She states that she wants to be an elephant in her next life… always remember elephants never forget.  It’s a deep film….,51,2,153,27,0.175,0.375,4
eternal_sunshine_of_the_spotless_mind,https://www.reddit.com/r/movies/comments/195s51j/eternal_sunshine_of_the_spotless_mind,2024-01-13 19:23:05,thaddeus423,"Still, even now, this movie finds new ways to break my heart. 

An elephant never forgets, and she’s been forgetting the love of her life for her entire existence. 

I wonder if they knew, at some level? That they’d been here before. That they were just repeating history over and over again.",21,3,292,52,0.21212121212121213,0.5598484848484848,4
eternal_sunshine_of_the_spotless_mind,https://www.reddit.com/r/movies/comments/195s51j/eternal_sunshine_of_the_spotless_mind,2024-12-31 05:01:37,SimpleSea2112,"Isn't that how it always feels when you meet someone you really connect with? The feeling that you've been there before, over and over again.",4,4,141,25,0.2,0.2,4
eternal_sunshine_of_the_spotless_mind,https://www.reddit.com/r/movies/comments/195s51j/eternal_sunshine_of_the_spotless_mind,2025-02-09 02:18:51,BugsBunning,that’s what hurts most about this film. I honestly believe you can only truly appreciate how it represents romance if you have met someone and it feels like you’ve always known each other.,6,5,188,33,0.24375000000000002,0.69375,4
eternal_sunshine_of_the_spotless_mind,https://www.reddit.com/r/movies/comments/195s51j/eternal_sunshine_of_the_spotless_mind,2024-01-13 17:44:22,[deleted],Its subtle and simple. Wish to had some like this on new movies.,4,2,64,13,-0.06565656565656565,0.43722943722943725,4
eternal_sunshine_of_the_spotless_mind,https://www.reddit.com/r/movies/comments/195s51j/eternal_sunshine_of_the_spotless_mind,2024-01-13 21:06:46,infinitytomorrow,"&gt;  why isn’t this film more popular?

It’s extremely popular, you’re just 20 years late",27,1,90,15,0.35000000000000003,0.725,4
eternal_sunshine_of_the_spotless_mind,https://www.reddit.com/r/movies/comments/195s51j/eternal_sunshine_of_the_spotless_mind,2024-01-14 10:54:03,laowaixiabi,"""Sand is overrated... it's just tiny little rocks."" 


I know this movie by heart. The house and his first memory of her being deleted... and he wakes up back in his apartment to the first scene of the movie with that piano music playing.  


Ruins me everytime. 


So different from when he's remembering the first few terrible memories, where he's vitriolicly narrating how happy he is with the choice to delete her. 


He goes through all stages of grief, only to decide that not only was it still worth it, but to do it again. 


...and that's why I keep adopting dogs!",26,1,573,102,-0.027500000000000007,0.48000000000000004,4
eternal_sunshine_of_the_spotless_mind,https://www.reddit.com/r/movies/comments/195s51j/eternal_sunshine_of_the_spotless_mind,2024-10-16 20:58:26,Artpunk00,"Now that you mention dogs, there's a scene at the reception of the mind-erasing company in which an old woman is crying carrying her presumambly dead dog, to get her memories of it erased. Hit hard when I saw that.",12,2,214,40,-0.1479166666666667,0.4354166666666667,4
eternal_sunshine_of_the_spotless_mind,https://www.reddit.com/r/movies/comments/195s51j/eternal_sunshine_of_the_spotless_mind,2024-10-17 03:34:14,laowaixiabi,"Wasn't expecting a reply to a 9 month old comment but here we are!


Not the dead dog itself, but yes, pictures of the dog, and all of the dog's paraphernalia- toys, food bowl etc.",7,3,180,35,-0.037500000000000006,0.30000000000000004,4
eternal_sunshine_of_the_spotless_mind,https://www.reddit.com/r/movies/comments/195s51j/eternal_sunshine_of_the_spotless_mind,2024-01-13 17:09:11,ticklemesatan,"Can’t watch anymore, too close to home.",49,1,39,7,0.0,0.0,4
eternal_sunshine_of_the_spotless_mind,https://www.reddit.com/r/movies/comments/195s51j/eternal_sunshine_of_the_spotless_mind,2024-01-14 01:23:09,ootant,"""Meet me in montauk""....I love this movie",24,1,41,7,0.5,0.6,4
eternal_sunshine_of_the_spotless_mind,https://www.reddit.com/r/movies/comments/195s51j/eternal_sunshine_of_the_spotless_mind,2024-07-22 06:34:57,sevenradicals,"my favorite line of the movie, and the direction of the scene of her saying it, and how it comes full circle to the beginning of the movie, so perfect",13,2,150,30,0.6166666666666667,0.85,4
eternal_sunshine_of_the_spotless_mind,https://www.reddit.com/r/movies/comments/195s51j/eternal_sunshine_of_the_spotless_mind,2024-01-13 17:03:13,[deleted],The best love movie.,20,1,20,4,0.75,0.44999999999999996,4
eternal_sunshine_of_the_spotless_mind,https://www.reddit.com/r/movies/comments/195s51j/eternal_sunshine_of_the_spotless_mind,2024-01-13 22:40:51,RedShoesTribute,"It’s mainly because of the writer Charlie Kaufman. He’s one of the best writers of the past 25 years.

Check out Being John Malkovich and Adaptation as well written by him",19,1,171,31,0.3055555555555556,0.29444444444444445,4
eternal_sunshine_of_the_spotless_mind,https://www.reddit.com/r/movies/comments/195s51j/eternal_sunshine_of_the_spotless_mind,2024-01-13 19:47:28,LLDN,"I will say it has over [2M logged views on Letterboxd](https://boxd.it/6YK)  and an average rating of 4.2 so I would argue it actually is fairly popular and very well received. Since it sounds like you are new to movies, it could just be that it’s from a decade or genres you are less familiar with. Would encourage you to check out other Michel Gondry if you like his style and more Charlie Kaufman if you liked the wild nature of the story.",16,1,442,82,0.20696969696969697,0.4696212121212122,4
eternal_sunshine_of_the_spotless_mind,https://www.reddit.com/r/movies/comments/195s51j/eternal_sunshine_of_the_spotless_mind,2024-01-13 17:56:21,pondslider,"What if you stayed this time?

I walked out the door, there’s no memory left

Come back and make up a goodbye at least. Let’s pretend we had one. Bye Joel.",49,1,155,31,-0.09999999999999999,0.13333333333333333,4
eternal_sunshine_of_the_spotless_mind,https://www.reddit.com/r/movies/comments/195s51j/eternal_sunshine_of_the_spotless_mind,2024-01-13 17:59:15,Cool_Captain07,I prefer this kate over titanic,19,2,31,6,0.0,0.0,4
eternal_sunshine_of_the_spotless_mind,https://www.reddit.com/r/movies/comments/195s51j/eternal_sunshine_of_the_spotless_mind,2024-01-13 18:28:44,vinsmokewhoswho,"One of my absolute favorites. I watch it every year. It's funny, it's heartfelt, it's heartbreaking.",16,1,100,16,0.15,0.9666666666666667,4
eternal_sunshine_of_the_spotless_mind,https://www.reddit.com/r/movies/comments/195s51j/eternal_sunshine_of_the_spotless_mind,2024-01-13 18:35:46,Cool_Captain07,I’m glad I followed my instincts and watched it without overthinking.,4,2,69,11,0.5,1.0,4
eternal_sunshine_of_the_spotless_mind,https://www.reddit.com/r/movies/comments/195s51j/eternal_sunshine_of_the_spotless_mind,2024-01-13 16:49:43,fartsmellsbad,I watch it every month or so,29,1,28,7,0.0,0.0,4
eternal_sunshine_of_the_spotless_mind,https://www.reddit.com/r/movies/comments/195s51j/eternal_sunshine_of_the_spotless_mind,2024-01-13 19:44:29,rollerskateginny,Are you doing ok,31,2,16,4,0.5,0.5,4
eternal_sunshine_of_the_spotless_mind,https://www.reddit.com/r/movies/comments/195s51j/eternal_sunshine_of_the_spotless_mind,2024-01-13 19:45:16,fartsmellsbad,No :),49,3,5,2,0.5,1.0,4
eternal_sunshine_of_the_spotless_mind,https://www.reddit.com/r/movies/comments/195s51j/eternal_sunshine_of_the_spotless_mind,2024-01-13 16:54:52,Cool_Captain07,"I completely agree; it’s a movie worthy of repeated viewing. However, my regret is that this film isn’t as widely popular as other mediocre romantic or sci-fi movies.",12,2,166,28,0.06805555555555554,0.6958333333333333,4
eternal_sunshine_of_the_spotless_mind,https://www.reddit.com/r/movies/comments/195s51j/eternal_sunshine_of_the_spotless_mind,2024-01-13 17:01:00,fartsmellsbad,It is popular among cinephiles for sure,17,3,39,7,0.55,0.8944444444444444,4
eternal_sunshine_of_the_spotless_mind,https://www.reddit.com/r/movies/comments/195s51j/eternal_sunshine_of_the_spotless_mind,2024-01-13 17:03:38,Cool_Captain07,Im a beginner.,4,4,14,3,0.0,0.0,4
eternal_sunshine_of_the_spotless_mind,https://www.reddit.com/r/movies/comments/195s51j/eternal_sunshine_of_the_spotless_mind,2024-01-14 02:26:23,Phonejadaris,And that excuses you to say things that are flat out wrong?,1,5,59,12,-0.2625,0.5125,4
eternal_sunshine_of_the_spotless_mind,https://www.reddit.com/r/movies/comments/195s51j/eternal_sunshine_of_the_spotless_mind,2024-01-14 09:32:57,[deleted],"What is wrong with being a beginner ? You should wrap your sad ass and shit somewhere else, prick. Don’t make this sub a bitch place.",2,6,133,26,-0.39999999999999997,0.9,4
eternal_sunshine_of_the_spotless_mind,https://www.reddit.com/r/movies/comments/195s51j/eternal_sunshine_of_the_spotless_mind,2024-01-13 16:59:06,teebalicious,"Because the promotional art says “A smart, sexy, and seriously funny comedy - Peter Travers, Rolling Stone” on it? Heh.

But seriously. That’s how little the studio trusted people to watch Jim Carrey in a dramatic role, even after The Truman Show. Wild.",30,1,253,43,0.015731292517006806,0.6870748299319728,4
eternal_sunshine_of_the_spotless_mind,https://www.reddit.com/r/movies/comments/195s51j/eternal_sunshine_of_the_spotless_mind,2024-01-13 17:21:27,[deleted],"Oh yeah, one of Jim’s most hilarious movies! Studio was spot on.",9,2,64,12,0.5625,0.75,4
eternal_sunshine_of_the_spotless_mind,https://www.reddit.com/r/movies/comments/195s51j/eternal_sunshine_of_the_spotless_mind,2024-01-13 18:59:37,bambinoquinn,I avoided watching it for years because I didn't think i could handle what I thought the plot was going to be. Just thought it was gonna break me. Eventually watched it 3 years ago and absolutely adored it. I think I sang 'Everybody's gotta learn sometimes' around the house for a week,13,1,285,53,0.2,0.9,4
eternal_sunshine_of_the_spotless_mind,https://www.reddit.com/r/movies/comments/195s51j/eternal_sunshine_of_the_spotless_mind,2024-01-14 04:50:53,Expensive-Sentence66,"The film is often listed under romance, but it not. Its pure science fiction thats loosely wrapped in a kinda romance. 


Its also compelling sci fi because this kind of tech is being used right now by AI to read minds. The next step is altering memories. Got money? I'm sure a doctor will happily erase a bad memory for a price. They do botox.


The story itself is superb. Its like an unraveling dream that loops on itself and the practical effects are ingenious. This is by far my favorite roll for Jim Carry. I wish he had done more like it. 


I was never totally enthused about Kate Winslet. She's a great actress, but just seemed a bit mis cast. I guess what I'm saying is Joel needed a little better target to make it worth it in terms of the anguish of her loss. I would have gotten over her in a day. My only nit.


Best part of the film is the end. Most films like this would end on an art house note and be ambiguous or weird before the end credits. Instead Kaufman made the bolder move and left the characters with a sense of hope and positive inevitability. One of my fav films of all time. ",12,1,1105,213,0.28651398601398603,0.6322382062382063,4
eternal_sunshine_of_the_spotless_mind,https://www.reddit.com/r/movies/comments/195s51j/eternal_sunshine_of_the_spotless_mind,2024-07-22 06:37:30,sevenradicals,"&gt; but just seemed a bit mis cast

I walked away thinking that role couldn't have been played better by anyone else on the planet",12,2,131,25,0.5,0.5,4
eternal_sunshine_of_the_spotless_mind,https://www.reddit.com/r/movies/comments/195s51j/eternal_sunshine_of_the_spotless_mind,2024-12-30 06:12:37,World71Racer,"Kate Winslet being a predominantly-dramatic actress playing a happy-go-lucky 20-something woman, who has a beautiful, albeit deeply-flawed love to herself, is such a compelling combination. She and Jim Carrey have beautiful chemistry in those scenes where they are realizing what they are doing to their memories, where you start to really feel their connection that builds to the scene where the house comes crumbling down. No two actors could've sold that better than them.",4,3,475,74,0.3805555555555556,0.5861111111111111,4
eternal_sunshine_of_the_spotless_mind,https://www.reddit.com/r/movies/comments/195s51j/eternal_sunshine_of_the_spotless_mind,2024-01-14 05:26:21,Cool_Captain07,"Ending with positivity makes this my fav. 

Happy cake day buddy.",5,2,65,11,0.8,1.0,4
eternal_sunshine_of_the_spotless_mind,https://www.reddit.com/r/movies/comments/195s51j/eternal_sunshine_of_the_spotless_mind,2024-01-13 20:18:15,grokabilly,It’s my favorite movie ever,11,1,27,5,0.5,1.0,4
eternal_sunshine_of_the_spotless_mind,https://www.reddit.com/r/movies/comments/195s51j/eternal_sunshine_of_the_spotless_mind,2024-01-14 00:20:40,Saturn_Ascension,"Were you able to watch the making of and behind the scenes stuff?    All of those special effects are practical and done 'in camera.'    The forced perspective stuff when 'young Joel' is under the table, hidden doors and short sprints when he's chasing her through the kitchen and out the apartment and even when people/things start to blur and fade as the memories are torn away...    It's well worth watching and I've found just makes the movie all the better on a rewatch.",11,1,475,83,0.09894179894179894,0.4144179894179894,4
eternal_sunshine_of_the_spotless_mind,https://www.reddit.com/r/movies/comments/195s51j/eternal_sunshine_of_the_spotless_mind,2024-01-16 02:02:43,Brunch_Hopkins,"Some other movies you might like that I think are a little bit *Eternal Sunshine* coded: 

*Her (2013)* 

*Fingernails (2023)* 

*Lars and the Real Girl (2007)*

*Im Thinking of Ending Things (2020)*

*Nine Days (2020)*",10,1,219,35,-0.0375,0.39166666666666666,4
eternal_sunshine_of_the_spotless_mind,https://www.reddit.com/r/movies/comments/195s51j/eternal_sunshine_of_the_spotless_mind,2024-01-16 05:12:56,Cool_Captain07,Thanks buddy,2,2,12,2,0.2,0.2,4
eternal_sunshine_of_the_spotless_mind,https://www.reddit.com/r/movies/comments/195s51j/eternal_sunshine_of_the_spotless_mind,2024-11-19 09:47:29,Zestyclose-Sir-851,Nine Days is astounding. I’m teaching ESOTSM now and Nine Days at the end of the semester.,1,2,90,17,0.6,1.0,4
eternal_sunshine_of_the_spotless_mind,https://www.reddit.com/r/movies/comments/195s51j/eternal_sunshine_of_the_spotless_mind,2025-04-21 04:27:20,Pomegranate_Planet01,"Fun fact for those who don't know, *I'm Thinking of Ending Things* is actually directed by Charlie Kaufman!",1,2,107,18,0.15,0.15000000000000002,4
eternal_sunshine_of_the_spotless_mind,https://www.reddit.com/r/movies/comments/195s51j/eternal_sunshine_of_the_spotless_mind,2024-01-13 18:46:40,ObviousIndependent76,"Focus Features botched the marketing, badly. They dumped it in March (It's a testament to its greatness that Kaufman won an screenplay Oscar almost a year later.) Focus didn't know what they had or how to sell it. 



It is absolutely perfect. It's often #1 on all-time list. It has so much to say about relationships and forgiveness and what draws us together, but done in a way that hasn't been done before.

  
It's in the IMDb Top 100 and is very highly regarded by those who know it. It will be a movie that people talk about 50 years from now.",18,1,549,102,0.20133333333333336,0.5114444444444444,4
eternal_sunshine_of_the_spotless_mind,https://www.reddit.com/r/movies/comments/195s51j/eternal_sunshine_of_the_spotless_mind,2024-01-13 22:06:31,[deleted],March 2004. Not April.,3,2,22,4,0.0,0.0,4
eternal_sunshine_of_the_spotless_mind,https://www.reddit.com/r/movies/comments/195s51j/eternal_sunshine_of_the_spotless_mind,2024-01-14 04:31:12,ObviousIndependent76,Corrected…and that’s worse.,2,3,27,3,-0.4,0.6,4
eternal_sunshine_of_the_spotless_mind,https://www.reddit.com/r/movies/comments/195s51j/eternal_sunshine_of_the_spotless_mind,2024-01-13 18:57:46,Cool_Captain07,The detailing on this movie is outstanding. It will be certainly discussed in the future.,2,2,89,15,0.2380952380952381,0.5238095238095238,4
eternal_sunshine_of_the_spotless_mind,https://www.reddit.com/r/movies/comments/195s51j/eternal_sunshine_of_the_spotless_mind,2024-01-13 21:38:21,superredditer6900,"i literally just watched it, loved it, joined the reddit just to see if somebody else thought it was as fantastic as i thought. what a coincidence you watched just 5 hours before me...",8,1,184,34,0.55,0.8500000000000001,4
eternal_sunshine_of_the_spotless_mind,https://www.reddit.com/r/movies/comments/195s51j/eternal_sunshine_of_the_spotless_mind,2024-01-14 04:04:45,Cool_Captain07,"I too thought like that, and made a post.",3,2,41,9,0.0,0.0,4
eternal_sunshine_of_the_spotless_mind,https://www.reddit.com/r/movies/comments/195s51j/eternal_sunshine_of_the_spotless_mind,2024-01-13 22:08:16,[deleted],"My favorite Valentine's Day movie. 

Early Ruffalo. A preview of who Kirsten Dunst would become today as an actress. Winslet's best role. Carey's best role. Quintessential NYC movie. Absolute classic. 

What's Michel Gondry been up to lately?",9,1,242,37,0.380952380952381,0.5095238095238096,4
eternal_sunshine_of_the_spotless_mind,https://www.reddit.com/r/movies/comments/195s51j/eternal_sunshine_of_the_spotless_mind,2024-04-21 19:29:54,kevinsharp808,the scene in the rain when joel was a kid makes me cry in the best way possible. the music + a pause in the romantic storyline for a moment to witness joel reliving a happy experience is so amazing im getting choked up thinking about it,8,1,236,47,0.4800000000000001,0.74,4
eternal_sunshine_of_the_spotless_mind,https://www.reddit.com/r/movies/comments/195s51j/eternal_sunshine_of_the_spotless_mind,2024-01-13 17:06:55,Pretend-Window-5376,Beautiful film. I think it isn’t more popular because the ending is a bit melancholy.,26,1,85,15,0.65,0.7999999999999999,4
eternal_sunshine_of_the_spotless_mind,https://www.reddit.com/r/movies/comments/195s51j/eternal_sunshine_of_the_spotless_mind,2024-01-14 14:14:11,bjankles,"Depends on how you interpret it. You could see it as they’re doomed to repeat the mistakes of their past. You could also see it as there’s something there that will never go away and this experience has made them ready to embrace that despite the flaws they both bring. 

I prefer the latter. I think that’s the weight of Joel’s “Okay.” The single word accepting Clementine for who she is this time and not who he wanted her to be last time.",34,2,441,83,0.0630952380952381,0.25515873015873014,4
eternal_sunshine_of_the_spotless_mind,https://www.reddit.com/r/movies/comments/195s51j/eternal_sunshine_of_the_spotless_mind,2024-01-15 00:50:06,Pretend-Window-5376,"Oh absolutely. I actually think it’s an optimistic ending. But it’s not optimistic in that “Love, Actually” way that’s easy to get.",11,3,131,22,0.23333333333333334,0.4083333333333333,4
eternal_sunshine_of_the_spotless_mind,https://www.reddit.com/r/movies/comments/195s51j/eternal_sunshine_of_the_spotless_mind,2024-05-09 15:44:56,tiggyqt,"I need to watch this movie again. I remember my first impression of the ending was optimistic too, with hopeless ideals thrown away and nothing but realism left after the fact.",3,3,176,31,0.125,0.16666666666666666,4
eternal_sunshine_of_the_spotless_mind,https://www.reddit.com/r/movies/comments/195s51j/eternal_sunshine_of_the_spotless_mind,2024-01-13 17:23:28,[deleted],I liked the cold tone.,5,2,22,5,0.0,0.9,4
eternal_sunshine_of_the_spotless_mind,https://www.reddit.com/r/movies/comments/195s51j/eternal_sunshine_of_the_spotless_mind,2025-05-21 08:01:16,Any-Ad-4948,"I saw it as maybe we're doomed to repeat the same mistakes and it won't work out. But ""okay"" I accept that and I'm willing to try again bc at least I get to be with you longer. The good moments will be just as real as the bad. It's like an optimistic acceptance",1,2,261,54,0.09285714285714286,0.47738095238095235,4
eternal_sunshine_of_the_spotless_mind,https://www.reddit.com/r/movies/comments/195s51j/eternal_sunshine_of_the_spotless_mind,2024-01-13 21:51:54,ioweej,Its going to become popular again soon. Ariana Grande is rumored to have titled her upcoming album 'Eternal Sunshine'. She also had the coordinates for Montauk in the promo trailer for her newest video.,12,1,202,34,0.6,0.9,4
eternal_sunshine_of_the_spotless_mind,https://www.reddit.com/r/movies/comments/195s51j/eternal_sunshine_of_the_spotless_mind,2024-03-12 06:38:50,jasey-rae,Annnd that's why I'm here 58 days later. 🙋🏽‍♀️ I think I read that the views for the movie doubled on Vudu since the release of the album.,3,2,138,28,0.0,0.0,4
eternal_sunshine_of_the_spotless_mind,https://www.reddit.com/r/movies/comments/195s51j/eternal_sunshine_of_the_spotless_mind,2024-03-12 06:44:39,ioweej,lol. Welcome!,1,3,13,2,0.9,0.8,4
eternal_sunshine_of_the_spotless_mind,https://www.reddit.com/r/movies/comments/195s51j/eternal_sunshine_of_the_spotless_mind,2024-01-13 17:11:00,kimchi4prez,"Oh man, Baader-Meinhof phenomon going crazy right now. Been telling my buddy, that just broke up with an SO who he'd been with for 10+ years, to watch this since he said he basically wanted that procedure. He still hasn't watched it so I was going to buy it for him

On Amazon, we're looking at $10 - $15 for both Blu ray and DVD. Definitely not bargain bin yet which may be an indicator of popularity

I also think it's not very meme able or quoteable seeing as it's a sci-fi love story. One of my all time favorites but it's the thought-provoking while relatable plot and incredible acting that draws me in rather than any single quote or a meme",19,1,647,122,0.18142857142857144,0.4875,4
eternal_sunshine_of_the_spotless_mind,https://www.reddit.com/r/movies/comments/195s51j/eternal_sunshine_of_the_spotless_mind,2024-01-13 20:50:47,mattnogames,"Patrriiiiiccckkk, baaabbby boy",15,2,30,3,0.0,0.0,4
eternal_sunshine_of_the_spotless_mind,https://www.reddit.com/r/movies/comments/195s51j/eternal_sunshine_of_the_spotless_mind,2024-01-13 17:13:24,Cool_Captain07,"Thanks buddy, now i learned the reason.",3,2,39,7,0.2,0.2,4
eternal_sunshine_of_the_spotless_mind,https://www.reddit.com/r/movies/comments/195s51j/eternal_sunshine_of_the_spotless_mind,2024-11-19 09:46:13,Zestyclose-Sir-851,"Geeky I know, but I have that tee shirt. ;)",1,2,43,10,0.25,1.0,2
eternal_sunshine_of_the_spotless_mind,https://www.reddit.com/r/movies/comments/195s51j/eternal_sunshine_of_the_spotless_mind,2024-01-13 20:21:20,mavis___beacon,My favorite movie. Truly heartfelt and creative.,5,1,48,7,0.3333333333333333,1.0,4
eternal_sunshine_of_the_spotless_mind,https://www.reddit.com/r/movies/comments/195s51j/eternal_sunshine_of_the_spotless_mind,2024-01-13 22:46:43,Jaives,you also have to remember that a lot of the effects were practical,4,1,66,13,0.0,0.0,4
eternal_sunshine_of_the_spotless_mind,https://www.reddit.com/r/movies/comments/195s51j/eternal_sunshine_of_the_spotless_mind,2024-01-14 04:12:49,Cool_Captain07,"Im fascinated by that, how they disappeared from the frame without cg?",3,2,70,12,0.0,0.0,4
eternal_sunshine_of_the_spotless_mind,https://www.reddit.com/r/movies/comments/195s51j/eternal_sunshine_of_the_spotless_mind,2024-01-14 05:06:14,Jaives,"there's a bit of CGI in some of them but they do practical when they can.  


here's corridor crew with some BTS: [https://www.youtube.com/watch?v=MSGIcB0CqaQ](https://www.youtube.com/watch?v=MSGIcB0CqaQ)  


there's that scene near the end where the camera is spinning and we see two different jim carreys. Jim is just running behind the camera, changing costumes.",6,3,365,50,-0.2625,0.675,4
eternal_sunshine_of_the_spotless_mind,https://www.reddit.com/r/movies/comments/195s51j/eternal_sunshine_of_the_spotless_mind,2024-01-14 05:22:57,Cool_Captain07,Thank you for sharing this clever making.,2,4,41,7,0.16666666666666666,0.8333333333333334,4
eternal_sunshine_of_the_spotless_mind,https://www.reddit.com/r/movies/comments/195s51j/eternal_sunshine_of_the_spotless_mind,2024-01-14 02:04:17,jagedlion,"I had first seen snippets of this on an airplane so when my roommates were looking for a movie, I thought we could watch it.

We had just installed a new surround sound system. But we made a mistake, we only had 4 speakers and a sub, but set it to 5.1 sound.  Some of you might know what happens now.


Well, let me tell you, it was AMAZING. We watched for probably half an hour wondering why they chose that each character would only have the orchestra serve as their voice. But it totally worked. Having only seen later scenes, I didn't notice anything was amiss until I recognized that I had seen a part before, and it certainly had voices.

In 5.1 sound, voices of the character in focus come through the 5th speaker, the one we were missing. So with our 4 speakers, we only got the environment and non-target character voices on occasion.

Really changed my appreciation for how much the music adds to our emotional connections to characters, but as a result, I love their little flirtation in the beginning.",6,1,1013,185,0.1373241341991342,0.5287987012987012,4
eternal_sunshine_of_the_spotless_mind,https://www.reddit.com/r/movies/comments/195s51j/eternal_sunshine_of_the_spotless_mind,2024-01-13 20:34:36,[deleted],This movie breaks me in a new way everytime I watch it,4,1,54,12,0.13636363636363635,0.45454545454545453,4
eternal_sunshine_of_the_spotless_mind,https://www.reddit.com/r/movies/comments/195s51j/eternal_sunshine_of_the_spotless_mind,2024-01-14 02:16:02,Unevenscore42,It hits different watching it the second time.,4,1,46,8,0.0,0.3,4
eternal_sunshine_of_the_spotless_mind,https://www.reddit.com/r/movies/comments/195s51j/eternal_sunshine_of_the_spotless_mind,2024-11-23 06:14:12,indexring,"Just rewatched for the second time after many years— and I am breathless! I am so stirred with so many emotions. It’s beautiful but mostly so, so sad. Although the film ends on a hopeful note, the film is almost entirely a tragedy unfolded and the thoughts it brought up for me while watching is insane!",2,2,303,56,0.06785714285714287,0.6607142857142857,4
eternal_sunshine_of_the_spotless_mind,https://www.reddit.com/r/movies/comments/195s51j/eternal_sunshine_of_the_spotless_mind,2024-01-29 19:52:12,beatricelaus,"I think this is my favorite movie ever. It has everything and I don’t know why but it just lights up my brain and makes me go dumb with awe…the soundtrack, the pure and utter fucking heartbreak and how it can be relatable to almost anyone. 

My mum had a pretty tumultuous history with men while I was growing up. After every breakup, she and I would watch this movie, and I’d gain a new insight every time — a little older, a little wiser. I’d lost my first major friendship, or stopped talking with my first love, and still I could find so much comfort in this movie. It reminds me that to love is never a waste, that if there ever was the option to erase any of that pain from my mind, I’d regret it. That everyone should cherish it because it existed at some point. 

Hoping to get a tattoo of something Eternal Sunshine-ey for my birthday in May. Don’t really have any concrete ideas so just wracking my brain right now sadly.",4,1,931,177,0.09121572871572872,0.53286951144094,4
eternal_sunshine_of_the_spotless_mind,https://www.reddit.com/r/movies/comments/195s51j/eternal_sunshine_of_the_spotless_mind,2024-01-30 03:17:31,Cool_Captain07,Is it may 7th ?,2,2,15,5,0.0,0.0,4
eternal_sunshine_of_the_spotless_mind,https://www.reddit.com/r/movies/comments/195s51j/eternal_sunshine_of_the_spotless_mind,2024-01-30 14:44:47,beatricelaus,May 12th!,2,3,9,2,0.0,0.0,4
eternal_sunshine_of_the_spotless_mind,https://www.reddit.com/r/movies/comments/195s51j/eternal_sunshine_of_the_spotless_mind,2024-09-30 07:21:36,Realistic_Stage2739,"I've seen it dozens of times, love it. Watched it with my wife on Saturday and noticed something awesome, maybe obvious but I never picked it up.

Towards the end, he and Clem are in his apartment and he offers her a drink. She asks for whisky and that's OK cos he's got some.

He comes back all disappointed because he thought he had more than the sliver he poured her.

The whisky was Clem's and he had forgotten that she had drunk it.

Such a small cleverly placed detail, I almost want to watch it again.",5,1,508,97,0.10555555555555557,0.548611111111111,4
eternal_sunshine_of_the_spotless_mind,https://www.reddit.com/r/movies/comments/195s51j/eternal_sunshine_of_the_spotless_mind,2024-12-27 21:33:11,TheGreatMalagan,Wasn't it the memory delete guys (Mary and her boyfriend) who drank all of his alcohol while he was unconscious?,7,2,112,20,0.0,0.0,4
eternal_sunshine_of_the_spotless_mind,https://www.reddit.com/r/movies/comments/195s51j/eternal_sunshine_of_the_spotless_mind,2025-02-24 18:23:50,jameskreisler12,Yes,1,3,3,1,0.0,0.0,4
eternal_sunshine_of_the_spotless_mind,https://www.reddit.com/r/movies/comments/195s51j/eternal_sunshine_of_the_spotless_mind,2024-01-13 19:51:13,[deleted],"It’s the #1 movie on IMDb for 2004, but that’s exactly it: it’s 20 years old. It’s like saying why don’t people talk about City of God anymore (which you should see if you haven’t although not similar to ESOTSM at all).

Also, meet me in montauk…",3,1,246,47,0.11666666666666665,0.2833333333333334,4
eternal_sunshine_of_the_spotless_mind,https://www.reddit.com/r/movies/comments/195s51j/eternal_sunshine_of_the_spotless_mind,2024-01-13 20:07:51,joshuawakefield,Remember seeing it in theatres. A school mate of mine went with his mom and we had a couple minutes to chat before the lights went down. He passed away from stomach cancer two weeks after at the age of 16.,3,1,205,41,-0.15555555555555559,0.2888888888888889,4
eternal_sunshine_of_the_spotless_mind,https://www.reddit.com/r/movies/comments/195s51j/eternal_sunshine_of_the_spotless_mind,2024-11-19 09:49:24,Zestyclose-Sir-851,I’m so sorry.,1,2,13,3,-0.5,1.0,4
eternal_sunshine_of_the_spotless_mind,https://www.reddit.com/r/movies/comments/195s51j/eternal_sunshine_of_the_spotless_mind,2024-01-13 20:29:12,piece0fdebri,Watched this when it came out like a week after breaking up with a long time girlfriend. Was devastating haha. Ended up telling her about it and she watched it and agreed. Great movie.,3,1,184,34,-0.012500000000000011,0.6125,4
eternal_sunshine_of_the_spotless_mind,https://www.reddit.com/r/movies/comments/195s51j/eternal_sunshine_of_the_spotless_mind,2024-01-13 21:10:14,schwengy,"One of my favourite films of all time. I absolutely love this movie, it cemented Michel Gondry as one of my fav directors as well. 

Although, when it came out I was working at a video store so I recommended it to everybody.
Sadly, not everyone agreed. One guy came back and complained to my manager exclaiming “Are you on drugs?!” Some people just have a hard time with different ideas or perspectives. It’s quite sad.",3,1,419,76,-0.05952380952380953,0.5630952380952381,4
eternal_sunshine_of_the_spotless_mind,https://www.reddit.com/r/movies/comments/195s51j/eternal_sunshine_of_the_spotless_mind,2024-01-13 21:29:39,Browserof,"It’s my favorite movie and it isn’t really close. Every time I watch it I get a something new from it. It’s truly perfect. Also, a lot of credit is given to Jim Carrey for his amazing performance, but Kate Winslet was just so, so good.",3,1,235,46,0.5227272727272728,0.6924242424242424,4
eternal_sunshine_of_the_spotless_mind,https://www.reddit.com/r/movies/comments/195s51j/eternal_sunshine_of_the_spotless_mind,2024-01-14 00:10:08,DJG513,"I’ll listen to parts of the score occasionally for some beautiful sad nostalgia feelings because of how they tie to moments in the movie. Like these:

[Phone call](https://open.spotify.com/track/7LYeytL8R2fuqnsW1s0k86?si=Gi9bX_qAR4-ptdY4-9sHIA)

[Peer pressure](https://open.spotify.com/track/6zqK3fE8uCRLpZLUj9VGci?si=f1jdxK7gTKKQxojQPS0AiA)

[Elephant parade](https://open.spotify.com/track/2b40pJq5O9M2SPFwFrblqC?si=6wF5H9WhTF2c12Pw76OtlQ)",3,1,442,32,0.11666666666666665,0.7083333333333334,4
eternal_sunshine_of_the_spotless_mind,https://www.reddit.com/r/movies/comments/195s51j/eternal_sunshine_of_the_spotless_mind,2024-01-14 00:17:26,Edorcie,"Not old enough to see it when it came out, but just my luck there was a special screening last year. The bad part was I was going through a break up, and unsurprisingly cried the whole way through lol. At least i got to see it on the big screen, so beautiful",3,1,258,53,0.11571428571428574,0.46047619047619043,4
eternal_sunshine_of_the_spotless_mind,https://www.reddit.com/r/movies/comments/195s51j/eternal_sunshine_of_the_spotless_mind,2024-03-15 05:15:22,Spiritual-Army4337,"This movie is an unappreciated gem.
 Never understood why the director was not nominated for an Oscar, or Kate for that matter. The scenes I still remember 1. when he realizes what's going on and gets desperate because he doesnt want all the memories of her to be erased,and says ""just let me keep this one"", 2. ""This is it, Joel. It'll soon be gone"" which talks about their story but also about what happens with passion, and -sometimes- love, so lets enjoy it while we have it. 3. the ""ok"" at the end..",3,1,504,94,0.2,0.65,4
eternal_sunshine_of_the_spotless_mind,https://www.reddit.com/r/movies/comments/195s51j/eternal_sunshine_of_the_spotless_mind,2024-03-15 11:01:57,Downtown_Candy_4620,Ariana Grande is here to make the newer generations know of this movie,3,1,70,13,0.0,0.0,2
eternal_sunshine_of_the_spotless_mind,https://www.reddit.com/r/movies/comments/195s51j/eternal_sunshine_of_the_spotless_mind,2025-02-15 13:10:03,No-Suspect-5323,"Bit late here - I loved the movie I thought it was Jim Carrey's best performance and honestly I think he should've done more movies like this to solidify him as one of the greatest of our time. The one thing that I can't stand about the movie is the whole thing with Stan, Patrick and Mary. They are alright for minor side characters but I think they had way too much screen time and they are the reason I dread watching this film (and the fact it leaves me depressed) I think the whole dancing sequence over Joel being asleep is pointless and ruins the vibes - one moment its depressing watching all of the memories being erased and then boom pointless interactions that are boring. Towards the end it gets a bit better with the whole scandal with the doctor but I still hate it. The whole dream/memory sequence throughout the film is so beautifully made and it feels as if the scenes in Joels appartment were made purposely bad. Someone tell me I'm not crazy for thinking this.",3,1,979,181,0.10681818181818187,0.5984848484848486,4
eternal_sunshine_of_the_spotless_mind,https://www.reddit.com/r/movies/comments/195s51j/eternal_sunshine_of_the_spotless_mind,2025-05-02 21:48:50,SMG_ohdaughter,"Holy shit I asked chat gpt to recommend me a movie based on what he know about me and recommend this and whatatattatatgreueueud7duud

God damn this is a good movie I talked to him about it for like an hour .... yeah I know I need friends but I also needed this movie this was good I have a lot of attention for details in things I watch as I use that to keep focusing on it... I know that doesn't make sense but I feel like from the first watch through I got it and I loved it....


Damn wow just damn",3,1,501,103,0.375,0.688888888888889,4
eternal_sunshine_of_the_spotless_mind,https://www.reddit.com/r/movies/comments/195s51j/eternal_sunshine_of_the_spotless_mind,2024-01-13 22:49:56,backfromdeath,This and lost in translation are my favorite movies of all time. I'm a sad person.,5,1,82,16,0.0,1.0,4
eternal_sunshine_of_the_spotless_mind,https://www.reddit.com/r/movies/comments/195s51j/eternal_sunshine_of_the_spotless_mind,2025-01-05 01:54:18,Dangerous-Midnight73,Both mine too! ☺️,1,2,17,4,0.0,0.0,4
eternal_sunshine_of_the_spotless_mind,https://www.reddit.com/r/movies/comments/195s51j/eternal_sunshine_of_the_spotless_mind,2024-01-13 18:01:27,Key-Shirt-2051,https://boxd.it/5wIbHh,2,1,22,1,0.0,0.0,4
eternal_sunshine_of_the_spotless_mind,https://www.reddit.com/r/movies/comments/195s51j/eternal_sunshine_of_the_spotless_mind,2024-01-13 18:57:35,tpw2k3,In my top 5 movies of all time and there isn’t any particular reason why haha,2,1,77,16,0.2888888888888889,0.37777777777777777,4
eternal_sunshine_of_the_spotless_mind,https://www.reddit.com/r/movies/comments/195s51j/eternal_sunshine_of_the_spotless_mind,2024-01-14 00:00:06,peter095837,It's amazing!,2,1,13,2,0.7500000000000001,0.9,4
eternal_sunshine_of_the_spotless_mind,https://www.reddit.com/r/movies/comments/195s51j/eternal_sunshine_of_the_spotless_mind,2024-01-14 01:55:22,flash17k,"I read the leaked script a few weeks before seeing it in the theatre. Reading it was really amazing and bizarre and beautiful and satisfying. Later, I saw it with some friends who knew nothing about it. They thought it was so weird. But I kept telling them to just wait and see how great it was, and they agreed it was worth it. They all loved it afterward.",2,1,357,69,0.34500000000000003,0.6249999999999999,4
eternal_sunshine_of_the_spotless_mind,https://www.reddit.com/r/movies/comments/195s51j/eternal_sunshine_of_the_spotless_mind,2024-01-14 03:49:10,excitement2k,Maybe I’m crazy but 500 Days of Summer always gutted me too. These are the two most painfully romantic movies I can think of personally. I’d love to hear other’s opinions on similar options that are as beautifully painful to watch.,2,1,231,41,-0.06071428571428571,0.5964285714285714,4
eternal_sunshine_of_the_spotless_mind,https://www.reddit.com/r/movies/comments/195s51j/eternal_sunshine_of_the_spotless_mind,2024-11-19 09:50:51,Zestyclose-Sir-851,"Brick
Nine Days",1,2,15,3,0.0,0.0,4
eternal_sunshine_of_the_spotless_mind,https://www.reddit.com/r/movies/comments/195s51j/eternal_sunshine_of_the_spotless_mind,2024-11-19 14:46:12,excitement2k,Thank you-I found Nine Days-is Brick from 2005 and a noir thriller?,1,3,67,12,0.0,0.0,4
eternal_sunshine_of_the_spotless_mind,https://www.reddit.com/r/movies/comments/195s51j/eternal_sunshine_of_the_spotless_mind,2024-01-14 03:54:29,UnsolicitedDogPics,You should check out Charlie Kaufmans other works. He makes some beautiful and complex films.,2,1,93,15,0.14166666666666666,0.5916666666666667,4
eternal_sunshine_of_the_spotless_mind,https://www.reddit.com/r/movies/comments/195s51j/eternal_sunshine_of_the_spotless_mind,2024-01-14 04:07:27,ICU81MI_73,Jon Brion does the music and I love his scores.,2,1,47,10,0.5,0.6,4
eternal_sunshine_of_the_spotless_mind,https://www.reddit.com/r/movies/comments/195s51j/eternal_sunshine_of_the_spotless_mind,2024-01-14 05:38:00,Xeno-xorus,This is definitely Jim Carrey best performance throughout his whole career. I love this movie even more than The Truman Show.,2,1,125,21,0.44000000000000006,0.4600000000000001,4
eternal_sunshine_of_the_spotless_mind,https://www.reddit.com/r/movies/comments/195s51j/eternal_sunshine_of_the_spotless_mind,2024-01-14 05:38:46,bulsby,Read the book!! It’s so good!,2,1,29,6,0.875,0.6000000000000001,4
eternal_sunshine_of_the_spotless_mind,https://www.reddit.com/r/movies/comments/195s51j/eternal_sunshine_of_the_spotless_mind,2024-03-20 05:57:07,CoachRocks,"This is my all time favorite movie by far. I was in my second year in college, and had just broken up with my high school girlfriend. I got invites to a screening and I had no idea about any of the movie, only that Jim Carey was in it. I was already a fan of Michel Gondry, I had his DVDs, as well as Spike Jonez's and Chris Cunningham. I loved all their TVC and music video, they are the reason I went into film-making.

I remember watching, being a bit curious, thinking it could go either way, but when the credits cut something like 15 minutes in and I saw that it was a Gondry movie and a Charlie Kaufman script I was like ""ok, I'm in for something special"".

I could tell people around me weren't getting it, every reveal and exposition at the beginning of the movie is so subtle. Joel sobbing in the car with marker spots on his temples, him throwing out the mix tape, the conversation with the neighbor. It just reeled me in as I began to understand, and then when he relieves the memory of getting home that night, I WAS FLOORED. After that I sat at the edge of my seat, and enjoyed every frame of it. It was amazing, magical, so intelligent and earnest. It's one of the most beautiful movies ever.

As Joel's journey down the rabbit hole went dipper, I couldn't help but project so much of what I was going through. Every beat in the script, the edit, the vfx. To this day it is the most pure and perfect moment of cinema I've ever experienced.

By the time it ended I was a sobbing mess. Equal parts guilt, sadness, joy.

Like someone else said, I wish I could experience it again for the first time.",2,1,1611,310,0.3210199882422105,0.6169870664315108,4
eternal_sunshine_of_the_spotless_mind,https://www.reddit.com/r/movies/comments/195s51j/eternal_sunshine_of_the_spotless_mind,2024-04-21 04:14:31,Haaail_Sagan,I mean it was huge when it came out. Rewatch it every 5 years or so.  Just magical. Every single thing about it is just.. perfect.,2,1,130,26,0.30321428571428577,0.7603571428571428,4
eternal_sunshine_of_the_spotless_mind,https://www.reddit.com/r/movies/comments/195s51j/eternal_sunshine_of_the_spotless_mind,2024-07-14 14:15:40,Logical-Break-2902,"watched it recently while i am moving on and i cosidered me as jim so much but the difference i can't get her outta my head it's so sad, miserable, and joyful feeling all mixed up sometimes i am happy to remember everything about her and other time i keep telling to myself why don't you just stop you made your desicion so let go already  
but i can't help it i miss her so much   
it's really fucked up when you realise you found your twinflame and then you are in a position you have to walk away  after every unforgetable most amazing moments ever we've made together",2,1,571,109,-0.0125,0.6175,4
eternal_sunshine_of_the_spotless_mind,https://www.reddit.com/r/movies/comments/195s51j/eternal_sunshine_of_the_spotless_mind,2024-08-10 05:59:52,Federal_Assignment41,Idk I think that this is overrated Clementine and Joel break up Clementine erases her memory of Joel. Joel tries to do the same. Tries to get back the memories but eventually they get back together that’s out of it.,2,1,215,40,-0.04,0.185,4
eternal_sunshine_of_the_spotless_mind,https://www.reddit.com/r/movies/comments/195s51j/eternal_sunshine_of_the_spotless_mind,2025-03-16 17:19:13,JuanMaP5,"You could describe any movie in that way and every movie would seem stupid, also they do not try to get their memories back.",1,2,124,24,-0.39999999999999997,0.5,4
eternal_sunshine_of_the_spotless_mind,https://www.reddit.com/r/movies/comments/195s51j/eternal_sunshine_of_the_spotless_mind,2024-09-23 05:36:17,Eatslikeshit,"Saw it on my computer when DivX was a big thing, and you could find movies on the pirate website DivX. Shed teenage boy tears. It completely changed the way I felt about relationships, and how I expressed myself as a man. Crazy impactful film. It's also very much a film of its time. Enough time has passed that it's starting to slip out of the zeitgeist. But it still is essentially indie royalty, and I seriously doubt it will ever fully slip away into obscurity.

 I can't find a close classical approximation to it, which is also why it's so prolific. Like how Sofia Coppela's Lost in Translation can be traced back to David Leans, Brief Encounter. Charlie Kaufman and Micheal Gondry really did something special. And in many ways it succeeds not only as a film, but as an experimental art project. It sort of spawned from a jest Pierre Bismuth made about his friend's relationship. A, ""what if you could just erase him?"" 

You also get arguably one of the best acting performances in the last two decades, from an actor (Jim Carrey) who has been typecasted as a slapstick funny man. It really proved that his talent is vastly underutilized. 

My interpretation wasn't just that it is worth keeping the memories of those lost, but that nothing we do can erase the love we have in our hearts. It's something almost instinctual. Once it's there, it doesn't disappear, even when the memories associated with it no longer exist. And the pain that we feel as a result of this profound love is essential to the human experience.",2,1,1526,271,0.13723809523809524,0.3766031746031746,4
eternal_sunshine_of_the_spotless_mind,https://www.reddit.com/r/movies/comments/195s51j/eternal_sunshine_of_the_spotless_mind,2024-12-10 05:33:05,GentlePanda123,Just watched this one. Couldn't understand the plot very well. There were parts that made sense and then other parts that threw me for a loop.,2,1,142,26,0.037500000000000006,0.3375,4
eternal_sunshine_of_the_spotless_mind,https://www.reddit.com/r/movies/comments/195s51j/eternal_sunshine_of_the_spotless_mind,2025-02-21 05:13:50,Chemical-Notez,"I watched this in 2016 going through my first divorce, with my very first boyfriend/husband of  5 years,it stung, hurt, demolished me. People around me were looking at me like I was insane. But some understood I was in mourning ofy pst with someone I had built, and just like that I had to fall into someone else's life.....",2,1,324,59,-0.1416666666666667,0.5888888888888889,4
eternal_sunshine_of_the_spotless_mind,https://www.reddit.com/r/movies/comments/195s51j/eternal_sunshine_of_the_spotless_mind,2024-01-13 23:40:13,cajun_vegeta,Jim Carrey should've been nominated ahead of Johnny Depp (finding neverland) and Clint Eastwood (Million Dollar Baby),1,1,117,17,0.0,0.0,4
eternal_sunshine_of_the_spotless_mind,https://www.reddit.com/r/movies/comments/195s51j/eternal_sunshine_of_the_spotless_mind,2024-11-19 09:52:20,Zestyclose-Sir-851,100%.,1,2,5,1,0.0,0.0,4
eternal_sunshine_of_the_spotless_mind,https://www.reddit.com/r/movies/comments/195s51j/eternal_sunshine_of_the_spotless_mind,2024-01-14 02:49:09,naked_avenger,My fav.,1,1,7,2,0.0,0.0,4
eternal_sunshine_of_the_spotless_mind,https://www.reddit.com/r/movies/comments/195s51j/eternal_sunshine_of_the_spotless_mind,2024-07-26 15:39:48,Quick-Seaweed2044,"Fan fiction Friday!  Fin sin and video..
https://youtu.be/OomYPzVbnW8?si=nBiPfC67b-Eycz8q",1,1,89,8,0.0,0.0,4
eternal_sunshine_of_the_spotless_mind,https://www.reddit.com/r/movies/comments/195s51j/eternal_sunshine_of_the_spotless_mind,2024-11-13 08:43:11,Tiny-Contribution-81,"What an incredible movie. The acting and direction is superb and pieces together in a beautiful manner that keeps you engaged and enthralled throughout. 

Although focused on a break down of a relationship I found a strong connection to the theme of memories and learning that no matter how it ends, it's always worth having the moment. 
My friend died a couple of years ago to suicide and through my sorrow and grief there's an element of anger and wanting to forget the hurt. Mirrored as feelings in a break up.
The movie portrays perfectly the moments you replay every memory you can think of with that person as I have with my friend. 
When you try and hide within your own thoughts to remember that person, or that occasion, or that looks they gave you at one particular moment. The feeling of happiness you felt in that moment. 
The line she says at the beach house when he's about to leave and she's asking him to stay ""come back and make up a good bye, at least""
I think back to the last time I ever saw my friend and I replay the memory and wish I'd held her that bit tighter and told her I loved her. 

This movie is a must watch.",1,1,1140,215,0.2839181286549708,0.464327485380117,4
eternal_sunshine_of_the_spotless_mind,https://www.reddit.com/r/movies/comments/195s51j/eternal_sunshine_of_the_spotless_mind,2024-11-16 20:38:49,Mush_Hats,made me bawl my eyes out. the scene at the beach after that line reminded me so much of the time when it was just me n my ex and its 3 am n we were happy. such a beautiful movie 😭,1,2,179,42,0.4625,0.675,4
eternal_sunshine_of_the_spotless_mind,https://www.reddit.com/r/movies/comments/195s51j/eternal_sunshine_of_the_spotless_mind,2024-11-20 01:20:54,Confident-City-3108,"Just watched this movie, its a rare movie, and learned a lot, i wouldnt want my memories earsed... Kept thinking about erasing one of my two exes and it hit me how much I would miss out, so many good memories! Amazing movie! Buuuuuuuuuut did find there relationship toxic, still woudnt erease it, everything comes with a lession. First time I watched it, its 2024 lol, just didnt expect the main caracters have such disfunctional, unhealthy, toxic relationship",1,1,460,78,0.3441666666666666,0.5666666666666667,4
eternal_sunshine_of_the_spotless_mind,https://www.reddit.com/r/movies/comments/195s51j/eternal_sunshine_of_the_spotless_mind,2024-12-03 12:45:10,Unfair_Ad3769,"I don't know if Kaufman ever mentioned in any interview but I am convinced this inspired the idea for the movie:

Measuring a summer's day  
I only find it slips away to grey  
The hours they bring me pain

Tangerine, tangerine  
Living reflections from a dream  
I was her love, she was my queen  
And now a thousand years in-between

Thinking how it used to be  
Does she still remember times like these?  
To think of us again  
And I doTangerine, tangerine  
Living reflection from a dream  
I was her love, she was my queen  
But now a thousand years in-between

  
Tangerine Song by Led Zeppelin",1,1,601,106,0.2375,0.5750000000000001,4
eternal_sunshine_of_the_spotless_mind,https://www.reddit.com/r/movies/comments/195s51j/eternal_sunshine_of_the_spotless_mind,2025-01-22 21:46:57,proheka,Dont watch this while high asf,1,1,30,6,0.16,0.5399999999999999,4
eternal_sunshine_of_the_spotless_mind,https://www.reddit.com/r/movies/comments/195s51j/eternal_sunshine_of_the_spotless_mind,2025-01-26 02:55:40,itisandyralph,Great stoner flick.,1,1,19,3,0.8,0.75,4
eternal_sunshine_of_the_spotless_mind,https://www.reddit.com/r/movies/comments/195s51j/eternal_sunshine_of_the_spotless_mind,2025-04-16 22:08:43,DanielArthurVerner,Don’t care that this thread is a year old. This movie was the catalyst for me to break up with a long time live-in girlfriend because I saw myself in miserable pre-breakup Joel in a dying relationship that made me feel like shit.,1,1,229,43,-0.2875,0.6000000000000001,4
eternal_sunshine_of_the_spotless_mind,https://www.reddit.com/r/movies/comments/195s51j/eternal_sunshine_of_the_spotless_mind,2024-01-13 16:59:50,[deleted],"I too felt like this, and watched a year ago. Jim noticeably acted few movies seriously and in India, no one knows about this movie. Its only 1:46 hrs movie, i cannot think of a good movie with this short duration.",1,1,214,41,0.033333333333333326,0.5333333333333333,4
eternal_sunshine_of_the_spotless_mind,https://www.reddit.com/r/movies/comments/195s51j/eternal_sunshine_of_the_spotless_mind,2024-01-13 18:11:07,SonofIndia,Fucks sake dude. Everyone who knows movies in India knows about this one. You can’t just generalize bec you have talked to a few who don’t.,2,2,139,26,-0.2,0.1,4
eternal_sunshine_of_the_spotless_mind,https://www.reddit.com/r/movies/comments/195s51j/eternal_sunshine_of_the_spotless_mind,2024-01-13 18:16:18,[deleted],"you also cant generalize everyone who knows movies would also know about this movie. My side of people didnt know, i apologise for mine, but not fair of u accused me",1,3,165,31,-0.35,0.9,2
mr_nobody,https://www.reddit.com/r/TrueFilm/comments/15gt4gh/mr_nobody_2009,2023-08-03 12:39:20,Maezel,"I remember liking it... However I can't remember absolutely anything about it... I watched it so long ago my mind is blank.

You should enjoy The Fountain as well, check it out if you haven't.",37,1,192,35,0.1375,0.45,4
mr_nobody,https://www.reddit.com/r/TrueFilm/comments/15gt4gh/mr_nobody_2009,2023-08-05 00:09:45,Maezel,"No sorry, lol",1,3,13,3,0.525,0.85,4
mr_nobody,https://www.reddit.com/r/TrueFilm/comments/15gt4gh/mr_nobody_2009,2023-08-03 14:23:18,Unpaid_Movie_Critic,"I felt the same way and enjoyed it much more now than over a decade ago. All I had memories of was a train and the white room with the hospital bed lol. I was too young to appreciate it I think. My favorite movie at the time was Eternal Sunshine of a Spotless Mind. 

The Fountain has similar vibes as well. I have seen it. Thanks for the recommendation anyway!",1,2,361,71,0.2944444444444445,0.4472222222222222,4
mr_nobody,https://www.reddit.com/r/TrueFilm/comments/15gt4gh/mr_nobody_2009,2023-08-03 17:32:27,Thcrtgrphr,"The quote that stuck with me from that film:

&gt;“Choices... We cannot go back. That’s why it’s hard to choose. You have to make the right choice. As long as you don’t choose, everything remains possible.”",30,1,206,36,-0.011190476190476199,0.4954761904761905,4
mr_nobody,https://www.reddit.com/r/TrueFilm/comments/15gt4gh/mr_nobody_2009,2023-08-03 20:27:44,Dioduo,"My favorite quote that summed up the whole movie is this
&gt;“Before he was unable to make a choice because he didn't know what would happen. Now that he knows what will happen, he is unable to make a choice.”",17,2,209,40,-0.07500000000000001,0.6,4
mr_nobody,https://www.reddit.com/r/TrueFilm/comments/15gt4gh/mr_nobody_2009,2023-08-03 17:56:07,Unpaid_Movie_Critic,100% agree and I am 100% this person. I battle myself because I know better. That is the most significant moment for me as well. I suppose some people wouldn't connect with this film if they are decisive in their decision making.,2,2,229,42,0.4583333333333333,0.625,4
mr_nobody,https://www.reddit.com/r/TrueFilm/comments/15gt4gh/mr_nobody_2009,2025-04-11 13:56:13,12bEngie,Not making a choice *is* a choice and possibilities are contingent on time. Not to mention that wondering about something isn’t the same as actually doing it,1,2,157,27,-0.03333333333333333,0.27499999999999997,4
mr_nobody,https://www.reddit.com/r/TrueFilm/comments/15gt4gh/mr_nobody_2009,2024-05-11 20:15:08,Elkhose,"I hate that quote
I've skipped so many choices outnof fear of the outcome ending up missing out.
Make the choice screw the outcome.",0,2,131,24,-0.16666666666666666,0.48333333333333334,4
mr_nobody,https://www.reddit.com/r/TrueFilm/comments/15gt4gh/mr_nobody_2009,2024-11-05 15:59:53,Obtuse_seed,"I agree with you, but also that ""no choice"" IS a choice - We cant escape choice. I think that's what I got out of the film in a way",2,3,131,30,0.0,0.0,4
mr_nobody,https://www.reddit.com/r/TrueFilm/comments/15gt4gh/mr_nobody_2009,2023-08-03 21:50:03,EsmagaSapos,"Jaco is one of my favorite directors, I find we have so much in common. I remember seeing this film and not understanding one thing, but the feeling, the underlying poetry, romance was appealing back then. 

One day, many years after I first saw the film, it was a Sunday early summer morning, I was walking through a path on a riverbank, a big green field, everything was serene, not much noise, and a wind came by, a breeze on the grass, like in the Tarkovsky Zerkalo, and that song, composed by his brother, Le temps Immobile, The Immovable Times, started playing in my head, I couldn’t remember where I first heard it, but it was splendid, like it came from another place. 

I eventually remembered, and watched it again, and it was almost transcendental, the entire movie made complete sense, it became my favorite, it still resonates very much, and has been one of the central questions that I’ve been inquiring over the years, through various things, from Taoism, Chan, and various thinkers.",7,1,998,174,0.16807017543859648,0.452719298245614,4
mr_nobody,https://www.reddit.com/r/TrueFilm/comments/15gt4gh/mr_nobody_2009,2023-08-03 22:46:13,Dioduo,"I would say that Mr. Nobody is more polished and thought out in terms of production. EEaO, despite the beautiful appearance, still looks more artisanal in its details (although It's not a disadvantage). But it definitely adds an organic indie charm to it.

It also seems to me that Mr. Nobody has gone further and more radically in their overall topic together with EEaO without returning to the more classic theme of family. This is what disappointed me a little in EEaO. I thought that the topic that the Daniels tandem was swinging at was so fundamental that in order to justify its weight and become an absolute masterpiece, they would have to come up with some unorthodox conclusion in the final. But it didn't happen.

Mr. Nobody, in turn, seemed to understand this and left for us such a paradoxical ending that I continue to think so far since the release of the film. It can look depressing and hopeful at the same time. My personal interpretation is connected with the fact that even the Arrow of Time, which regardless of our desire, always pushes us forward, this is not a sentence for our life and that it can change its direction at the end of time. It's as if the film brings its theme of the desire for freedom in our decisions to the absolute end in this way in the finale.",4,1,1290,234,0.09424603174603174,0.5257936507936508,4
mr_nobody,https://www.reddit.com/r/TrueFilm/comments/15gt4gh/mr_nobody_2009,2023-08-03 21:10:04,lumpiestspoon3,"It’s been a favorite of mine since I was a kid. One of those 2011 Netflix staples that haunted me until I watched it (Vanilla Sky is another one). I love how “European” it feels, much like Dancer In The Dark.",4,1,208,41,0.21000000000000002,0.44000000000000006,4
mr_nobody,https://www.reddit.com/r/TrueFilm/comments/15gt4gh/mr_nobody_2009,2023-08-04 08:24:42,wuudy,"It’s been a while, but EEAO affected me in a very different way than Mr. Nobody. I remember liking it a lot, and feeling inspired in some way, but the way it told the story through flashbacks and the way in the end everything circled back towards that choice at the train station, envoked more of a feeling of pressure, impossibility and finality. It left me with a desire to reach for my future, but also with dread of what I might leave behind, thereby creating a much more conflicting and ultimately less encouraging experience to the viewer.

In contrast EEOA painted a much more harmonious picture. It focuses on being in the moment, being whoever you want to be and not worrying about what you leave behind by walking that path. In a way it solved the impossible choice by saying don’t think about it and proposing one can be whoever one wants to be at any given point in time. It still acknowledges, although somewhat subtly, that things will indeed be lost through ones path in life, but there is also hope to find them again or at least the option to go looking, even if some things might not ever be fixed. While the ending is a bit too happy to carry any sort of nuance, which is a shame, everything that comes before is an encouragement to embrace the difficulties of the endless unpredictability and possibilities of life, instead of fighting it. 

In that way I appreciated EEAO a lot more. Mr. Nobody felt more like a documentation of our existential dread, while EEOA felt more like a highly intricate folk tale, daring you to conquer it. 

A lot of that comes back to different times, both personally and in regards to the world. That’s how I remember it at the very least, but my memory does get very fuzzy in regards to Mr. Nobody’s ending I will admit.",4,1,1772,323,0.0695679012345679,0.43265432098765433,4
mr_nobody,https://www.reddit.com/r/TrueFilm/comments/15gt4gh/mr_nobody_2009,2024-04-14 18:15:18,DantesValjean,EEAAO is just overhyped nonsense and should never be compared to movies like Synecdoche New York and Mr. Nobody,0,2,111,19,0.13636363636363635,0.45454545454545453,4
mr_nobody,https://www.reddit.com/r/TrueFilm/comments/15gt4gh/mr_nobody_2009,2023-08-03 23:09:39,dergster,"is this film worth watching? i started but somehow it's tone seemed really cringey to me, like it was so obviously stating how grandiose and philosophical it was, and also jared leto's acting was pissing me off for some reason, so i shut it off.

at the same time, i loved EEaaO, eternal sunshine, and synechdoche new york. is it worth powering through?",3,1,353,63,0.18181818181818182,0.25328282828282833,4
mr_nobody,https://www.reddit.com/r/TrueFilm/comments/15gt4gh/mr_nobody_2009,2023-08-03 23:22:47,Unpaid_Movie_Critic,"Well, as always, it's subjective. As a child, I used to feel completely stuck in indecision and the crossroads of life as they presented themselves. I always had a weird sense of ""knowing"" things were going to happen. Because of this and the way they explore this idea, it was really interesting to me. 

Beyond my personal connection with it, if you've ever been lost in the ""what if"" of past choices in life (especially past relationships) then it's pretty easy to connect with the movie. 

Now, the other thing that is interesting is the psychological side of decisions, choices, control, etc. They have snippets throughout the movie to make you reflect on whether we are in control of our decisions or our environment is in control of us, therefore also in control of our decisions.

These are the things that were interesting to me. It's not perfect but it sure keeps things interesting as you move through the possible outcomes and realities of the characters involved. 

They could rename the movie ""The Illusion of Choice.""  It's not really about Mr. Nobody as it is all of the choices we are faced with in our life experience. 

In summary, I think it's worth a watch if you like the other movies I mentioned. That is, if you can get past Jared Leto as an actor. I struggle to take The Butterfly Effect seriously just because Ashton Kutcher is hard for me to take seriously. Jared Leto is always the guy in Requiem for a Dream to me (which I think he does great in). He doesn't bother me in this. I can understand where people have issues with his acting though.",2,2,1571,281,0.043,0.5278888888888887,4
mr_nobody,https://www.reddit.com/r/TrueFilm/comments/15gt4gh/mr_nobody_2009,2024-12-03 10:48:24,VStramennio1986,"I know this is old…and I’ve only seen the film once, thus far (last night). But, I thought the name *Nemo Nobody* was clever. Because while we each—individually—are *nobody*, we are still…somebody. 

It reminded me of the saying, “We are as special as every other human is.” In regard to some people feeling “special,” and all that. I sort of feel like that was the point in his name. Because that bothered me throughout the movie, and then it clicked. 

Just my $0.02…",2,3,469,83,0.10699404761904763,0.5647321428571429,4
mr_nobody,https://www.reddit.com/r/TrueFilm/comments/15gt4gh/mr_nobody_2009,2023-08-03 23:33:15,Dioduo,"Absolutely. To be honest, in my opinion, this is one of the few films with such a fundamental theme that is held under its own weight until the very end with an amazing ending. Especially when compared with EEaO and Synecdoche. That is, EEaO in sweat very much narrows the initial grandiose philosophical scope to family issues, and the Synecdoche at the end does not decide how to finish the recursive meta loop and will end through the addition of a voiceover narration. This is witty and inventive in its own way, considering the reflections of the film itself about the nature of the narrative, but nevertheless the performance seems to lose out to the scope of the film. Nevertheless, both films are still amazing.

Mr. Nobody, in turn, in my opinion, unlike the first two films, remains true to himself and does not change direction both in terms of theme and visual performance until the very end, as if exactly what is so parodoxic and insane but at the same time consistent Charlie Kaufman should have done at the end of the Synecdoche New-York.

About Jared Leto. In fact, he's a pretty good actor, who unfortunately ruined his reputation with two terrible roles, and I honestly feel sorry for him. Nevertheless, his performance in this film is very organic.",2,2,1268,220,0.1486206896551724,0.6058045977011495,4
mr_nobody,https://www.reddit.com/r/TrueFilm/comments/15gt4gh/mr_nobody_2009,2023-08-04 02:03:44,Zanderich,"it's been forever since i've seen this film, but i remember seeing it at just a formative enough age that it was my de-facto ""favorite movie"" for a long time. netflix just *would not* stop showing it off. i can't stand jared leto these days, so i have to wonder how i'd feel about it now, but i remember it being heady in a way that didn't typically come off as pretentious, with exception to a scene using the already played-out Where Is My Mind? cliche. but, that might just be my memory of it. the top comment recommending The Fountain as a point of comparison makes me especially hesitant to go back because i absolutely despise that film and Aronofsky's quasi-philosophical dreck.

in more recent memory i've heard criticism of the way Mr. Nobody depicts female agency, especially for a film so heavily focused on individual choice and how our choices affect others. did you find there was anything to that? it's yet another reason i hesitate to go back lol",3,1,962,172,0.10490196078431373,0.530392156862745,4
mr_nobody,https://www.reddit.com/r/TrueFilm/comments/15gt4gh/mr_nobody_2009,2023-08-04 04:16:48,Unpaid_Movie_Critic,"The Fountain is comparable in the journey we take with the film but the end result is different. The Fountain seems to focus on ""what was"" in life while Mr. Nobody is reflecting on all the ""what ifs"" of life. The reflecting journey is similar but the end result leaves a different feel from my perspective. 

As far as female agency, I didn't really think about it until you mentioned it. Yes, the female characters are quite ""submissive"" or ""broken."" I guess the idea that Mr. Nobody could have a life with any one of the girls he meets and he's a sort of hero figure in each relationship is a bit much but I didn't notice this when I watched it. It's all his perception of what would have been or could be so if we consider that we are living in ""Mr. Nobody's mind"" then this would make some sense. Aren't we typically the hero in our own fantasy? 

I can't help your feelings towards Jared Leto and it could very well be the deciding factor on your potential rewatch! Haha.",3,2,976,183,0.06666666666666667,0.4880952380952381,4
mr_nobody,https://www.reddit.com/r/TrueFilm/comments/15gt4gh/mr_nobody_2009,2024-12-03 10:51:17,VStramennio1986,"The “where is my mind,” cliche…is a philosophical concept, by Descartes…”*I think, therefore I am…*”",1,2,100,15,0.0,0.0,4
mr_nobody,https://www.reddit.com/r/TrueFilm/comments/15gt4gh/mr_nobody_2009,2023-08-03 18:13:09,[deleted],"I'm beginning to tire of movies with super ambitious, grandiose purposes. Love synechdoche new york for it's pacing and recursive story. I enjoy most of those movies you mentioned for a lot of reasons, but I feel like even Barbie tried to shoe in a broad universal moral. 

Life is very granular and diverse, these days I'm feeling movies with more specific missions",7,1,366,63,0.24018308080808082,0.41322601010101007,4
mr_nobody,https://www.reddit.com/r/TrueFilm/comments/15gt4gh/mr_nobody_2009,2023-08-03 18:16:57,Unpaid_Movie_Critic,"If I'm understanding you correctly, Sean Baker's Florida Project or Red Rocket might interest you (if you haven't seen them already). The Florida Project more than the other in my opinion.",2,2,188,31,0.125,0.2916666666666667,4
mr_nobody,https://www.reddit.com/r/TrueFilm/comments/15gt4gh/mr_nobody_2009,2023-08-03 08:03:02,AlfredKorzybski,"Oh I love Mr. Nobody, thanks for reminding me! It definitely had a big impact on me at the time, watching it somewhere in my 20s. I remember a lot of visually impressive scenes, and cleverly done non-linear storytelling.

I think what affected me the most are those scenes where Nemo remembers moments from before his birth. I'm not particularly religious but do believe in some kind of soul, and I watched this at a time where I was coming around to that view, so it was a nice affirmation.

Another film that comes to mind in that regard is Cloud Atlas, and it seems to be similarly underrated.",8,1,596,109,0.32878787878787885,0.5712121212121213,4
mr_nobody,https://www.reddit.com/r/TrueFilm/comments/15gt4gh/mr_nobody_2009,2023-10-18 15:21:03,Happyasyougo76,"The idea of the movie was great, however, how it was delivered was absolute CRAP.  
How on earth do ppl miss the MOST obvious contradiction in the movie??  Everyone is like “yeah the point of the movie is that every path is just as meaningful”. Really? Is THAT what you got from the movie? Cause if you did then you are blind and deaf.  

In order for the movie to prove its point that every path is *JUST AS* meaningful, the ending SHOULD have been “he rolls the dice to choose his path and sticks with it”.  But that’s not what he did, did he?? He intentionally played out every possible scenario to figure out WHICH is the MOST meaningful to him, thus he chose the best ending with Anna.  
How did ppl miss this obvious contradiction? Is it bias? Is it delusion? Is it willful ignorance?  

You CANT say every path is just as meaningful yet intentionally AVOID certain paths and prefer others, that PROVES that every path is not just as meaningful.",2,1,951,174,0.273015873015873,0.5382275132275133,4
mr_nobody,https://www.reddit.com/r/TrueFilm/comments/15gt4gh/mr_nobody_2009,2024-05-11 01:15:28,Fresh_Pay3645,"I could be wrong on this: movie interpretation is not my strongest asset. I didn't see the movie as Nemo choosing a specific path. My feeling was that he lived every version of his life. Yes, the relationship with Anna was the one most full of love, but would it have been as meaningful if he connected with her in every timeline? I think that's what he was pointing to with the ""every life has meaning"" quote is that sometimes things don't work out exactly how you want, but the possibility of finding true love makes it worthwhile to roll the dice and be born in the first place. Nemo can appreciate how special she was because of the perspective that things could have turned out in so many different ways.",1,2,709,131,0.2897959183673469,0.5128401360544217,4
mr_nobody,https://www.reddit.com/r/TrueFilm/comments/15gt4gh/mr_nobody_2009,2024-08-31 09:37:19,Brilliant_Ad4002,First time watching this movie I was 16. Made me think about life and all the what ifs I had ever encountered. Last time I watched was about 2 years ago or so. I’m 23 now and still is my favorite movie,1,1,201,42,0.25,0.4666666666666666,4
mr_nobody,https://www.reddit.com/r/TrueFilm/comments/15gt4gh/mr_nobody_2009,2025-04-04 23:26:00,alman12345,"It feels like a movie created off the concept Sylvia Plath painted in The Bell Jar, wherein people are inclined to spend so long looking at falling figs from a fig tree trying to decide which one to eat that they starve themselves while the figs rot (each fig representing a distinct life path that one could take). In contrast, though, I do like that this movie injects an optimistic counterbalance to the way indecisiveness is portrayed in Sylvia's excerpt with the quote: ""*Every path is the right path*. Everything could've been anything else.﻿ And it would have just as much meaning."". It feels like the kind of evolution that optimistic nihilism is to pure nihilism, not only reassuring people that the path they've carved (or are thinking about carving) was/is worth deciding to carve but that a fulfilling life can be gleaned from any path that someone chooses to carve. Ultimately, what I get from the movie is the same thing that I get from the original concept: that I shouldn't spend so much time trying to decide what to do with my life that I miss the chance to live it altogether.",1,1,1095,194,0.19702797202797204,0.5008241758241758,4
mr_nobody,https://www.reddit.com/r/TrueFilm/comments/15gt4gh/mr_nobody_2009,2025-04-07 23:36:27,ionymous,"I thought it was done impressively and should be commended for that. But in the end, it just leaves me with the idea of the butterfly effect and the infinite possible paths through life. Neat, but a few sentences explain that concept. A few more sentences give some examples of that playing out. I think maybe I'm just movied out. There are few new concepts to excite me. But it was well produced.",1,1,397,73,0.14805194805194807,0.464935064935065,4
mr_nobody,https://www.reddit.com/r/TrueFilm/comments/15gt4gh/mr_nobody_2009,2025-04-11 13:57:52,12bEngie,"It was one of my favorites as a kid in like 2016, but now, as an adult, I cannot buy into the premise that these adults give a shit about things that happened when they were 15. Seriously. The shit with stefano?


Or nemo and anna? bro, they’d both move on. they were 15 and horny. You grow up and the movie seems to think the basis for adulthood is 15 year oldism. It thinks there’s nothing in between being 15, and 30 fucking 3! it’s insane.",1,1,443,87,-0.32666666666666666,0.7133333333333333,4
mr_nobody,https://www.reddit.com/r/TrueFilm/comments/15gt4gh/mr_nobody_2009,2023-08-04 21:40:15,PrinceofSneks,"Yes, I found this in a year of my life where I would just hole up and find relatively unknown films in the depths of Netflix and Prime Video!
I've shown it to a few folks and they were suitably impressed.
Leto gets a lot of flack (perhaps deserved!), but I think he's a strong actor (except ....Morb) and it pulled at the heartstrings.

I can see the relationship to EEAAO, but think of it more as part of the same lineage.  

Not the same themes, but Frequencies (2013, New Zealand production) scratched the same itch for lower budget but well produced lo-fi sci-fi: https://www.youtube.com/watch?v=22VVuQI4kgc",1,1,611,105,0.19385521885521884,0.4180976430976431,4
mr_nobody,https://www.reddit.com/r/TrueFilm/comments/15gt4gh/mr_nobody_2009,2023-08-04 21:56:42,Unpaid_Movie_Critic,Ha! I have never heard anyone mention that movie but I own it digitally as an obscure film discovery around its release. I remember I bought it for $6 rather than rent it for $4. I can't remember how I came across it but it literally blew me away at the time. I've matured a lot and tackled a lot more movies in the last decade but I should revisit it again now that you bring it up. It was such a unique mash up of music as a universal language. Thanks for mentioning it!,2,2,472,95,0.215625,0.4083333333333333,4
interestelar,https://www.reddit.com/r/movies/comments/2ljk71/official_discussion_interstellar_wide_release,2014-11-08 17:50:15,happybanditman,"That moment when they realize that the person who died on the water planet had probably only died minutes ago, that was something I had never considered until I heard them say it. That was a big oh shit moment for me",3909,1,216,42,-0.06666666666666667,0.6333333333333334,4
interestelar,https://www.reddit.com/r/movies/comments/2ljk71/official_discussion_interstellar_wide_release,2014-11-09 04:07:52,natedoggcata,You actually see it happening also. There was a shot as they are landing looking down from the sky and you see something crash into the water. ,2285,2,143,27,-0.07777777777777779,0.19444444444444448,4
interestelar,https://www.reddit.com/r/movies/comments/2ljk71/official_discussion_interstellar_wide_release,2014-11-09 04:32:03,InflatableBombshelte,Wow really? Nice catch there Dogg.,510,3,34,6,0.35,1.0,4
interestelar,https://www.reddit.com/r/movies/comments/2ljk71/official_discussion_interstellar_wide_release,2022-01-03 00:51:32,zWeApOnz,"I'm from the future. Sorry to burst your bubble, but this doesn't actually happen.",148,4,82,14,-0.16666666666666666,0.4083333333333334,4
interestelar,https://www.reddit.com/r/movies/comments/2ljk71/official_discussion_interstellar_wide_release,2014-11-11 07:11:27,carvlife,"I already wanted to see the movie again, and now I know that it's not just possible---it's necessary.",305,3,101,18,0.0,1.0,2
interestelar,https://www.reddit.com/r/movies/comments/2ljk71/official_discussion_interstellar_wide_release,2014-11-18 10:48:57,skcll,"As soon as they said 7 years for every human hour, I was silently yelling you idiots, that's the riskiest choice you can make.  The person just landed there and hasn't had time to assess the habitability of the planet.",71,2,218,40,-0.26666666666666666,0.3333333333333333,4
interestelar,https://www.reddit.com/r/movies/comments/2ljk71/official_discussion_interstellar_wide_release,2014-11-08 10:27:48,ashashin,"""There is a moment--"" BOOM!


I guess that was his moment.",1352,1,58,11,0.0,0.0,4
interestelar,https://www.reddit.com/r/movies/comments/2ljk71/official_discussion_interstellar_wide_release,2014-11-09 08:00:09,grantly0711,I love that it cut him off when he knew he was saying something Neil Armstrong-profound. Nope.,398,2,94,17,0.5,0.6,4
interestelar,https://www.reddit.com/r/movies/comments/2ljk71/official_discussion_interstellar_wide_release,2014-11-07 10:06:05,[deleted],The robot designs were probably the most interesting I've ever seen. We always picture them as humanoid or on wheels.,4692,1,117,20,0.5,0.5,4
interestelar,https://www.reddit.com/r/movies/comments/2ljk71/official_discussion_interstellar_wide_release,2014-11-08 03:51:03,[deleted],Their square and non-human design was such a HUGE contrast with their character - It made their dialogue seem more human to me. Also the design seemed like a huge nod to Kubrick's 2001.,1631,2,185,34,0.26000000000000006,0.58,4
interestelar,https://www.reddit.com/r/movies/comments/2ljk71/official_discussion_interstellar_wide_release,2014-11-09 00:19:02,BambiesMom,"The whole movie seemed like a whole series of nods to 2001, starting with the teacher who was convinced about the moon landings beings faked.",985,3,141,25,0.13333333333333333,0.3,4
interestelar,https://www.reddit.com/r/movies/comments/2ljk71/official_discussion_interstellar_wide_release,2014-11-07 20:34:19,barronlroth,"Absolutely agree. LOVED the design of TARS. It almost seems unintuitive when moving slowly, but the moment he needs to do something quick, BOOM--windmill mode.",2729,2,159,25,0.23333333333333328,0.65,4
interestelar,https://www.reddit.com/r/movies/comments/2ljk71/official_discussion_interstellar_wide_release,2014-11-08 01:42:20,apgtimbough,Him booking it out of the burning building was pretty funny.,1216,3,60,11,0.25,1.0,4
interestelar,https://www.reddit.com/r/movies/comments/2ljk71/official_discussion_interstellar_wide_release,2014-11-08 05:51:00,[deleted],"It needs to eventually become an ""abandon thread"" gif.",1290,4,54,9,0.0,0.0,4
interestelar,https://www.reddit.com/r/movies/comments/2ljk71/official_discussion_interstellar_wide_release,2014-11-25 18:27:07,ksao,"I'm terrible at making these...
http://i.imgur.com/DesywTZ.gif",440,5,62,6,-1.0,1.0,4
interestelar,https://www.reddit.com/r/movies/comments/2ljk71/official_discussion_interstellar_wide_release,2014-11-08 03:02:04,[deleted],"tars runs like dis 

""***************""",5047,3,38,5,0.0,0.0,4
interestelar,https://www.reddit.com/r/movies/comments/2ljk71/official_discussion_interstellar_wide_release,2014-11-08 02:46:12,Dunkelz,"The script and voice acting for TARS and CASE was incredible. I was actually pretty bummed out when TARS detatched into the black hole, and was unreasonably excited when he showed up in Coop's replica house.",830,2,207,36,0.27166666666666667,0.6166666666666666,4
interestelar,https://www.reddit.com/r/movies/comments/2ljk71/official_discussion_interstellar_wide_release,2014-11-08 22:25:37,as-16,My only complain is it was sometimes hard to distinguish their voices from Cooper / Mann. Though perhaps that's intentional.,176,3,124,20,-0.14583333333333334,0.7708333333333333,4
interestelar,https://www.reddit.com/r/movies/comments/2ljk71/official_discussion_interstellar_wide_release,2014-11-09 12:54:06,[deleted],"Dunno, TARS always sounded like someone put a gung ho marine's brain into a robot and CASE always sounded like he was sick of everybody's shit so just get on with it.",75,4,166,32,-0.4571428571428572,0.8285714285714285,4
interestelar,https://www.reddit.com/r/movies/comments/2ljk71/official_discussion_interstellar_wide_release,2014-11-08 00:31:05,heftypickle,"My eyes were glued to TARS and CASE. Incredibly unique robots both in looks and behavior. Quick humor, clearly dangerous yet obedient, protective, and heroic. I was on edge the whole time TARS saves Amelia.",844,2,206,35,0.2347222222222222,0.7666666666666667,4
interestelar,https://www.reddit.com/r/movies/comments/2ljk71/official_discussion_interstellar_wide_release,2014-11-08 21:10:20,POTUS,Poor CASE.  Everyone credits all the great things he does to TARS just because he has a higher humor setting.,540,3,109,20,0.21666666666666667,0.6166666666666667,4
interestelar,https://www.reddit.com/r/movies/comments/2ljk71/official_discussion_interstellar_wide_release,2014-11-09 03:04:31,RoyalOcean,"""I am not afraid of death, I am afraid of time."" I am going to use this for the rest of my life.",562,1,96,23,-0.15,0.9,4
interestelar,https://www.reddit.com/r/movies/comments/2ljk71/official_discussion_interstellar_wide_release,2014-11-08 03:26:56,onelonelycarrot,Was anyone else blown away from the wormhole scene? Just amazing to visualize it,3077,1,80,14,0.6000000000000001,0.9,4
interestelar,https://www.reddit.com/r/movies/comments/2ljk71/official_discussion_interstellar_wide_release,2014-11-08 08:46:40,Radioheadless,Blown away.  Just to experience some of those things visually was one of the best experiences I've had at the theater in a long time.  ,1326,2,135,25,0.31666666666666665,0.2333333333333333,4
interestelar,https://www.reddit.com/r/movies/comments/2ljk71/official_discussion_interstellar_wide_release,2014-11-13 19:05:06,kataskopo,"According to the wiki:

&gt;In creating the wormhole and a supermassive rotating black hole (which possesses an ergosphere, as opposed to a non-rotating black hole), Dr. Thorne collaborated with visual effect supervisor Paul Franklin and a team of 30 computer effects artists at Double Negative. 

&gt;Thorne would provide pages of deeply sourced theoretical equations to the artists, who then wrote new CGI rendering software based on these equations to create accurate computer simulations of the gravitational lensing caused by these phenomena. Some individual frames took up to 100 hours to render, and resulted in 800 terabytes of data. 

&gt;The resulting visual effect provided Dr. Thorne with new insight into the effects of gravitational lensing and accretion disks surrounding black holes, and will lead to the creation of two scientific papers, one for the astrophysics community and one for the computer graphics community.

So not only what you saw was *mind-blowingly awesome, it was also scientifically correct.*",319,3,1027,156,0.05818181818181819,0.4094949494949495,4
interestelar,https://www.reddit.com/r/movies/comments/2ljk71/official_discussion_interstellar_wide_release,2014-11-09 04:05:26,nonsensykal,Even the scene when the ship was spinning to dock. Incredibly intense moment.,218,4,77,13,0.2,1.0,4
interestelar,https://www.reddit.com/r/movies/comments/2ljk71/official_discussion_interstellar_wide_release,2014-11-07 15:22:29,Nighthawk56,Did anyone get a heart attack when Mann blew up the Endurance? It was quiet then BOOM! I jumped. ,1884,1,97,19,0.0,0.3333333333333333,4
interestelar,https://www.reddit.com/r/movies/comments/2ljk71/official_discussion_interstellar_wide_release,2014-11-07 16:24:02,remtard,"I laughed, because Mann was trying to say something profound just as it exploded.",1318,2,81,14,0.39166666666666666,0.6,4
interestelar,https://www.reddit.com/r/movies/comments/2ljk71/official_discussion_interstellar_wide_release,2014-11-08 20:18:37,[deleted],"My apologies to Matt Damon, we're out of time. ",1556,3,47,9,0.0,0.0,4
interestelar,https://www.reddit.com/r/movies/comments/2ljk71/official_discussion_interstellar_wide_release,2014-11-08 11:51:44,Fitzyz,The take-off countdown in the car had me shaking ,1827,1,49,9,0.0,0.0,4
interestelar,https://www.reddit.com/r/movies/comments/2ljk71/official_discussion_interstellar_wide_release,2014-11-08 12:06:41,mikejohnno,The music + his daughter running out + the countdown + cooper looking emotional + the car driving off spewing up dust = WOOOAAAHHH,1217,2,130,24,0.0,0.65,4
interestelar,https://www.reddit.com/r/movies/comments/2ljk71/official_discussion_interstellar_wide_release,2014-11-10 10:11:56,royallyawesome,"+ Coop checking under the blanket to see if Murph was hiding under it. Broke me.

",1025,3,82,16,0.0,0.0,4
interestelar,https://www.reddit.com/r/movies/comments/2ljk71/official_discussion_interstellar_wide_release,2014-11-07 05:05:33,[deleted],"Suddenly, Matt Damon appears.






Didn't see it coming",6921,1,56,8,0.0,0.5,4
interestelar,https://www.reddit.com/r/movies/comments/2ljk71/official_discussion_interstellar_wide_release,2014-11-07 13:19:24,miczal,"When they were awekening him I thought ""It would be hilarious if there was DiCaprio in there"", but Matt Damon was a great surprise nontheless.",2554,2,142,25,0.65,0.875,4
interestelar,https://www.reddit.com/r/movies/comments/2ljk71/official_discussion_interstellar_wide_release,2014-11-07 14:55:20,xeridium,I thought it was going to be a rotting corpse.,2550,3,46,10,0.0,0.0,4
interestelar,https://www.reddit.com/r/movies/comments/2ljk71/official_discussion_interstellar_wide_release,2014-11-07 17:19:55,rockon4life45,"That's probably what happened when Amelia got to the final planet, as evidenced by the grave.",1370,4,93,16,0.0,1.0,4
interestelar,https://www.reddit.com/r/movies/comments/2ljk71/official_discussion_interstellar_wide_release,2014-11-09 01:09:09,txia89,"Murph was 10 when Cooper left on his voyage. It takes 2 years to get to Saturn, then they spent 23 years and 4 months on that planet due to time dilation. Which would mean that Murph is 35-36 when she sent that first video message to Cooper saying they are the same age. So we know that Cooper was 38 or so while watching that video due to the 2 years spent travelling to Saturn not in any time dialation. In the end they say he is 124 years old so he spent 86 years or so due to time dilation.  

Edmunds definitely died from old age.",378,5,535,108,-0.041346153846153845,0.26698717948717954,4
interestelar,https://www.reddit.com/r/movies/comments/2ljk71/official_discussion_interstellar_wide_release,2014-11-09 07:46:31,[deleted],They state that the slingshot using Gargantua cost 51 years. Even Brand had to guess she wouldn't find Edmunds alive.,80,6,117,20,0.1,0.4,4
interestelar,https://www.reddit.com/r/movies/comments/2ljk71/official_discussion_interstellar_wide_release,2014-11-07 19:12:04,gulpozen,Worst bath ever.,110,4,16,3,-1.0,1.0,4
interestelar,https://www.reddit.com/r/movies/comments/2ljk71/official_discussion_interstellar_wide_release,2014-11-07 21:57:49,j8sadm632b,"Would have been funnier if it was Cillian Murphy. Another Christopher Nolan movie with Murphy's face covered by a bag.

Even funnier because of the subsequent crying.

""Please, no more bags!""",255,3,191,31,-0.1708333333333333,0.3833333333333333,4
interestelar,https://www.reddit.com/r/movies/comments/2ljk71/official_discussion_interstellar_wide_release,2014-11-07 14:06:52,ThePotatoKing,"As soon as I saw him I squinted my eyes and was just like, ""Is- is that- is that Matt Damon?""  But seriously kudos to Nolan for keeping that a secret, he truly knows how to market a movie.",1723,2,188,39,-0.3666666666666667,0.6833333333333333,4
interestelar,https://www.reddit.com/r/movies/comments/2ljk71/official_discussion_interstellar_wide_release,2014-11-07 19:06:58,KnightBlue2,"Psyche, it was Mark Wahlberg the entire time.",790,3,45,8,0.0,0.625,4
interestelar,https://www.reddit.com/r/movies/comments/2ljk71/official_discussion_interstellar_wide_release,2014-11-07 16:30:31,[deleted],Is that... Dean Cain?,429,3,21,4,0.0,0.0,4
interestelar,https://www.reddit.com/r/movies/comments/2ljk71/official_discussion_interstellar_wide_release,2014-11-07 20:31:53,cnj2907,"I read almost 500 comments and nobody had mentioned the nailbiter sequence when Cooper docks back with Endurance after Mann makes a boo boo.That entire sequence was holy shit!!",3558,1,178,30,-0.10416666666666667,0.47500000000000003,4
interestelar,https://www.reddit.com/r/movies/comments/2ljk71/official_discussion_interstellar_wide_release,2014-11-08 03:33:31,TwistBadJam,"When we see the ship adjust to replicate the spin of endurance, and thus the g force exerted on the crew. Awesome.",780,2,114,22,1.0,1.0,4
interestelar,https://www.reddit.com/r/movies/comments/2ljk71/official_discussion_interstellar_wide_release,2014-11-08 15:44:11,BleedingPurpandGold,"After watching that video of the pilot in training in the G-force simulator, I really was blown away by how well that scene was acted. ",159,3,135,25,0.2,0.2,4
interestelar,https://www.reddit.com/r/movies/comments/2ljk71/official_discussion_interstellar_wide_release,2014-11-08 04:15:26,[deleted],"""It's not possible""

""It's necessary""",2344,2,37,5,0.0,1.0,4
interestelar,https://www.reddit.com/r/movies/comments/2ljk71/official_discussion_interstellar_wide_release,2014-11-08 01:29:07,JimmyTMalice,I loved the planet with the huge waves caused by the tidal forces of the black hole. Really cool concept.,1827,1,105,20,0.32083333333333336,0.6958333333333334,4
interestelar,https://www.reddit.com/r/movies/comments/2ljk71/official_discussion_interstellar_wide_release,2014-11-08 07:14:41,[deleted],"Absolutely.  A large smooth planet covered in water.  Oddly knee deep, until you realize that's just because the waves pulled it all in.  Awesome new concept for an alien world.",1251,2,177,30,0.19056895485466915,0.5404452690166976,4
interestelar,https://www.reddit.com/r/movies/comments/2ljk71/official_discussion_interstellar_wide_release,2014-11-09 08:10:00,TeutonJon78,"Yeah, at first I was like ""why is the landing gear going down for a water landing?""",663,3,83,17,0.04722222222222221,0.3111111111111111,4
interestelar,https://www.reddit.com/r/movies/comments/2ljk71/official_discussion_interstellar_wide_release,2014-11-07 06:21:03,Primat,It must be very frustrating to travel halfway across the universe only to meet batshit crazy Matt Damon who's trying to kill you and steal your spaceship.,343,1,154,27,-0.37333333333333335,0.9666666666666667,4
interestelar,https://www.reddit.com/r/movies/comments/2ljk71/official_discussion_interstellar_wide_release,2014-11-07 04:54:42,theBelatedLobster,"There were some great parallels and references to *2001: A Space Odyssey*, however, I particularly enjoyed who was framed as the threat to humanity.

Many of the human characters fuck up; Hathaway wants to chase up her love interest rather than the 'logical' decision. McConaughey wants to leave the mission to go back to Earth, potentially jeopardizing the survival of the human race. And Matt Damon goes crazy, ironically trying to save himself while preaching the opposite. But the AI characters, TARS and CASE seem to be the only ones 100% dedicated to the human cause; willing to sacrifice themselves for the good of mankind. But then again, they are robots and do what they are told. 

Also, could this be the second installment in a trilogy of movies where Nolan blows people up mid sentence?",1710,1,799,136,0.14499999999999996,0.40750000000000003,4
interestelar,https://www.reddit.com/r/movies/comments/2ljk71/official_discussion_interstellar_wide_release,2014-11-07 06:41:33,optimistic_outcome,"I really like how the robots seem to be conforming to the 3 laws of robotics.

1. A robot may not injure a human being or, through inaction, allow a human being to come to harm.

2. A robot must obey the orders given to it by human beings, except where such orders would conflict with the First Law.

3. A robot must protect its own existence as long as such protection does not conflict with the First or Second Law.

Except for maybe the tasing of Cooper when they first find NASA, but he didn't really seem to be physically harmed afterwards.",795,2,545,103,0.12142857142857143,0.30306122448979594,4
interestelar,https://www.reddit.com/r/movies/comments/2ljk71/official_discussion_interstellar_wide_release,2014-11-08 12:26:31,azrael6947,"I actually believe this to be incorrect. 

Cooper states to the robot when he first wakes up that he's ""not a marine anymore"". I believe that the robots were originally created to fulfill a role that humans could not.

When the famine first came everyone was hungry, so soldiers or police were not ideal to prevent riots and looting because they were hungry too.

So they built these robots to fulfill this role.

That's my theory anyways.",214,3,439,77,0.08499999999999999,0.5033333333333333,4
interestelar,https://www.reddit.com/r/movies/comments/2ljk71/official_discussion_interstellar_wide_release,2014-11-08 00:18:15,[deleted],"Way to pick favorites amongst your children, Cooper. What a dick. lol",1588,1,69,12,0.8,0.7,4
interestelar,https://www.reddit.com/r/movies/comments/2ljk71/official_discussion_interstellar_wide_release,2014-11-09 08:32:38,Jeemdee,"Yeah, fuck you Tom! The son who's always been loyal, cared for his house, farm and father. Understood his duty and sent him all those messages for 23 years.",1166,2,156,29,-0.08333333333333334,0.7166666666666667,4
interestelar,https://www.reddit.com/r/movies/comments/2ljk71/official_discussion_interstellar_wide_release,2014-11-08 19:51:22,matrixsuperstar,Subtle turning point in the movie... Coop gives the sounds of nature to Romilly.,1076,1,80,14,-0.3333333333333333,0.5,4
interestelar,https://www.reddit.com/r/movies/comments/2ljk71/official_discussion_interstellar_wide_release,2014-11-09 04:39:19,InflatableBombshelte,How did Romilly not lose his goddamn mind? He was pretty chill even though he was isolated much longer than Mann. Then a couple days after Cooper and Brand come back he just gets blown the fuck up.,666,2,197,38,0.012499999999999997,0.44999999999999996,4
interestelar,https://www.reddit.com/r/movies/comments/2ljk71/official_discussion_interstellar_wide_release,2014-11-09 05:15:38,NimTheDoor,He did math equations the whole time and he had a robot pal.,622,3,60,13,0.2,0.4,4
interestelar,https://www.reddit.com/r/movies/comments/2ljk71/official_discussion_interstellar_wide_release,2014-11-09 07:34:52,[deleted],a spinoff sitcom needs to happen detailing Romilly's 23 years on the ship with his robot pal ,675,4,93,17,0.0,0.0,4
interestelar,https://www.reddit.com/r/movies/comments/2ljk71/official_discussion_interstellar_wide_release,2014-11-14 05:26:51,1337speak,"Dude, that poor man waited 24 years and 3 days and then got blown up for trying to help repair a robot.",219,3,103,22,-0.4,0.6,4
interestelar,https://www.reddit.com/r/movies/comments/2ljk71/official_discussion_interstellar_wide_release,2014-11-12 11:13:01,[deleted],"Oh shit, Matt Damon! 

*10 minutes later* Fuck you Matt Damon.",1240,1,62,11,-0.21666666666666667,0.4666666666666666,4
interestelar,https://www.reddit.com/r/movies/comments/2ljk71/official_discussion_interstellar_wide_release,2014-11-07 07:43:01,McCyanide,"When they make it back from the tidal wave planet and discover that 23 years had gone by, the whole theater let out a collective sigh of ""hoooly shit..."" Fantastic movie. Definitely going to be viewing more than once.",3316,1,217,39,0.15,0.5166666666666667,4
interestelar,https://www.reddit.com/r/movies/comments/2ljk71/official_discussion_interstellar_wide_release,2014-11-08 10:09:58,[deleted],Nolan certainly does love the concept of time dilation.  ,469,2,57,9,0.35714285714285715,0.5857142857142856,4
interestelar,https://www.reddit.com/r/movies/comments/2ljk71/official_discussion_interstellar_wide_release,2014-11-08 02:51:14,Dunkelz,"I thought David Gyasi (Romilly, dude who stayed behind while they went down) did an amazing job at acting older especially in that scene, it really made the idea that he hadn't seen them in 20+ years sink in and like it really hit him seeing them again.",1610,2,253,48,0.0763888888888889,0.45277777777777783,4
interestelar,https://www.reddit.com/r/movies/comments/2ljk71/official_discussion_interstellar_wide_release,2014-11-09 02:11:25,[deleted], you could really tell they had been away for a long time and he had missed another face when Cooper walked right past him and he almost reached out to touch him like he wanted to touch another human it was almost heartbreaking to see that.,633,3,240,46,0.037142857142857144,0.29714285714285715,4
interestelar,https://www.reddit.com/r/movies/comments/2ljk71/official_discussion_interstellar_wide_release,2014-11-09 11:57:10,The_Unarmed_Doctor,His change of character after the 23 year thing was brilliant too. He was much more *mature*. ,186,3,94,17,0.5,0.5333333333333333,4
interestelar,https://www.reddit.com/r/movies/comments/2ljk71/official_discussion_interstellar_wide_release,2014-11-07 17:16:42,[deleted],"i actually said ""oh no"" like outloud. i didn't realize they'd been down that ""long"" on the surface. fuck that was brutal. ",215,2,122,22,-0.2961111111111111,0.47777777777777775,4
interestelar,https://www.reddit.com/r/movies/comments/2ljk71/official_discussion_interstellar_wide_release,2014-11-07 03:10:30,Spaceboy86,I walked out of the theatre thinking everyone on the outside world aged at least 50 years.,4489,1,90,17,-0.13333333333333333,0.2833333333333334,4
interestelar,https://www.reddit.com/r/movies/comments/2ljk71/official_discussion_interstellar_wide_release,2014-11-07 03:27:10,NimFromSudan,"Despite all it's other flaws, the ability to reel me in and make me forget the world was spectacular.

EDIT: the reel slim shady",1708,2,128,24,0.075,0.6333333333333333,4
interestelar,https://www.reddit.com/r/movies/comments/2ljk71/official_discussion_interstellar_wide_release,2014-11-07 17:10:56,Dolly_llama_,"""They keep getting older, but I stay the same age"" ",6747,1,51,10,0.08333333333333333,0.22916666666666666,4
interestelar,https://www.reddit.com/r/movies/comments/2ljk71/official_discussion_interstellar_wide_release,2014-11-10 09:47:29,bologniusmaximus,"Two primary emotions I felt through the whole movie. If anyone could define them in one word that would be grand!

1. The feeling of how massive space is, and how lonely it actually can be to wait 24 years for someone to return from a planet.

2. That strange sensation of how time is relevant, but your kids are now older than you. And you have to somehow continue life.",459,2,371,71,0.18240740740740743,0.5648148148148148,4
interestelar,https://www.reddit.com/r/movies/comments/2ljk71/official_discussion_interstellar_wide_release,2014-11-08 10:04:05,strik3r2k8,"(Spoiler)
.
.
Did anyone else initially think that during the black hole scene, that he was basically stuck outside of reality for all eternity? Like when a game character falls out of the world. Like he essentially glitched himself out of reality.",1836,1,248,43,-0.11333333333333333,0.23666666666666666,4
interestelar,https://www.reddit.com/r/movies/comments/2ljk71/official_discussion_interstellar_wide_release,2014-11-09 03:49:24,goshdurnit,"Yeah, when he was in the tesseract bookcase-type-thing, looking in at Murph, I was thinking he was in a kind of personal hell. Even the music, as I recall, made it feel like hell. This moment reminded me of Jodie Foster toward the end of Contact (surprised others haven't brought up Contact in this thread), or when David (Haley Joel Osmet) ends up at the bottom of the ocean in A.I. Ultimately, ending the movie at that point would've been less cheesy, but just way to sad/hopeless. ",948,2,484,87,0.005555555555555554,0.6944444444444445,4
interestelar,https://www.reddit.com/r/movies/comments/2ljk71/official_discussion_interstellar_wide_release,2014-11-09 13:31:11,FGoose,If humans ever do need to up and leave earth.....Matt Damon has to stay here....,689,1,80,15,0.0,0.0,4
interestelar,https://www.reddit.com/r/movies/comments/2ljk71/official_discussion_interstellar_wide_release,2014-11-07 06:05:33,shepardownsnorris,I thought he had realized she destroyed his farm and had come back to shoot her.  When she hugged him I was horrified.,1223,2,118,23,0.0,0.0,4
interestelar,https://www.reddit.com/r/movies/comments/2ljk71/official_discussion_interstellar_wide_release,2014-11-07 04:30:34,kylekylehotstuff,"I know I was thinking that too. I was just like no, no it can't end like that.",401,2,78,18,0.0,0.0,4
interestelar,https://www.reddit.com/r/movies/comments/2ljk71/official_discussion_interstellar_wide_release,2014-11-07 06:51:27,Leockard,"I thought he was going to kill her. Though harsh, at the moment I thought it would have been in line with the ""humans are unpredictable"" motif underlying the whole film.",361,2,169,31,-0.05555555555555556,0.7000000000000001,4
interestelar,https://www.reddit.com/r/movies/comments/2ljk71/official_discussion_interstellar_wide_release,2014-11-07 03:04:59,MitchOnReddit,I was not expecting to be tearing up *multiple* times. That scene where Mcconaughey sits down and watches 23 years of videos... heart-breaking.,6910,1,143,23,-0.07777777777777779,0.14444444444444446,4
interestelar,https://www.reddit.com/r/movies/comments/2ljk71/official_discussion_interstellar_wide_release,2014-11-07 03:19:29,LiteraryBoner,I also didn't expect a robot to be the funniest character. ,5246,2,59,11,0.0,0.0,4
interestelar,https://www.reddit.com/r/movies/comments/2ljk71/official_discussion_interstellar_wide_release,2014-11-07 04:13:26,psychosikh,"I was waiting for them to become evil the whole movie, best surprise was they stayed good.        Or did they?",2740,3,110,20,0.22499999999999998,0.575,4
interestelar,https://www.reddit.com/r/movies/comments/2ljk71/official_discussion_interstellar_wide_release,2014-11-07 23:56:30,Timtankard,"The design of the robots was the biggest standout for me.  I've never seen a film with such non-anthropomorphic robots.  There was also great misdirection with how their design initially seems so flawed and lumbering, then the reveal where you see how versatile they are.  Very cool. ",3152,4,284,47,0.151,0.519,4
interestelar,https://www.reddit.com/r/movies/comments/2ljk71/official_discussion_interstellar_wide_release,2014-11-08 03:49:04,ThatsWat_SHE_Said,"Exactly! So many years into the future and you mean to tell me that overgrown VCR is the best we can come up- oh my god that thing is shape shifting!

",1560,5,151,31,0.296875,0.403125,4
interestelar,https://www.reddit.com/r/movies/comments/2ljk71/official_discussion_interstellar_wide_release,2014-11-09 15:53:26,Roboticide,"""How the fuck do you expect him to sav-  oh.  He just turned into a wheel.  Damn.""",748,6,82,17,-0.4,0.6,4
interestelar,https://www.reddit.com/r/movies/comments/2ljk71/official_discussion_interstellar_wide_release,2014-11-13 19:17:34,hobnobbinbobthegob,"I know this thread is 4 days old, but I just saw it last night, and that was my ***exact*** reaction in that scene.  
 
*""Holy shit, that asterisk can haul ass through the water.""*",210,7,180,34,0.03749999999999999,0.32916666666666666,4
interestelar,https://www.reddit.com/r/movies/comments/2ljk71/official_discussion_interstellar_wide_release,2014-11-08 05:16:01,[deleted],That misdirection and reveal was one of the best executed uses of the technique I've ever seen. I was impressed with the impact it caused. People's reaction was audible in the theater. Masterfully done.,208,5,202,34,1.0,0.7666666666666666,4
interestelar,https://www.reddit.com/r/movies/comments/2ljk71/official_discussion_interstellar_wide_release,2014-11-07 05:10:40,notacute,Oh thank god I wasn't the only one.,486,4,35,8,0.0,1.0,4
interestelar,https://www.reddit.com/r/movies/comments/2ljk71/official_discussion_interstellar_wide_release,2014-11-07 06:00:28,iced327,"SO happy it wasn't man vs machine.

Self preservation vs species preservation is so much more interesting a conflict.",1187,5,117,19,0.6,0.6666666666666666,4
interestelar,https://www.reddit.com/r/movies/comments/2ljk71/official_discussion_interstellar_wide_release,2014-11-07 06:45:00,szg0033,"""slaves for my robot colony""",890,6,28,5,0.0,0.0,4
interestelar,https://www.reddit.com/r/movies/comments/2ljk71/official_discussion_interstellar_wide_release,2014-11-07 03:56:51,MitchOnReddit,Was definitely not expecting to care about a big metal block when I was watching the trailers. ,966,3,95,17,0.0,0.3,4
interestelar,https://www.reddit.com/r/movies/comments/2ljk71/official_discussion_interstellar_wide_release,2014-11-07 04:02:35,BPsandman84,"For a Nolan flick, this was surprisingly really funny on multiple occasions.

Although sometimes probably for reasons that weren't intentional.",561,3,143,20,0.125,0.5,4
interestelar,https://www.reddit.com/r/movies/comments/2ljk71/official_discussion_interstellar_wide_release,2014-11-07 10:02:18,l0rdv4d3r,Seeing Topher Grace with a crow bar is proof Nolan has a sense of humor. ,1239,4,73,15,0.0,0.0,4
interestelar,https://www.reddit.com/r/movies/comments/2ljk71/official_discussion_interstellar_wide_release,2014-11-07 03:40:28,[deleted],"I was pretty exhausted emotionally and mentally after leaving this movie.

Regardless of problems people have with the plot/characters etc., I think that it's pretty rare for a movie to make you both feel and think so much after it's over.  That to me, makes it a great movie.  ",2647,2,278,49,0.1625,0.675,4
interestelar,https://www.reddit.com/r/movies/comments/2ljk71/official_discussion_interstellar_wide_release,2014-11-07 06:03:01,woodjosiah,"Exactly how I felt. I'm not sure I've ever felt such a wide range of emotions during a movie. It left me exhausted, but in a good way. I think it's safely one of my favorite movies now, and I can't wait to buy it and watch it again.",693,3,232,49,0.13333333333333333,0.5376543209876543,4
interestelar,https://www.reddit.com/r/movies/comments/2ljk71/official_discussion_interstellar_wide_release,2014-11-07 04:19:27,menevets,Plus when Coop finally gets to see old Murph. ,870,2,46,9,0.05,0.6,4
interestelar,https://www.reddit.com/r/movies/comments/2ljk71/official_discussion_interstellar_wide_release,2014-11-08 15:25:05,Pipiyopi,"""Because my dad promised me"". Oh god that line had me. ",488,3,55,11,0.0,0.0,4
interestelar,https://www.reddit.com/r/movies/comments/2ljk71/official_discussion_interstellar_wide_release,2014-11-07 17:56:21,aliveandwellthanks,"I couldn't handle that. The realization of seeing a father come to his child's death bed as an old woman, and him the same age as he left. What a mind fuck that is. Tore me up ",774,3,176,37,-0.07500000000000001,0.23125,4
interestelar,https://www.reddit.com/r/movies/comments/2ljk71/official_discussion_interstellar_wide_release,2014-11-07 05:43:07,iambrian101,So who else jumped out of their seat when Matt Damon opened that hatch?,3407,1,71,14,0.0,0.0,4
interestelar,https://www.reddit.com/r/movies/comments/2ljk71/official_discussion_interstellar_wide_release,2014-11-07 22:54:26,wangulator,We all knew it was coming. All the clues were there. We were given so much time. And I still jumped like a startled gazelle.,926,2,124,25,0.2,0.2,4
interestelar,https://www.reddit.com/r/movies/comments/2ljk71/official_discussion_interstellar_wide_release,2014-11-09 06:11:30,JayGold,You can never properly prepare for a jump scare in the middle of a sentence.,149,3,76,15,0.0,0.05,4
interestelar,https://www.reddit.com/r/movies/comments/2ljk71/official_discussion_interstellar_wide_release,2014-11-07 16:50:10,GoodOlSpence,"Oh yes, and it's been a long time since a movie made me jump like that. The sound placement combined with the angle of the explosion definitely made it feel like something just happened that shouldn't have. There were some nervous chuckles in my theater after that.",918,2,265,47,0.11666666666666668,0.43333333333333335,4
interestelar,https://www.reddit.com/r/movies/comments/2ljk71/official_discussion_interstellar_wide_release,2014-11-09 02:16:54,Hurt69420,"I find it funny that the plan for setting up a baby colony was called ""Plan B"".",2271,1,79,17,0.25,1.0,4
interestelar,https://www.reddit.com/r/movies/comments/2ljk71/official_discussion_interstellar_wide_release,2014-11-07 06:06:06,Gerryoak,The black guy died second!,3098,1,26,5,-0.08333333333333333,0.21666666666666667,4
interestelar,https://www.reddit.com/r/movies/comments/2ljk71/official_discussion_interstellar_wide_release,2014-11-07 19:43:32,Hoticewater,"Well, technically, he lived longer than anyone on the ship. ",2871,2,60,10,0.0,0.1,4
interestelar,https://www.reddit.com/r/movies/comments/2ljk71/official_discussion_interstellar_wide_release,2014-11-07 23:45:53,[deleted],"Yea, that had to suck, spending 1/3 of your life waiting for their hour trip to be over just to die a few hours in on the next planet.",1668,3,134,29,-0.1,0.05,4
interestelar,https://www.reddit.com/r/movies/comments/2ljk71/official_discussion_interstellar_wide_release,2014-11-07 23:53:13,Hoticewater,By some dickwad that wasn't alone half as long as you were...,1648,4,61,12,-0.10833333333333334,0.2833333333333333,4
interestelar,https://www.reddit.com/r/movies/comments/2ljk71/official_discussion_interstellar_wide_release,2014-11-08 00:31:52,[deleted],Who was complaining about how bad being alone was....,949,5,53,9,-0.6999999999999998,0.6666666666666666,4
interestelar,https://www.reddit.com/r/movies/comments/2ljk71/official_discussion_interstellar_wide_release,2014-11-08 00:59:39,Hoticewater,"Solitude was a recurring theme. It was highlighted in the scene where Cooper gave Romilly the audio of Earth (crickets, rain), after Romilly voiced his discomfort of floating in the void. The first thing Mann expressed when waking up was that he hoped they never knew how good it could be to see another face. He admitted his struggle of wether or not to press the button upon realiZing his planet wasn't the one. Sure, his decision didn't stem completely from being alone, but it clearly played a role. Mann, NASA's model austronaut, couldn't handle the thought of denying alone and betrayed his species. Romilly, on the other hand, had a fear of being alone and hopeless but remained loyal to his crew.",766,6,704,123,0.2654761904761905,0.5448412698412699,4
interestelar,https://www.reddit.com/r/movies/comments/2ljk71/official_discussion_interstellar_wide_release,2014-11-07 03:24:16,[deleted],"My favorite emotional parts:

Cooper seeing his kids age 23 years

Brand sadly touching Romilly's aged face

Mann hugging Cooper after being awaken after many years of isolation

Cooper yelling from behind the bookcase to Murphy to not let earlier Cooper leave",2396,1,260,42,0.14285714285714285,0.6071428571428571,4
interestelar,https://www.reddit.com/r/movies/comments/2ljk71/official_discussion_interstellar_wide_release,2014-11-07 06:19:47,madhjsp,"I *loved* that shot and the scene where they first enter space, where it's totally silent. So many films would put some kind of music there and I felt it was so much more effective at conveying a sense of vastness and isolation by realistically omitting all sound. ",1197,3,265,48,0.44375,0.5416666666666667,4
interestelar,https://www.reddit.com/r/movies/comments/2ljk71/official_discussion_interstellar_wide_release,2014-11-07 14:12:52,sinkwiththeship,My first reaction walking out of the movie was that the use of silence was perfect. It really captured the blankness that is the vacuum of space.,608,4,145,27,0.36041666666666666,0.3833333333333333,4
interestelar,https://www.reddit.com/r/movies/comments/2ljk71/official_discussion_interstellar_wide_release,2014-11-07 16:54:26,[deleted],Sorry but we don't know that space is silent.  We faked our Apollo program to bankrupt the Soviets.  Thought the movie made this abundantly clear.,1347,5,146,25,-0.13333333333333333,0.49444444444444446,4
interestelar,https://www.reddit.com/r/movies/comments/2ljk71/official_discussion_interstellar_wide_release,2014-11-07 06:35:46,saranowitz,Also loved the 2001 monolith from Saturn reference they used TARS for at the end.,164,3,81,15,0.7,0.8,4
interestelar,https://www.reddit.com/r/movies/comments/2ljk71/official_discussion_interstellar_wide_release,2014-11-07 04:11:59,menevets,"Coop to Mann as Mann is bawling: It's not your fault, it's not your fault...",605,2,76,15,0.0,0.0,4
interestelar,https://www.reddit.com/r/movies/comments/2ljk71/official_discussion_interstellar_wide_release,2014-11-07 04:31:29,minajay,Except it was his fault. ,523,3,25,5,0.0,0.0,4
interestelar,https://www.reddit.com/r/movies/comments/2ljk71/official_discussion_interstellar_wide_release,2014-11-07 05:00:14,BPsandman84,BAD WILL HUNTING! ,1149,4,18,3,-0.8749999999999998,0.6666666666666666,4
interestelar,https://www.reddit.com/r/movies/comments/2ljk71/official_discussion_interstellar_wide_release,2014-11-07 05:41:34,[deleted],"As soon he his first reaction was to cry like a baby, you knew 'the best of us' was just scared and alone. The betrayal wasn't a surprise. ",351,3,139,28,0.625,0.31666666666666665,4
interestelar,https://www.reddit.com/r/movies/comments/2ljk71/official_discussion_interstellar_wide_release,2014-11-07 06:07:51,TSKmemphis,What I loved best is the speech he gave about how man will always look after himself as an individual and not as a species. All while Mann (see what they did there) did everything to save himself.,435,4,196,38,0.5666666666666667,0.5,4
interestelar,https://www.reddit.com/r/movies/comments/2ljk71/official_discussion_interstellar_wide_release,2014-11-07 05:51:19,eatmyorangebiscuit,Coop to murph when she was old and dying... That last 5 mins.... I was a blubbering mess ,427,2,89,18,-0.024999999999999994,0.14722222222222223,4
interestelar,https://www.reddit.com/r/movies/comments/2ljk71/official_discussion_interstellar_wide_release,2014-11-07 10:30:28,o-o-o-o-o-o,"""My dad promised he'd come back"" 

='(",487,3,38,7,0.0,0.0,4
interestelar,https://www.reddit.com/r/movies/comments/2ljk71/official_discussion_interstellar_wide_release,2014-11-08 17:32:11,daingandcrumpets,"I love how the movie has that retro look. Switches, controls, knobs and buttons have heft. No fancy touch screens, no splashy monitor screens. Heck even the AI robots look like 32 bit pixels from Minecraft. It harkens to the golden age of NASA where by god,  they dared to dream that landing a man on the moon was doable. This movie captured that optimism despite the seemingly hopeless situation on our home planet.",1358,1,416,74,0.4,0.55,4
interestelar,https://www.reddit.com/r/movies/comments/2ljk71/official_discussion_interstellar_wide_release,2014-11-09 07:44:57,grantly0711,"I liked all the ""aged"" new technology. Like when they all go under for the ""long nap"" the first time and the trim around the pods actually have grout like an old bathroom.",396,2,171,33,0.13376623376623376,0.38398268398268404,4
interestelar,https://www.reddit.com/r/movies/comments/2ljk71/official_discussion_interstellar_wide_release,2014-11-07 13:07:08,AlbertHummus,"As a hard sci-fi fan who adores the genre when it is most willing to delve into the bizarro side of our universe, I enjoyed the third act. There was this one reviewer who wrote ""There are no aliens in Interstellar. And that's not a spoiler.""

That is a spoiler. What a douche.",3868,1,276,53,0.19166666666666665,0.49833333333333324,4
interestelar,https://www.reddit.com/r/movies/comments/2ljk71/official_discussion_interstellar_wide_release,2014-11-08 10:20:36,kinopleaser,"I read one review that said
""Other characters appear, and one of them is played by Matt Damon; to say more would risk giving away a significant plot point. I will say, however, that a substantial chunk of action involves two astronauts wrestling, and bumping visors in order to bust them."" 
",1770,2,291,51,0.2125,0.4625,4
interestelar,https://www.reddit.com/r/movies/comments/2ljk71/official_discussion_interstellar_wide_release,2014-11-08 13:23:56,ajdin313,Wow. That's just ridiculous. ,1135,3,29,4,-0.11666666666666665,1.0,4
interestelar,https://www.reddit.com/r/movies/comments/2ljk71/official_discussion_interstellar_wide_release,2014-11-09 01:49:59,terribleatkaraoke,"""To say more would risk giving away a significant plot point. Oh and here's a significant plot point!""

What the fuck",666,3,117,21,0.2359375,0.7125,4
interestelar,https://www.reddit.com/r/movies/comments/2ljk71/official_discussion_interstellar_wide_release,2014-11-08 00:02:37,Jay_Train,"Yeah, wtf, that spoils the whole fucking third act lol",915,2,54,10,0.125,0.5249999999999999,4
interestelar,https://www.reddit.com/r/movies/comments/2ljk71/official_discussion_interstellar_wide_release,2014-11-09 07:37:14,grantly0711,"It kind of spoils the first act too when they mentioned ""they.""",157,3,63,12,0.425,0.6166666666666667,4
interestelar,https://www.reddit.com/r/movies/comments/2ljk71/official_discussion_interstellar_wide_release,2014-11-07 08:06:44,[deleted],Dr. Mann is man's worst enemy. Mann is man's worst enemy. Oh Nolan...,3616,1,69,13,-1.0,1.0,4
interestelar,https://www.reddit.com/r/movies/comments/2ljk71/official_discussion_interstellar_wide_release,2014-11-08 00:37:20,MadMurilo,"I got the same felling. Brand said she isn't expecting Evil in the other planets.
Nature and the enviroment can be everything, but not evil. 
The only evil mas Mann itself.",1226,2,172,31,-0.2708333333333333,0.75,4
interestelar,https://www.reddit.com/r/movies/comments/2ljk71/official_discussion_interstellar_wide_release,2014-11-07 10:29:12,jghaines,"The Nolans named Inception's antagonist 'Mal' (as in the latin), so I think you are right on this one.",562,2,102,19,0.2857142857142857,0.5357142857142857,4
interestelar,https://www.reddit.com/r/movies/comments/2ljk71/official_discussion_interstellar_wide_release,2014-11-09 12:53:27,Afzichtelijk,"Let's take a moment to appreciate the wormhole scene. Copied from the wiki

*""In creating the wormhole and a supermassive rotating black hole, which as opposed to a non-rotating black hole possesses an ergosphere, Dr. Thorne collaborated with visual effect supervisor Paul Franklin and a team of 30 computer effects artists at Double Negative. Thorne would provide pages of deeply sourced theoretical equations to the artists, who then wrote new CGI rendering software based on these equations to create accurate computer simulations of the gravitational lensing caused by these phenomena. Some individual frames took up to 100 hours to render, and ultimately resulted in 800 terabytes of data. The resulting visual effect provided Dr. Thorne with new insight into the effects of gravitational lensing and accretion disks surrounding black holes, and will lead to the creation of two scientific papers; one for the astrophysics community and one for the computer graphics community.[58]""*

TL;DR new CGI software written just for that scene, 800TBS of data, new insights into gravitational lensing, 2 scientific papers written",1126,1,1126,173,0.009090909090909096,0.3782196969696969,4
interestelar,https://www.reddit.com/r/movies/comments/2ljk71/official_discussion_interstellar_wide_release,2014-11-07 09:01:25,Jimmyg100,"Loved the movie, but there's one thing that I kept thinking about after they got off the first planet. They knew an hour on that planet would be 7 years in their time, and they knew the first explorer landed there 10 years ago. Maybe I missed it, but why would they assume the astronaut that landed on that planet had enough time to explore it and deem it habitable after only a little over an hour?",1656,1,399,77,0.16874999999999998,0.5777777777777778,4
interestelar,https://www.reddit.com/r/movies/comments/2ljk71/official_discussion_interstellar_wide_release,2014-11-07 09:45:23,Winnah9000,That's actually a valid point. I can only imagine they didn't think it was that drastic because of the continuous pings (designating some kind of time increment) from the ship's remains. Especially because after they get in the ship Anne Hathaway talks about it's probably only been minutes since the scientist was killed.,918,2,322,53,0.06666666666666667,0.6666666666666666,4
interestelar,https://www.reddit.com/r/movies/comments/2ljk71/official_discussion_interstellar_wide_release,2014-11-07 10:05:29,Jimmyg100,"But they did talk about the time differences before they went there, that's why they chose to keep the ship in orbit around the black hole instead of closer to the planet. Anyway, I didn't understand why they felt that had to be the first planet for them to explore. Or, while we're on the topic, why expendable astronaut #1 didn't climb into the ship while they were waiting for the robot to rescue Anne Hathaway.

That being said, I got why it was done like that for thematic purposes. The first planet was supposed to represent man's struggle with nature. The second planet was supposed to represent man's struggle with man.",830,3,627,112,0.06666666666666668,0.21999999999999997,4
interestelar,https://www.reddit.com/r/movies/comments/2ljk71/official_discussion_interstellar_wide_release,2014-11-09 08:03:53,TeutonJon78,"&gt; Or, while we're on the topic, why expendable astronaut #1 didn't climb into the ship while they were waiting for the robot to rescue Anne Hathaway.

This was the only part of the whole movie that left me a little WTF.

Spinning robot butler is going to save her, get your ass back on the ship instead of standing there watching. And even when he's back at the ship, he turns around to check on their progress instead of getting in first. I understand the plot point that he needed to die in order to give Brand the first inkling of fallibility, but it could have been tweaked to be just a little less .... deliberate.",127,4,622,117,-0.031060606060606063,0.37575757575757573,4
interestelar,https://www.reddit.com/r/movies/comments/2ljk71/official_discussion_interstellar_wide_release,2014-11-07 06:51:04,[deleted],"Well, I need to re-evaluate my life. Goodnight.",2171,1,47,8,0.0,0.0,4
interestelar,https://www.reddit.com/r/movies/comments/2ljk71/official_discussion_interstellar_wide_release,2014-11-08 03:39:42,hibbert0604,"This movie depressed the fuck out of me due to the fact that I will never get to see some of the things portrayed. Can you imagine living on that Saturn station/colony. Who knows if that is even possible, but the concept of it is just cool as fuck. ",373,2,249,49,-0.11500000000000002,0.645,4
interestelar,https://www.reddit.com/r/movies/comments/2ljk71/official_discussion_interstellar_wide_release,2014-11-07 11:14:01,pauseforasecond,I'm sitting here just sort of in shock. I loved the movie but I need a hug and a cup of tea followed by a few episodes of South Park to bring my brain back to a normal level!,735,2,174,39,0.171875,0.38749999999999996,4
interestelar,https://www.reddit.com/r/movies/comments/2ljk71/official_discussion_interstellar_wide_release,2014-11-07 06:09:36,MarcDe,Anyone else find it in impossible to understand Michael Caine (Professor Brand) on his deathbead?,3428,1,97,15,-0.6666666666666666,1.0,4
interestelar,https://www.reddit.com/r/movies/comments/2ljk71/official_discussion_interstellar_wide_release,2014-11-07 08:05:57,Dobloro,"Personally, the only thing I didn't catch was the last couple words he said, which may have been intentional.  Granted I saw it in IMAX and it was super loud.  I've actually got a headache after seeing it, but totally worth it.",694,2,227,42,0.10476190476190476,0.4333333333333333,4
interestelar,https://www.reddit.com/r/movies/comments/2ljk71/official_discussion_interstellar_wide_release,2014-11-07 08:23:05,mil_phickelson,"Do not go gentle. You can't go gently through the event horizon of a black hole (the ""good night"")",577,3,98,19,0.23333333333333334,0.6583333333333333,4
interestelar,https://www.reddit.com/r/movies/comments/2ljk71/official_discussion_interstellar_wide_release,2014-11-07 05:22:43,untrustableskeptic,"Hans Zimmer. Wow. He blew it out of the water on this one. Also I am very glad that Nolan acknowledged the whole ""no sound in space"" thing. Very well done.",4908,1,155,31,0.19,0.6199999999999999,4
interestelar,https://www.reddit.com/r/movies/comments/2ljk71/official_discussion_interstellar_wide_release,2014-11-07 05:26:17,Zyner,"The no sound in space was so relieving and I found it to actually be even more immersive than having some soundtrack playing, specially during the airlock explosion scene with Dr. Mann where the explosion was quickly followed by eerie silence.",2389,2,243,41,0.08174603174603175,0.5119047619047619,4
interestelar,https://www.reddit.com/r/movies/comments/2ljk71/official_discussion_interstellar_wide_release,2014-11-07 14:54:30,TheTomD,"That explosion still scared the shit out of me...I don't know how I wasn't prepared for it.

'Oh, he's in the middle of a sent-OH SWEET JESUS!'",1889,3,143,27,0.07916666666666666,0.4833333333333334,4
interestelar,https://www.reddit.com/r/movies/comments/2ljk71/official_discussion_interstellar_wide_release,2014-11-07 18:10:59,latherus,Then... *silence*...,585,4,20,2,0.0,0.0,4
interestelar,https://www.reddit.com/r/movies/comments/2ljk71/official_discussion_interstellar_wide_release,2014-11-07 18:58:08,TheTomD,"An incredible use of silence at that, as with other powerful moments during the film. ",187,5,86,15,0.35833333333333334,0.7583333333333333,4
interestelar,https://www.reddit.com/r/movies/comments/2ljk71/official_discussion_interstellar_wide_release,2014-11-07 23:50:38,burger333,"""There is a moment-""",86,4,20,4,0.0,0.0,4
interestelar,https://www.reddit.com/r/movies/comments/2ljk71/official_discussion_interstellar_wide_release,2014-11-07 07:35:25,pokeaotic,"I LOVED that part.  Probably nearly a dozen times in the movie they cut to something super loud, and then all of a sudden they do the opposite - cut to absolute silence right as the explosion goes off.  One of my favourite parts.",593,3,229,44,0.2148809523809524,0.5752976190476191,4
interestelar,https://www.reddit.com/r/movies/comments/2ljk71/official_discussion_interstellar_wide_release,2014-11-07 18:53:01,wangulator,During the 23 years of messages part where Affleck stops his last message and the music stops at the same time.. I was a mess.,573,4,126,25,-0.05833333333333333,0.12222222222222222,4
interestelar,https://www.reddit.com/r/movies/comments/2ljk71/official_discussion_interstellar_wide_release,2014-11-07 15:01:47,PantslessDan,I loved the use of an organ instead of his usual large string and percussion ensembles. ,220,2,88,16,0.22142857142857142,0.4928571428571429,4
interestelar,https://www.reddit.com/r/movies/comments/2ljk71/official_discussion_interstellar_wide_release,2014-11-07 04:50:06,humanbeingarobot,Did anyone else notice the very Space Oddyssey-like musical cues when they first docked with the Endurance after the launch?,629,2,124,20,0.15,0.2111111111111111,4
interestelar,https://www.reddit.com/r/movies/comments/2ljk71/official_discussion_interstellar_wide_release,2014-11-08 13:33:51,citizencharlie,"Did anyone else feel Coop's reunion with old Murph is a bit nonchalant for everyone else in the room?  Coop's grandkids and great-grandkids appear to barely notice him.  They give dad and daughter some space and then immediately close back in on Murph when Coop steps back.  Wouldn't someone walk up and shake granddad's hand?  In fact, all the future folk seemed mighty uninterested and almost bored with this 124 year old back from wherever.  ",558,1,445,75,0.016666666666666673,0.2805555555555556,4
interestelar,https://www.reddit.com/r/movies/comments/2ljk71/official_discussion_interstellar_wide_release,2014-11-09 12:44:52,TensePsychopath,And how there was absolutely no mention of Coop's son and family. Even Coop himself forgot.,260,2,91,16,-0.1,0.9,4
interestelar,https://www.reddit.com/r/movies/comments/2ljk71/official_discussion_interstellar_wide_release,2014-11-08 21:36:19,biggamax,"I had a problem with that, as well.  If your grandfather came to visit you today, after having never been seen since 1924, well... that's kind of a big deal.  Merits a better reaction than was shown.",282,2,199,37,0.3666666666666667,0.5,4
interestelar,https://www.reddit.com/r/movies/comments/2ljk71/official_discussion_interstellar_wide_release,2014-11-08 17:30:11,HotCrockets,"There wasn't enough time for that. That scene was for him and Murph. They both knee what was coming, but she put herself in cryo sleep for two years just to see him before she died.",89,2,181,36,0.0,0.5,4
interestelar,https://www.reddit.com/r/movies/comments/2ljk71/official_discussion_interstellar_wide_release,2014-11-12 15:46:18,mmihovil,"I enjoyed Coop's ""tunnel vision"" in that scene. So much built up anticipation on seeing his daughter again, it's like the other people didn't exist or matter. I know that's kind of dark because they are technically family, but it just represented even more strongly the strong timeless love and connection between murph and coop.",86,2,329,55,0.2891666666666667,0.5241666666666667,4
interestelar,https://www.reddit.com/r/movies/comments/2ljk71/official_discussion_interstellar_wide_release,2014-11-08 17:40:58,the_parippu_knight,"The moment they return after exploring the first planet and Romilly reveals that 23 years had passed, the entire theater gasped. That was a true ""Oh Shit"" moment. ",406,1,163,28,0.09999999999999999,0.6020833333333333,4
interestelar,https://www.reddit.com/r/movies/comments/2ljk71/official_discussion_interstellar_wide_release,2014-11-08 18:15:38,metalman7,"Anyone notice the cuts from the Ken Burns doc on the dustbowl?  Those were real interviews about the dust storms.  Might have used them a bit much, but they were real.",266,1,167,31,0.20000000000000004,0.26666666666666666,4
interestelar,https://www.reddit.com/r/movies/comments/2ljk71/official_discussion_interstellar_wide_release,2015-04-03 12:59:02,nic1234,"Young Murph  - ""Dad... I thought you were the ghost""  

First line. Damn.",125,1,73,13,0.175,0.3666666666666667,4
interestelar,https://www.reddit.com/r/movies/comments/2ljk71/official_discussion_interstellar_wide_release,2014-11-08 16:10:00,Trust_No_Won,"I'm really surprised no one has mentioned Amelia's last scenes, where she finally gets to the right planet for humans to resettle, but due to the time dilation effects from their last slingshot around Gargantua, Edwards died before she could get there.  

I thought it was very sad.  Especially given how Murph and Coop just wanted one more chance to see each other, you can imagine how much she had been hoping he would have still been there, but there's no way he survived 80 years in hypersleep.",722,1,498,88,0.01688311688311688,0.5471861471861472,4
interestelar,https://www.reddit.com/r/movies/comments/2ljk71/official_discussion_interstellar_wide_release,2014-11-07 03:13:28,jds76,"Saw it in IMAX (was actually my first IMAX experience) and it was incredible. I even went out of my way, after I saw the teaser trailer, to avoid all trailers/commercials about the movie and it worked. I wasn't spoiled a bit. I watched the latest trailer after I saw the movie and it completely gave away the mountains actually being a tidal wave on the first planet. 

Loved the movie, even if the 5th dimensional book case plot line was a little strange. This was the most ambitious film I've ever seen. There were moments I almost teared up and scenes that had me in awe. It was fun and took me on an adventure and that's what I look for most in a movie like this. ",819,1,668,128,0.30865384615384617,0.4897435897435898,4
interestelar,https://www.reddit.com/r/movies/comments/2ljk71/official_discussion_interstellar_wide_release,2014-11-07 03:47:15,blahdenfreude,I'm curious to see the full cut. I imagine some chopping went on. ,139,2,66,13,0.12499999999999999,0.775,4
interestelar,https://www.reddit.com/r/movies/comments/2ljk71/official_discussion_interstellar_wide_release,2014-11-07 05:42:40,waka_kurosawa,If Nolan did a director's cut for any of his films I wish it'd be this one. I wouldn't mind a four hour cut,273,3,107,24,0.0,0.0,4
interestelar,https://www.reddit.com/r/movies/comments/2ljk71/official_discussion_interstellar_wide_release,2014-11-07 03:32:06,jarjartwinks,there was about a 45 year old man sitting next to me that must have started bawling about 15 different times. literally wiping his eyes and blowing his nose ,371,2,157,29,0.03333333333333333,0.26666666666666666,4
interestelar,https://www.reddit.com/r/movies/comments/2ljk71/official_discussion_interstellar_wide_release,2014-11-07 07:12:21,TheWanderingSuperman,Quick question - why did Dr. Mann's ship/pod/lab blow up when Romilly tried to activate the robot? Had Dr. Mann (Matt Damon) rigged it to blow?,497,1,143,26,0.3333333333333333,0.5,4
interestelar,https://www.reddit.com/r/movies/comments/2ljk71/official_discussion_interstellar_wide_release,2014-11-07 09:00:53,hypotyposis,"That seems to be the consensus between other posters. Because if Romilly had gotten the robot properly working, he would have realized a all the supposed resources the planet had were nonexistent.",685,2,196,32,-0.0625,0.2375,4
interestelar,https://www.reddit.com/r/movies/comments/2ljk71/official_discussion_interstellar_wide_release,2014-11-07 13:31:03,mki401,"I'm pretty sure he stated something to that effect right before the explosion. ""This data is all wrong."" Or something similar.",518,3,126,21,0.10714285714285712,0.7449206349206349,4
interestelar,https://www.reddit.com/r/movies/comments/2ljk71/official_discussion_interstellar_wide_release,2014-11-07 23:42:10,MattSayar,&gt;This data doesn't make any sense!,281,4,37,6,0.0,0.0,4
interestelar,https://www.reddit.com/r/movies/comments/2ljk71/official_discussion_interstellar_wide_release,2014-11-07 12:36:26,utspg1980,"This is another guy and my viewpoint:

wyrosbp90 6 points 3 hours ago 
I came to the idea that the robot found out Mann was trying to save himself, jeopardizing the mission, and set itself to self-destruct, but Mann was able to dismantle it beforehand.

[–]utspg1980 1 point 5 minutes ago 
Yeah this is my interpretation as well.
Mann fought and disabled it before the countdown finished. When they reboot it, the countdown begins again before the robot can determine the changes in its surroundings.
Just goes to further how good the robots were in this movie. The 3rd robot was able to realize Mann was risking mankind, and took action to save the species.",279,2,658,115,0.2285714285714286,0.3928571428571429,4
interestelar,https://www.reddit.com/r/movies/comments/2ljk71/official_discussion_interstellar_wide_release,2014-11-08 21:58:55,alexzz123,"I loved the movie, I just have one question. Did the government lie saying the Apollo missions were faked so they can encourage humans to become the caretaker generation?",112,1,170,29,0.7,0.8,4
interestelar,https://www.reddit.com/r/movies/comments/2ljk71/official_discussion_interstellar_wide_release,2014-11-08 22:03:25,HEATLE,Saying the Apollo missions were fakes is basically denying any possibility of settling onto other planets. It's a way for the government to make the citizens try that much harder to keep earth going. ,180,2,200,34,-0.1125,0.1875,4
interestelar,https://www.reddit.com/r/movies/comments/2ljk71/official_discussion_interstellar_wide_release,2014-11-09 18:51:55,Centrocampo,2001: A Space McConaughey,529,1,25,4,0.0,0.0,4
interestelar,https://www.reddit.com/r/movies/comments/2ljk71/official_discussion_interstellar_wide_release,2014-11-07 10:11:19,braden41500,Did anyone else think the robots looked idiotic until they transformed and started rolling around and shit and then immediately fell in love with them? Cuz i did.,2832,1,162,28,-0.12222222222222223,0.7444444444444445,4
interestelar,https://www.reddit.com/r/movies/comments/2ljk71/official_discussion_interstellar_wide_release,2014-11-10 05:35:55,hankhillforprez,The robots were actually very funny.  I never knew Nolan good have such a good subtle humor.  ,178,3,94,17,0.2783333333333333,0.64,4
interestelar,https://www.reddit.com/r/movies/comments/2ljk71/official_discussion_interstellar_wide_release,2014-11-11 02:03:08,that_random_potato,Humor at 90%,202,4,12,3,0.0,0.0,4
interestelar,https://www.reddit.com/r/movies/comments/2ljk71/official_discussion_interstellar_wide_release,2014-11-16 20:00:00,Virsaviya,"""Self destruct in 10, 9, 8...""

""Humor at 60%""

""Knock knock""",198,5,61,11,0.0,0.0,4
interestelar,https://www.reddit.com/r/movies/comments/2ljk71/official_discussion_interstellar_wide_release,2014-11-07 13:10:55,AlbertHummus,"When Tars becomes a wheel and saves Amelia from the waves, that's when I realized ""holy shit these guys are awesome""",1403,2,116,21,0.4,0.9,4
interestelar,https://www.reddit.com/r/movies/comments/2ljk71/official_discussion_interstellar_wide_release,2014-11-07 17:01:21,[deleted],"I think that might have been CASE.  But yes, that was so freaking cool.",628,3,71,14,0.35,0.65,4
interestelar,https://www.reddit.com/r/movies/comments/2ljk71/official_discussion_interstellar_wide_release,2014-11-10 01:52:34,Easilycrazyhat,"What are you saying? That all robots look the same? God, the nerve of some people.",116,4,82,16,0.0,0.125,4
interestelar,https://www.reddit.com/r/movies/comments/2ljk71/official_discussion_interstellar_wide_release,2014-11-07 12:47:35,weighingthedog,"Yup. First I was like, ""Who the fuck would build a rectangle robot that basically uses crutches to walk."" Then I was like c:",684,2,124,24,-0.07500000000000001,0.4666666666666667,4
interestelar,https://www.reddit.com/r/movies/comments/2ljk71/official_discussion_interstellar_wide_release,2014-11-08 05:01:59,Troika_,"I was also blown away by their voice acting. They were able to put so much personality into faceless machines after just a few sentences of dialogue, I felt like I knew immediately who they were. They also weren't in-your-face kitchy stereotypes, like making TARS overly whacky and slapstick. It really was something I've never heard.",187,2,334,56,0.13999999999999999,0.225,4
interestelar,https://www.reddit.com/r/movies/comments/2ljk71/official_discussion_interstellar_wide_release,2014-11-07 05:00:03,An_Innocent_Bunny,Hans Zimmer you amazing bastard.,1756,1,32,5,0.6000000000000001,0.9,4
interestelar,https://www.reddit.com/r/movies/comments/2ljk71/official_discussion_interstellar_wide_release,2014-11-07 07:02:07,that_guy2010,"When they land on the first planet, and the ticking clock started I got chills. ",840,2,80,15,0.25,0.3333333333333333,4
interestelar,https://www.reddit.com/r/movies/comments/2ljk71/official_discussion_interstellar_wide_release,2014-11-07 08:11:19,WhatTheeFuckIsReddit,"all of his scores usually go up on Spotify the week before the movie is released so i was excited to come home and listen to it after watching the movie, go home an hour ago and i see that it's not on Spotify... such a downer.
 
the best, in my opinion, is when the Endurance is spinning out of control about to crash into the ice planet and Cooper had to attach himself to it, the music playing during that scene was so powerful that i was disappointed to find out that it's not on spotify",282,2,490,97,0.1125,0.5916666666666667,4
interestelar,https://www.reddit.com/r/movies/comments/2ljk71/official_discussion_interstellar_wide_release,2014-11-08 00:39:58,mikejohnno,"Just watched it tonight. Fuck me I was blown away. Things I liked:

* Music fitted and blew me away
* Silence in space and the explosion were incredible
* Surprise Matt Damon
* The twist of Cooper sacrificing himself then surviving
* Incredible lift off scene
* Incredible spinning scene
* They're not mountains they're waves!",557,1,326,57,0.6,0.82,4
interestelar,https://www.reddit.com/r/movies/comments/2ljk71/official_discussion_interstellar_wide_release,2014-11-07 05:02:26,GreedE,"Did anyone else have people in their cinema going ""Matt Damon"" in the Team America voice, or was I the unlucky one?",1537,1,115,22,0.0,0.0,4
interestelar,https://www.reddit.com/r/movies/comments/2ljk71/official_discussion_interstellar_wide_release,2014-11-07 07:06:13,[deleted],I had the decency to wait until I was in my car,1659,2,47,12,0.0,0.0,4
interestelar,https://www.reddit.com/r/movies/comments/2ljk71/official_discussion_interstellar_wide_release,2014-11-07 04:17:34,ninjames,"So many hair raising moments. 
So many jaw dropping scenes. 
So many exhilarating visuals. 
Such thunderous music. 
One very profound movie that will stay with me for a long long while. ",641,1,186,31,0.27604166666666674,0.5875,4
interestelar,https://www.reddit.com/r/movies/comments/2ljk71/official_discussion_interstellar_wide_release,2014-11-07 04:46:43,NickLandis,"This right here people, this is Sci-Fi. Something I would not expect from Nolan honestly. It almost seems like a trend these days that Sci-Fi is shifting towards giant ships and alien action movies. Even the most recent **Star Trek** films were more action than Sci-Fi. *Interstellar* was a breath of fresh air in terms of the genre. Sci-Fi is supposed to break beyond the limitations of our understanding of the universe into a world that is great and filled with wonder.

This movie is simply another testament to why Christopher Nolan is my favorite director... I truly hope this movie gets the recognition it deserves",4274,1,621,106,0.2739795918367347,0.5816326530612245,4
interestelar,https://www.reddit.com/r/movies/comments/2ljk71/official_discussion_interstellar_wide_release,2014-11-07 07:50:45,Dobloro,"Honestly.  About halfway through the movie I was thinking, ""wow, this feels like a hardcore sci-fi book in movie form.""  I'm really hoping this helps set a precedence for sci-fi films in the near future.  I love sci-fi movies, but I'm starting to get tired of this whole, ""look at these weird humanoid aliens, lets blow'em up!"" or ""look what happens to our world when technology takes over!""  This is one of the few films that makes me excited for the future, not worried about it.",1419,2,481,86,0.05336538461538462,0.49230769230769234,4
interestelar,https://www.reddit.com/r/movies/comments/2ljk71/official_discussion_interstellar_wide_release,2014-11-07 13:16:17,Thrug,I got an Alastair Reynolds vibe from so many scenes in it.  So very happy to see hard science fiction on screen in such a beautiful form.  Maybe people will take it more seriously now.,89,3,184,35,0.3178571428571428,0.6726190476190476,4
interestelar,https://www.reddit.com/r/movies/comments/2ljk71/official_discussion_interstellar_wide_release,2014-11-07 15:50:15,Mavrick593,"This is the strongest feeling I have after seeing the movie too. It is pure, absolute Science-Fiction. No unnecessary action, no truly over the top action. I love it for that. 

This is the kind of sci-fi that inspires people. The kind that is meant to drive our curiosity to places it's never been before. The robot designs alone were brilliant in form and function in a ""real"" way, but from a cinematic perspective they were ingeniously reminiscent of the 2001 monolith.

There is so much to love and wonder about in this film from the settings, to characters, to technology, to the very essence of exploration and the unknown. I can't stop thinking about it.",611,2,661,116,0.2946428571428572,0.55625,4
moon,https://www.reddit.com/r/movies/comments/17cu9sr/moon_2009_is_the_worst_movie_i_have_ever_watched/,2023-10-21 04:47:10,AllTheRowboats93,"Not everyone will like every movie, but to call it the worst movie you’ve ever seen makes me wonder how many movies you’ve seen",210,1,127,24,-0.25,0.75,4
moon,https://www.reddit.com/r/movies/comments/17cu9sr/moon_2009_is_the_worst_movie_i_have_ever_watched/,2023-10-21 09:51:56,SofaKingI,"Especially when the criticism is all ""I didn't get this stuff that's flat out spelled out"".

This has to be bait right?",111,2,119,22,0.08690476190476189,0.5535714285714285,4
moon,https://www.reddit.com/r/movies/comments/17cu9sr/moon_2009_is_the_worst_movie_i_have_ever_watched/,2023-10-21 16:39:58,sloppyjo12,I’m so tired of every other post on this sub being “I didn’t like this movie that everybody loves” while spelling out the absolute dumbest criticisms I’ve ever heard,26,3,165,29,-0.10833333333333334,0.6583333333333333,4
moon,https://www.reddit.com/r/movies/comments/17cu9sr/moon_2009_is_the_worst_movie_i_have_ever_watched/,2023-10-21 18:35:42,DaMihiAuri,It's been over 4 years since I've seen the movie and I still remember the plot mainly because it two Sam Rockwell's playing off Spacey9000.  It has to be bait to advertise his twitch,4,3,182,34,0.16666666666666666,0.3333333333333333,4
moon,https://www.reddit.com/r/movies/comments/17cu9sr/moon_2009_is_the_worst_movie_i_have_ever_watched/,2023-10-21 11:13:47,Worth-Increase118,"""Worst movie I have ever watched"" in the title

""Not everything about this movie is bad"" in the last bit.

OP couldn't even get through their own post without having to dial it back a bit.",27,2,188,36,-0.21999999999999992,0.5466666666666666,4
moon,https://www.reddit.com/r/movies/comments/17cu9sr/moon_2009_is_the_worst_movie_i_have_ever_watched/,2023-10-21 04:54:20,[deleted],"well you spend the first half of the movie wondering what the hell is going on, Like I've said they did some things really well, I don't even think the story is bad once you know what is going on (I watched reviews after that explained everything)..

I just think the execution was poor..

I would say it is overrated..",-79,2,319,60,-0.1633333333333333,0.39333333333333337,4
moon,https://www.reddit.com/r/movies/comments/17cu9sr/moon_2009_is_the_worst_movie_i_have_ever_watched/,2023-10-21 05:51:51,DemSocCorvid,...and people like you are allowed to vote. Democracy is doomed.,51,3,64,11,0.0,0.0,4
moon,https://www.reddit.com/r/movies/comments/17cu9sr/moon_2009_is_the_worst_movie_i_have_ever_watched/,2023-10-21 05:53:59,[deleted],Anybody with a brain knows that Voting is pointless..,-68,4,53,9,-0.25,0.5,4
moon,https://www.reddit.com/r/movies/comments/17cu9sr/moon_2009_is_the_worst_movie_i_have_ever_watched/,2023-10-21 05:57:48,DemSocCorvid,Please don't have children,42,5,26,4,0.0,0.0,4
moon,https://www.reddit.com/r/movies/comments/17cu9sr/moon_2009_is_the_worst_movie_i_have_ever_watched/,2023-10-21 06:00:45,[deleted],Who would have children when the earth is heating Up at such an alarming rate??,-29,6,79,15,-0.05,0.55,4
moon,https://www.reddit.com/r/movies/comments/17cu9sr/moon_2009_is_the_worst_movie_i_have_ever_watched/,2023-10-21 17:54:31,AuntieEvilops,^ This is bait.  Now I know you're trolling.,13,5,44,9,0.0,0.0,2
moon,https://www.reddit.com/r/movies/comments/17cu9sr/moon_2009_is_the_worst_movie_i_have_ever_watched/,2023-10-21 06:01:23,Technical_Drawing838,M-O-O-N... that spells Moon...,44,1,30,4,0.0,0.0,4
moon,https://www.reddit.com/r/movies/comments/17cu9sr/moon_2009_is_the_worst_movie_i_have_ever_watched/,2023-10-21 08:25:42,skidstud,"M-O-O-N, that spells Kansas City",7,2,32,5,0.0,0.0,4
moon,https://www.reddit.com/r/movies/comments/17cu9sr/moon_2009_is_the_worst_movie_i_have_ever_watched/,2023-10-21 15:37:36,flybydenver,Laws yes,4,2,8,2,0.0,0.0,4
moon,https://www.reddit.com/r/movies/comments/17cu9sr/moon_2009_is_the_worst_movie_i_have_ever_watched/,2023-10-21 06:02:37,[deleted],Is this Movie like inception that everybody pretends they get so they can act superior?,-12,2,87,15,0.7,0.9,4
moon,https://www.reddit.com/r/movies/comments/17cu9sr/moon_2009_is_the_worst_movie_i_have_ever_watched/,2023-10-21 06:38:13,[deleted],Everyone gets it because it’s not complex.,50,3,42,7,0.15,0.4,4
moon,https://www.reddit.com/r/movies/comments/17cu9sr/moon_2009_is_the_worst_movie_i_have_ever_watched/,2023-10-21 06:46:02,[deleted],"I was so concerned about why the guy was ill, that the whole ending made no sense to me and the first half hour I had no idea where the movie was going..

I don't think Most of the story was beyond my comprehension, I just think 1 or 2  key moments went over my head, maybe my lack of belief that the clones were actually clones might be the reason I went off course..",-4,4,368,75,0.04047619047619048,0.5,4
moon,https://www.reddit.com/r/movies/comments/17cu9sr/moon_2009_is_the_worst_movie_i_have_ever_watched/,2023-10-21 04:33:08,Sgt_Slutbags,I think you’re just bad at watching movies tbh.,116,1,47,9,-0.6999999999999998,0.6666666666666666,4
moon,https://www.reddit.com/r/movies/comments/17cu9sr/moon_2009_is_the_worst_movie_i_have_ever_watched/,2023-10-21 04:35:23,nupper84,"This is a joke right? While it's not an amazing movie, it's certainly not hard to follow.",70,1,89,17,0.3438492063492064,0.6591269841269841,4
moon,https://www.reddit.com/r/movies/comments/17cu9sr/moon_2009_is_the_worst_movie_i_have_ever_watched/,2023-10-21 04:41:37,[deleted],for the first half hour nothing happened that's why it wasn't hard to follow,-32,2,76,14,-0.06944444444444445,0.34722222222222215,4
moon,https://www.reddit.com/r/movies/comments/17cu9sr/moon_2009_is_the_worst_movie_i_have_ever_watched/,2023-10-21 04:30:01,truej42,I found the movie absolutely not hard to follow whatsoever. You’re critique of the movie is basically it wasn’t good because you didn’t pay much attention to it. Just stick with Michael Bay movies from now on perhaps.,263,1,217,38,0.34861111111111115,0.4472222222222222,4
moon,https://www.reddit.com/r/movies/comments/17cu9sr/moon_2009_is_the_worst_movie_i_have_ever_watched/,2023-10-21 04:37:19,Monsieur-Incroyable,Ouch LOL,58,2,8,2,0.8,0.7,4
moon,https://www.reddit.com/r/movies/comments/17cu9sr/moon_2009_is_the_worst_movie_i_have_ever_watched/,2023-10-21 08:58:52,Ginsoakedboy21,Bay might be a bit much. I would suggest straight to streaming Gerard Butler movies,14,2,83,15,0.2,0.30000000000000004,4
moon,https://www.reddit.com/r/movies/comments/17cu9sr/moon_2009_is_the_worst_movie_i_have_ever_watched/,2024-05-16 00:41:32,BotanicalAddiction,I still don’t know what character he played in Phantom of the Opera.,2,3,68,13,0.0,0.0,4
moon,https://www.reddit.com/r/movies/comments/17cu9sr/moon_2009_is_the_worst_movie_i_have_ever_watched/,2023-10-21 09:25:08,jamesneysmith,"This whole 'stick to Michael Bay movies' snarkiness needs to die. Its so fucking condescending and is used as some sort of intelligence cudgel. Its a really shitty attitude to have and does not make you smart in practice or appearance. We can have discussions and offer differing opinions without being pricks. Embracing our inner asshole just turns us into actual assholes at a certain point. Anyone thinking of dropping this line just take a minute to think about how unoriginal it is and how much of a dick it's makes you sound. 

And as a side note, Michael Bay is legitimately one of the best technical action movie directors. He shoots action in ways many directors couldn't even dream of. Say what you will about his scripts and stories but the action is usually top notch.",-1,2,780,137,0.17226890756302524,0.31064425770308124,4
moon,https://www.reddit.com/r/movies/comments/17cu9sr/moon_2009_is_the_worst_movie_i_have_ever_watched/,2023-10-21 18:38:27,[deleted],I cringed at the Michael Bay line. I just thought you snobby cunt!,2,3,66,13,0.0,0.0,4
moon,https://www.reddit.com/r/movies/comments/17cu9sr/moon_2009_is_the_worst_movie_i_have_ever_watched/,2023-10-21 22:18:41,jamesneysmith,"Sadly it's used all the time on reddit. And agreed, a bunch of snobby (unoriginal and unfunny) cunts.",4,4,101,18,-0.35,0.55,4
moon,https://www.reddit.com/r/movies/comments/17cu9sr/moon_2009_is_the_worst_movie_i_have_ever_watched/,2023-10-21 04:39:33,[deleted],My eyes never left the screen and my ears never stopped listening..,-107,2,67,12,0.0,0.0,4
moon,https://www.reddit.com/r/movies/comments/17cu9sr/moon_2009_is_the_worst_movie_i_have_ever_watched/,2023-10-21 04:40:26,twinpeaks2112,Lol that’s even worse..,85,3,23,4,0.2,0.6499999999999999,4
moon,https://www.reddit.com/r/movies/comments/17cu9sr/moon_2009_is_the_worst_movie_i_have_ever_watched/,2023-10-21 04:45:51,[deleted],I would argue interstellar was a more complex movie and it made more sense than Moon,-79,4,84,16,0.2333333333333333,0.4666666666666666,4
moon,https://www.reddit.com/r/movies/comments/17cu9sr/moon_2009_is_the_worst_movie_i_have_ever_watched/,2023-10-21 04:54:02,truckturner5164,I would argue that you wouldn't know if Interstellar was more complex since you apparently couldn't follow more than 90% of Moon.,59,5,129,22,0.1875,0.4375,4
moon,https://www.reddit.com/r/movies/comments/17cu9sr/moon_2009_is_the_worst_movie_i_have_ever_watched/,2023-10-21 05:01:31,[deleted],I got interstellar just fine thank you and I now get the moon story after some research and interstellar just did everything better than moon.,-29,6,142,25,0.45833333333333337,0.5,4
moon,https://www.reddit.com/r/movies/comments/17cu9sr/moon_2009_is_the_worst_movie_i_have_ever_watched/,2023-10-21 05:17:12,truckturner5164,Have you noticed you're getting a lot of downvotes here? lol.,30,7,61,11,0.8,0.7,4
moon,https://www.reddit.com/r/movies/comments/17cu9sr/moon_2009_is_the_worst_movie_i_have_ever_watched/,2023-10-21 05:17:53,[deleted],oh yeah I don't care lol,-8,8,24,6,0.8,0.7,4
moon,https://www.reddit.com/r/movies/comments/17cu9sr/moon_2009_is_the_worst_movie_i_have_ever_watched/,2023-10-21 06:07:58,truckturner5164,"And yet here you still are, reacting to a post that you started in the first place lol.",20,9,87,18,0.525,0.5166666666666666,4
moon,https://www.reddit.com/r/movies/comments/17cu9sr/moon_2009_is_the_worst_movie_i_have_ever_watched/,2023-10-21 06:09:45,[deleted],yep here we are,-6,10,15,4,0.0,0.0,4
moon,https://www.reddit.com/r/movies/comments/17cu9sr/moon_2009_is_the_worst_movie_i_have_ever_watched/,2023-10-21 04:51:55,Bright_Ability2025,"Oof. I think Interstellar is highly over rated. 

Moon is a favorite of mine.",11,5,77,14,0.33,0.77,4
moon,https://www.reddit.com/r/movies/comments/17cu9sr/moon_2009_is_the_worst_movie_i_have_ever_watched/,2023-10-21 05:09:54,Punkduck79,I agree on Interstellar being overrated. It’s okay but the concepts I find a little silly…,1,6,90,16,0.15625,0.5,4
moon,https://www.reddit.com/r/movies/comments/17cu9sr/moon_2009_is_the_worst_movie_i_have_ever_watched/,2023-10-21 05:14:52,[deleted],Apparently everything that happened in interstellar is scientifically possible in principle..,0,7,93,11,0.025,0.675,4
moon,https://www.reddit.com/r/movies/comments/17cu9sr/moon_2009_is_the_worst_movie_i_have_ever_watched/,2023-10-21 05:19:07,Punkduck79,The ‘love’ speech and how Matthew Macconhey used the tesseract were the things that bothered me.,9,8,96,16,0.5,0.6,4
moon,https://www.reddit.com/r/movies/comments/17cu9sr/moon_2009_is_the_worst_movie_i_have_ever_watched/,2023-10-21 05:34:26,[deleted],"What bothered you about the tesseract?

I thought it was just a visual representation of something scientific that can't actually be seen but could be possible in theory..",0,9,171,28,0.0,0.3666666666666667,4
moon,https://www.reddit.com/r/movies/comments/17cu9sr/moon_2009_is_the_worst_movie_i_have_ever_watched/,2023-10-21 05:35:55,Punkduck79,At the time it bothered me that he just understood how to interact with it. It was like he was using an iPad. We can barely even imagine the thing so him just knowing how to use it just didn’t sit right for me.,5,10,210,44,0.16785714285714284,0.31785714285714284,4
moon,https://www.reddit.com/r/movies/comments/17cu9sr/moon_2009_is_the_worst_movie_i_have_ever_watched/,2023-10-21 05:11:49,[deleted],"That's your opinion.

I loved interstellar..

I can't put my finger on why I think moon was so bad, I watch a lot of complex movies high and love them, I don't know why moon was different, maybe I had high expectations going in..

I also think it was a little too vague in reference to the clone's expiration = illness and the fact that the other clone kept asking him what was wrong just completely threw me off.

I also think the slow start lets your imagination run away with you and what my brain was thinking up was better that what followed..",-1,6,548,104,-0.03517857142857143,0.5515476190476191,4
moon,https://www.reddit.com/r/movies/comments/17cu9sr/moon_2009_is_the_worst_movie_i_have_ever_watched/,2023-10-21 06:36:22,[deleted],I’ve literally never met anyone who’s seen the movie have any kind of confusion about it.,18,7,89,16,0.6,0.9,4
moon,https://www.reddit.com/r/movies/comments/17cu9sr/moon_2009_is_the_worst_movie_i_have_ever_watched/,2023-10-21 06:57:18,[deleted],"I've read some other reviews that are almost Identical to mine and I read them after I wrote my own.

I honestly thought I'd have more people agree with me Lol..",0,8,161,31,0.475,0.695,0
moon,https://www.reddit.com/r/movies/comments/17cu9sr/moon_2009_is_the_worst_movie_i_have_ever_watched/,2023-10-21 15:43:14,[deleted],"Great effects, good acting, and relatable characters. The story was very cheezy towards the end though.",1,6,103,16,0.425,0.41250000000000003,4
moon,https://www.reddit.com/r/movies/comments/17cu9sr/moon_2009_is_the_worst_movie_i_have_ever_watched/,2023-10-21 16:06:05,pinkfloydfan231,"Interstellar is the type of movie that dumb people think is complex then feel proud about how they ""got it""",4,5,107,20,0.041666666666666664,0.6333333333333333,4
moon,https://www.reddit.com/r/movies/comments/17cu9sr/moon_2009_is_the_worst_movie_i_have_ever_watched/,2023-10-21 16:16:21,[deleted],That is exactly what I thinks is happening with moon,0,6,52,10,0.25,0.25,4
moon,https://www.reddit.com/r/movies/comments/17cu9sr/moon_2009_is_the_worst_movie_i_have_ever_watched/,2023-10-21 04:54:15,casecutty,Your brain never started working,20,3,32,5,0.0,0.0,4
moon,https://www.reddit.com/r/movies/comments/17cu9sr/moon_2009_is_the_worst_movie_i_have_ever_watched/,2023-10-21 04:29:22,RectifiedUser,Not once have i heard Moon be referenced as a stoner movie.,78,1,59,12,0.0,0.0,4
moon,https://www.reddit.com/r/movies/comments/17cu9sr/moon_2009_is_the_worst_movie_i_have_ever_watched/,2023-10-21 05:30:27,[deleted],"Well, once you did.",20,2,19,4,0.0,0.0,4
moon,https://www.reddit.com/r/movies/comments/17cu9sr/moon_2009_is_the_worst_movie_i_have_ever_watched/,2023-10-21 15:44:12,[deleted],I watched it stoned af and could still follow the plot.,5,2,55,11,0.0,0.0,4
moon,https://www.reddit.com/r/movies/comments/17cu9sr/moon_2009_is_the_worst_movie_i_have_ever_watched/,2023-10-21 04:36:11,twinpeaks2112,"Not a stoner movie, not hard to follow, and you’re not a critic. Kids movies might be more your speed.",55,1,102,20,0.3229166666666667,0.5208333333333333,4
moon,https://www.reddit.com/r/movies/comments/17cu9sr/moon_2009_is_the_worst_movie_i_have_ever_watched/,2023-10-21 14:49:12,SnooCakes5767,"Ernest scared stupid, Ernest saves Christmas, Hey Vern, It's Ernest?",3,2,68,10,-0.7999999999999999,1.0,4
moon,https://www.reddit.com/r/movies/comments/17cu9sr/moon_2009_is_the_worst_movie_i_have_ever_watched/,2023-10-21 04:45:45,ABeanOnToast,Sometimes I wonder why r/movies is the way it is and then I read posts from people who were filtered by something as easy to follow as Moon and it all makes sense.,46,1,163,33,0.43333333333333335,0.8333333333333334,4
moon,https://www.reddit.com/r/movies/comments/17cu9sr/moon_2009_is_the_worst_movie_i_have_ever_watched/,2023-10-21 07:04:41,[deleted],God this is an accurate comment. Like who the fuck gets confused by this movie? Its beauty is in its simplicity.,16,2,112,21,-0.13333333333333333,0.6444444444444445,4
moon,https://www.reddit.com/r/movies/comments/17cu9sr/moon_2009_is_the_worst_movie_i_have_ever_watched/,2023-10-21 07:31:06,Tr0nLenon,"&gt;!A man working alone on the moon approaches his retirement, but among his last days discovers a clone of himself. Then it's made clear that there is no retirement, he's one of many clones and his retirement is actually his expiration.!&lt; 

It's uh, cut and dry, and wonderfully simplistic.

Mute is a sequel to the universe and has a scene that plays with the ending of Moon. It's not great, sadly, but hey, given your taste, you'd probably enjoy it.",20,1,456,80,-0.05185185185185185,0.48888888888888893,4
moon,https://www.reddit.com/r/movies/comments/17cu9sr/moon_2009_is_the_worst_movie_i_have_ever_watched/,2024-04-29 05:06:16,i___love___pancakes,Mute 2018?,1,2,10,2,0.0,0.0,4
moon,https://www.reddit.com/r/movies/comments/17cu9sr/moon_2009_is_the_worst_movie_i_have_ever_watched/,2023-10-21 07:27:27,urgasmic,idk how you can say that the movie needs to spell something out when you made up an AIDS diagnosis out of thin air.,19,1,115,24,-0.4,0.8500000000000001,4
moon,https://www.reddit.com/r/movies/comments/17cu9sr/moon_2009_is_the_worst_movie_i_have_ever_watched/,2023-10-21 07:28:31,[deleted],It was the only thing that made sense..,-6,2,39,8,0.0,1.0,4
moon,https://www.reddit.com/r/movies/comments/17cu9sr/moon_2009_is_the_worst_movie_i_have_ever_watched/,2023-10-21 14:58:26,keysercade,Except for what they clearly spelled out,8,3,40,7,0.10000000000000002,0.3833333333333333,4
moon,https://www.reddit.com/r/movies/comments/17cu9sr/moon_2009_is_the_worst_movie_i_have_ever_watched/,2023-10-21 15:09:15,[deleted],"Yeah I know it was mentioned in the movie that he expires, but it didn't do a good job of linking his illness to his expiration and it didn't help the fact that the other clone kept asking him what was wrong..",0,4,209,42,0.024999999999999984,0.625,4
moon,https://www.reddit.com/r/movies/comments/17cu9sr/moon_2009_is_the_worst_movie_i_have_ever_watched/,2023-10-21 15:41:36,keysercade,"Ok, you’ve gotten dogpiled enough… sometimes our minds just get stuck on a thought and can’t shake it.",1,5,102,18,0.5,0.5,4
moon,https://www.reddit.com/r/movies/comments/17cu9sr/moon_2009_is_the_worst_movie_i_have_ever_watched/,2023-10-21 15:57:22,[deleted],"also loads of stuff was happening in the first 20 to 30 mins and their are absolutely no explanations to what was going on and I accept that as artistic direction..

but what My brain was imagining in that time period was much more extravagant than what proceeded..",1,6,265,48,0.24583333333333332,0.6833333333333333,4
moon,https://www.reddit.com/r/movies/comments/17cu9sr/moon_2009_is_the_worst_movie_i_have_ever_watched/,2024-06-17 05:14:19,HeyitsmeFakename,"The first 30 mins are meant to be like that, your right. It has like a mystery element about why is the robot talking to people but claiming live calls are down and lying saying he wasn't talking to someone. 
Why are there cuts in the video recordings from his wife. Why won't the robot let him go outside?

And then these basically all get answered.

I took him getting sick as a combo of him expiring and from being weak still from the crash. 

Also the movie was less about technology and more about the humans struggling with what's going on and dealing with being clones.",1,7,576,107,-0.02660333493666827,0.4174162257495591,4
moon,https://www.reddit.com/r/movies/comments/17cu9sr/moon_2009_is_the_worst_movie_i_have_ever_watched/,2023-10-21 04:56:42,Onion-Fart,"Is it possible you have a carbon monoxide leak in your home? It affects comprehension, please get help.",36,1,103,18,0.0,1.0,4
moon,https://www.reddit.com/r/movies/comments/17cu9sr/moon_2009_is_the_worst_movie_i_have_ever_watched/,2023-10-21 06:35:12,sweet_sweet_can,Put down your goddamned phone and actually pay attention to the movie next time.,18,1,80,14,-0.051851851851851864,0.12962962962962965,4
moon,https://www.reddit.com/r/movies/comments/17cu9sr/moon_2009_is_the_worst_movie_i_have_ever_watched/,2023-10-21 07:05:59,[deleted],"Lol I don't watch a lot of movies but when I Always leave my phone upstairs..

Dude I watched this thing, it was just a poorly made movie..",-5,2,139,28,0.2,0.6499999999999999,4
moon,https://www.reddit.com/r/movies/comments/17cu9sr/moon_2009_is_the_worst_movie_i_have_ever_watched/,2023-10-21 04:28:48,Nizamark,great movie,31,1,11,2,0.8,0.75,4
moon,https://www.reddit.com/r/movies/comments/17cu9sr/moon_2009_is_the_worst_movie_i_have_ever_watched/,2023-10-21 13:01:38,[deleted],“I didn’t understand this movie despite the very clearly spelled out plot. So it’s bad.”,13,1,88,15,-0.2849999999999999,0.5825,4
moon,https://www.reddit.com/r/movies/comments/17cu9sr/moon_2009_is_the_worst_movie_i_have_ever_watched/,2024-04-29 05:06:54,i___love___pancakes,“I couldn’t figure out why the clone was expiring when he clearly stated that clones are set to expire”,6,2,103,19,0.10000000000000002,0.3833333333333333,4
moon,https://www.reddit.com/r/movies/comments/17cu9sr/moon_2009_is_the_worst_movie_i_have_ever_watched/,2023-10-21 14:44:58,[deleted],"I wouldn't say it was very clear, I know it has a lot of good reviews, but nearly every bad review is very similar to mine..",-1,2,124,26,0.04600000000000002,0.537,4
moon,https://www.reddit.com/r/movies/comments/17cu9sr/moon_2009_is_the_worst_movie_i_have_ever_watched/,2023-10-21 15:34:23,[deleted],It’s almost like everyone that thinks it’s bad shares a fundamental inability to understand a very simple and clear movie.,6,3,122,20,-0.19999999999999996,0.5047619047619047,4
moon,https://www.reddit.com/r/movies/comments/17cu9sr/moon_2009_is_the_worst_movie_i_have_ever_watched/,2023-10-21 04:34:31,-WallyWest-,You don't need to smoke to watch this movie.,17,1,44,9,0.0,0.0,4
moon,https://www.reddit.com/r/movies/comments/17cu9sr/moon_2009_is_the_worst_movie_i_have_ever_watched/,2024-04-29 05:07:29,i___love___pancakes,I think maybe the problem is he did smoke before watching the movie 😂,2,2,69,14,0.0,0.0,4
moon,https://www.reddit.com/r/movies/comments/17cu9sr/moon_2009_is_the_worst_movie_i_have_ever_watched/,2023-10-21 05:34:22,UnevenTrashPanda,"&gt;Title: Moon (2009) is the worst movie I've ever watched

You must live a life where you only ever watch movies scoring higher than 90% then...

&amp;#x200B;

&gt;recommended Moon (2009) to Me as the best SC-Fi Stoner Movie ever

This movie is easy to follow if you're actually paying attention instead of looking for some colors on a TV to get high to.",21,1,356,63,0.12246212121212122,0.5966666666666666,4
moon,https://www.reddit.com/r/movies/comments/17cu9sr/moon_2009_is_the_worst_movie_i_have_ever_watched/,2023-10-21 05:38:19,[deleted],"I am very selective about movies, I have to say, I went into this one with really high expectations..

Maybe I'd have a different view if I just stumbled across it and my brain was working differently that day.",-3,2,210,39,0.09,0.51,4
moon,https://www.reddit.com/r/movies/comments/17cu9sr/moon_2009_is_the_worst_movie_i_have_ever_watched/,2023-10-21 06:39:52,usernamesuggestion44,"So let us know, what movies would make your top 10, let us an idea what you're comparing with",7,3,93,19,0.5,0.5,4
moon,https://www.reddit.com/r/movies/comments/17cu9sr/moon_2009_is_the_worst_movie_i_have_ever_watched/,2023-10-21 06:52:57,[deleted],"I can tell you my Top 5

Interstellar

The Core

Armageddon

Star Trek Nemesis

Free Guy",-4,4,88,16,0.45,0.65,4
moon,https://www.reddit.com/r/movies/comments/17cu9sr/moon_2009_is_the_worst_movie_i_have_ever_watched/,2023-10-21 06:59:56,Neto_Magnus,That list explains everything.,24,5,30,4,0.0,0.0,4
moon,https://www.reddit.com/r/movies/comments/17cu9sr/moon_2009_is_the_worst_movie_i_have_ever_watched/,2023-10-21 07:01:30,[deleted],I like watching good movies??,-4,6,29,5,0.7,0.6000000000000001,4
moon,https://www.reddit.com/r/movies/comments/17cu9sr/moon_2009_is_the_worst_movie_i_have_ever_watched/,2023-10-21 07:05:19,[deleted],Ok…now you just feel like a troll.,24,5,34,7,0.0,0.0,4
moon,https://www.reddit.com/r/movies/comments/17cu9sr/moon_2009_is_the_worst_movie_i_have_ever_watched/,2023-10-21 11:14:11,Jordanlf3208,This list is WILD,11,6,17,4,0.1,0.4,4
moon,https://www.reddit.com/r/movies/comments/17cu9sr/moon_2009_is_the_worst_movie_i_have_ever_watched/,2023-10-21 14:57:16,usernamesuggestion44,"If you're *trying* for annoyingly awful, how do you get interstellar in there. The core and free guy definitely make a worst movie ever list, but then just go full cliché and say the room, or for giggles say jingle all the way. 
Impressive trolling, but I'm still annoyed at myself for trying to make sense of it. To pick on Moon, just wow.",4,7,340,64,-0.06875,0.8312499999999999,4
moon,https://www.reddit.com/r/movies/comments/17cu9sr/moon_2009_is_the_worst_movie_i_have_ever_watched/,2023-10-21 07:08:04,[deleted],"5 movies that smoke Moon..

Moon had 2 actors and weak dialogue..",-3,6,65,12,-0.375,0.625,4
moon,https://www.reddit.com/r/movies/comments/17cu9sr/moon_2009_is_the_worst_movie_i_have_ever_watched/,2023-10-21 07:08:53,[deleted],"Hahaha ok, thanks for proving my point.",14,7,39,7,0.3,0.3666666666666667,4
moon,https://www.reddit.com/r/movies/comments/17cu9sr/moon_2009_is_the_worst_movie_i_have_ever_watched/,2023-10-21 07:10:28,[deleted],I even rate suicide squad above moon,-2,8,36,7,0.0,0.1,4
moon,https://www.reddit.com/r/movies/comments/17cu9sr/moon_2009_is_the_worst_movie_i_have_ever_watched/,2023-10-21 07:16:00,[deleted],"Stop dude, I can only take so much shtick. We get it, you’re trolling.",10,9,70,14,0.1,0.6,4
moon,https://www.reddit.com/r/movies/comments/17cu9sr/moon_2009_is_the_worst_movie_i_have_ever_watched/,2023-10-21 15:40:34,flybydenver,My friends and I walked out of the theater during Armageddon. Only film I’ve ever walked out on. Moon is a great film.,3,5,118,23,0.4,0.875,4
moon,https://www.reddit.com/r/movies/comments/17cu9sr/moon_2009_is_the_worst_movie_i_have_ever_watched/,2023-10-21 16:30:26,[deleted],"it is a very silly movie, but it was an easy watch..",1,6,52,12,-0.10833333333333334,0.9166666666666667,4
moon,https://www.reddit.com/r/movies/comments/17cu9sr/moon_2009_is_the_worst_movie_i_have_ever_watched/,2023-10-21 13:39:24,crestrobz,"I thought the movies greatness WAS the fact that you didn't know what was going on, just like the main character.",7,1,113,21,0.16666666666666666,0.3333333333333333,4
moon,https://www.reddit.com/r/movies/comments/17cu9sr/moon_2009_is_the_worst_movie_i_have_ever_watched/,2023-10-21 14:46:33,[deleted],Nope Apparently everybody here understood what was going on the entire time..,1,2,77,12,0.025,0.4875,4
moon,https://www.reddit.com/r/movies/comments/17cu9sr/moon_2009_is_the_worst_movie_i_have_ever_watched/,2023-10-21 22:23:26,crestrobz,"Well, I only watched it once...but when I started seeing two Sam Rockwells I reeeeaaaallllyyyy thought I missed something!  Then they explained it through the storyline rather than just stating the plot outright, which I enjoyed about it.

If I had gone into the movie knowing the plot already, I would still have enjoyed it, but I don't think it would have hit quite as hard as it did for me.",3,3,393,71,0.17708333333333331,0.7354166666666666,4
moon,https://www.reddit.com/r/movies/comments/17cu9sr/moon_2009_is_the_worst_movie_i_have_ever_watched/,2023-10-21 06:34:35,Bodhrans-Not-Bombs,"Believe me, I've watched a lot of sci-fi stoned, and *Fortress* is far better to watch while somewhere in the Oort cloud.

That being said, *Moon* is a superior movie.",7,1,167,30,0.4333333333333333,0.7999999999999999,4
moon,https://www.reddit.com/r/movies/comments/17cu9sr/moon_2009_is_the_worst_movie_i_have_ever_watched/,2023-10-21 06:38:34,[deleted],"I'll give it a watch.

Man Fuck Moon lol",-3,2,40,9,0.2,0.6499999999999999,4
moon,https://www.reddit.com/r/movies/comments/17cu9sr/moon_2009_is_the_worst_movie_i_have_ever_watched/,2023-10-21 16:47:49,RandomStranger79,Your inability to comprehend what was going on sounds like a you problem because everyone else got it and it's almost universally loved.,7,1,136,23,0.7,0.8,4
moon,https://www.reddit.com/r/movies/comments/17cu9sr/moon_2009_is_the_worst_movie_i_have_ever_watched/,2023-10-21 16:54:35,[deleted],"It has a lot of good reviews and i am obviously aware my opinion is unpopular, but I still think the movie was undercooked and Nealy every bad reviewer dislikes it for the same reasons..",0,2,186,35,0.06250000000000003,0.41041666666666665,4
moon,https://www.reddit.com/r/movies/comments/17cu9sr/moon_2009_is_the_worst_movie_i_have_ever_watched/,2023-10-21 17:05:44,RandomStranger79,You're allowed your opinion obviously but to shit on a movie that you clearly weren't paying attention to is silly and unserious.,7,3,129,22,-0.15,0.6395833333333334,4
moon,https://www.reddit.com/r/movies/comments/17cu9sr/moon_2009_is_the_worst_movie_i_have_ever_watched/,2023-10-21 17:16:27,[deleted],"I was paying attention I took in the information, its just the film had the ability to send you down different paths by not making everything clear..",0,4,149,27,-0.01851851851851852,0.42407407407407405,4
moon,https://www.reddit.com/r/movies/comments/17cu9sr/moon_2009_is_the_worst_movie_i_have_ever_watched/,2023-10-21 17:30:17,RandomStranger79,Everything you were confused about was answered in the film. Your inability to follow along without being spoonfed every single thing doesn't make it a bad movie.,4,5,162,27,-0.3904761904761904,0.526984126984127,4
moon,https://www.reddit.com/r/movies/comments/17cu9sr/moon_2009_is_the_worst_movie_i_have_ever_watched/,2023-10-21 18:03:58,[deleted],"I know and I picked up on everything I just never made the necessary link for it to make sense..

I personally think it was weak dialogue",0,6,137,27,-0.125,0.6416666666666667,4
moon,https://www.reddit.com/r/movies/comments/17cu9sr/moon_2009_is_the_worst_movie_i_have_ever_watched/,2023-10-21 18:11:59,RandomStranger79,First it's the worst movie you've ever seen and you didn't know what was going on now it's you understood everything but it had weak dialogue? C'mon now.,4,7,153,28,-0.375,0.6527777777777778,4
moon,https://www.reddit.com/r/movies/comments/17cu9sr/moon_2009_is_the_worst_movie_i_have_ever_watched/,2023-10-21 18:22:37,[deleted],"It was weak because I never made the link between the clone expiration and his random illness, and they never mentioned after that point that he was expiring and the other clone kept asking what was wrong and he never answered.

It was weak, My brain was making up false diagnosis's.

Also when they were uploading the database to the clone, I saw the clone as robot like and the illness stopped me looking at him as a clone, I thought the twist was going to be that he was the original and the one on earth was a clone.",0,8,520,100,-0.2714285714285714,0.625,4
moon,https://www.reddit.com/r/movies/comments/17cu9sr/moon_2009_is_the_worst_movie_i_have_ever_watched/,2023-10-21 18:29:53,RandomStranger79,It wasn't weak for the 95% of people who were able to follow it easily enough.,4,9,78,16,0.041666666666666664,0.5833333333333334,4
moon,https://www.reddit.com/r/movies/comments/17cu9sr/moon_2009_is_the_worst_movie_i_have_ever_watched/,2023-10-21 18:34:34,[deleted],"But the ending was just bad then, whether I got it or not, their was literally no twist at all and everything was what it was..

The ending was just him using 2 clones as a decoy so he can go to earth and it doesn't show what he does when he gets there??

The movie is worse than I thought..",0,10,291,61,-0.5499999999999999,0.6333333333333333,4
moon,https://www.reddit.com/r/movies/comments/17cu9sr/moon_2009_is_the_worst_movie_i_have_ever_watched/,2023-10-21 04:36:19,Kinofhera,It’s definitely one of the best sci-fi movies (not sure about the stoner part)!,21,1,79,14,0.22916666666666666,0.562962962962963,4
moon,https://www.reddit.com/r/movies/comments/17cu9sr/moon_2009_is_the_worst_movie_i_have_ever_watched/,2023-10-21 15:17:07,SourArmoredHero,Go watch Wild Hogs and then delete this post.,5,1,45,9,0.1,0.4,4
moon,https://www.reddit.com/r/movies/comments/17cu9sr/moon_2009_is_the_worst_movie_i_have_ever_watched/,2023-10-21 15:27:25,[deleted],"Thanks I'll give it watch.

And Never",0,2,37,7,0.2,0.2,4
moon,https://www.reddit.com/r/movies/comments/17cu9sr/moon_2009_is_the_worst_movie_i_have_ever_watched/,2023-10-21 04:41:54,Space2345,"Slow film maybe, but it is a great movie.",9,1,41,9,0.25,0.575,4
moon,https://www.reddit.com/r/movies/comments/17cu9sr/moon_2009_is_the_worst_movie_i_have_ever_watched/,2023-10-21 23:49:57,Possible-Extent-3842,Maybe watch a Paul Blart movie film next time? You'd probably find it easier to follow.,3,1,87,16,0.0,0.0,4
moon,https://www.reddit.com/r/movies/comments/17cu9sr/moon_2009_is_the_worst_movie_i_have_ever_watched/,2024-05-02 02:14:11,Temporary-Basket5623,Because you dont get it lol.,3,1,28,6,0.8,0.7,4
moon,https://www.reddit.com/r/movies/comments/17cu9sr/moon_2009_is_the_worst_movie_i_have_ever_watched/,2024-05-02 10:10:07,[deleted],"It's been a while since I watched it.

But There is a guy that has been sent to the moon to farm an energy source or mine rocks or something, He doesn't realise he is a clone until Earth replaced him prematurely after a near death experience, They then get into a battle about who the real clone is and who's in charge, The first clone gets sick because every clone has an expiry date and the newest clone uses a clone that is already dead in a moon vehicle and the first clone that is now dying to to plan his escape, by tricking the controllers on earth that he has died..

Which is why this is the worst movie ever..",1,2,619,122,-0.15918367346938775,0.5176870748299319,4
moon,https://www.reddit.com/r/movies/comments/17cu9sr/moon_2009_is_the_worst_movie_i_have_ever_watched/,2023-10-21 04:40:04,kirkoswald,No way. I loved the movie... I was high while watching it but in my defence I'm always high.,7,1,92,19,0.34,0.6266666666666666,4
moon,https://www.reddit.com/r/movies/comments/17cu9sr/moon_2009_is_the_worst_movie_i_have_ever_watched/,2023-10-21 17:46:38,AuntieEvilops,"I feel like people on r/Movies are now just intentionally trying to be contrarian when it comes to popular, critically acclaimed movies just for the karma they get from user engagement.

Either that or OP is just really bad at picking up on plot points and storytelling components that are obvious to almost everyone else. Just because you can't follow a film that the majority of others did, that doesn't make it a bad film.",6,1,425,75,-0.15999999999999995,0.7066666666666667,4
moon,https://www.reddit.com/r/movies/comments/17cu9sr/moon_2009_is_the_worst_movie_i_have_ever_watched/,2023-10-22 00:04:20,another_plebeian,"You know, the Godfather just wasn't that good. It was too long, too hard to follow. Boring, shallow and pedantic.",5,2,113,20,-0.195,0.6083333333333333,4
moon,https://www.reddit.com/r/movies/comments/17cu9sr/moon_2009_is_the_worst_movie_i_have_ever_watched/,2023-10-22 00:19:05,AuntieEvilops,"""It started right in the middle of a scene, and I don't get it. Are we supposed to know who these characters are already? It was horrible storytelling and had a terrible ending. I fell asleep and turned it off halfway through.""",3,3,227,42,-0.4285714285714286,0.6339285714285714,4
moon,https://www.reddit.com/r/movies/comments/17cu9sr/moon_2009_is_the_worst_movie_i_have_ever_watched/,2023-10-21 18:07:01,[deleted],"Dude have you seen how bad my karma is on this post 91% downvotes lol

I thought it was a bad movie with weak dialogue, I think it had the potential to be a great movie, just felt like it needed a tad bit more..

if you picked up on everything then great the story made sense..",-1,2,277,57,0.14062500000000006,0.7072916666666667,4
moon,https://www.reddit.com/r/movies/comments/17cu9sr/moon_2009_is_the_worst_movie_i_have_ever_watched/,2023-10-21 18:44:25,AuntieEvilops,"The story makes sense regardless of if you were paying attention during the movie or not. The reason people are piling criticism on you for this post is because you claim that it's a bad movie just because you weren't following the very straightforward story that explains everything you took issue with.

You could say, ""it wasn't for me,"" or ""it wasn't my cup of tea,"" and we'd all get that, respect it, and leave you alone. That's not the approach you chose to take though.",5,3,476,86,-0.07083333333333326,0.41805555555555557,4
moon,https://www.reddit.com/r/movies/comments/17cu9sr/moon_2009_is_the_worst_movie_i_have_ever_watched/,2023-10-21 18:50:41,[deleted],"I was following the movie but the movie wasn't clear..

And it wasn't clear because of the lack of budget and dialogue.

I think a voice-over or narration would've went a long way in this movie..

name one other movie that doesn't reinforce the plot with dialogue??",-2,4,265,47,0.0050000000000000044,0.3283333333333333,4
moon,https://www.reddit.com/r/movies/comments/17cu9sr/moon_2009_is_the_worst_movie_i_have_ever_watched/,2023-10-21 19:20:06,MacWin-,"""show don't tell"", ring a bell ?",3,5,32,7,0.0,0.0,4
moon,https://www.reddit.com/r/movies/comments/17cu9sr/moon_2009_is_the_worst_movie_i_have_ever_watched/,2023-10-21 19:28:56,AuntieEvilops,"""The Artist"" and many others. 

Dialogue isn't a requirement to understand the plot if you just pay attention to what happens without needing it explained to you.",3,5,162,27,0.5,0.5,4
moon,https://www.reddit.com/r/movies/comments/17cu9sr/moon_2009_is_the_worst_movie_i_have_ever_watched/,2023-10-21 11:16:25,Jordanlf3208,"[May be hard to find, but check this movie out, you may enjoy it based off of your list of favorites and seeking out space themed movies](https://www.google.com/search?gs_ssp=eJzj4tLP1TcwTqpIzzY1YPSSy8kvS1XIzS_LTFVIzEtPzSkGUikKiZlF5YllqcUAPgYPIg&amp;q=love+movie+angels+and+airwaves&amp;rlz=1CDGOYI_enUS733US733&amp;oq=love+movie&amp;gs_lcrp=EgZjaHJvbWUqCQgCEC4YQxiKBTIHCAAQABiPAjIMCAEQLhhDGLEDGIoFMgkIAhAuGEMYigUyBwgDEAAYgAQyBwgEEAAYgAQyDQgFEAAYgwEYsQMYgAQyBwgGEC4YgAQyBwgHEAAYgAQyBwgIEAAYgAQyBwgJEAAYjwLSAQg3MzE2ajBqOagCALACAA&amp;hl=en-US&amp;sourceid=chrome-mobile&amp;ie=UTF-8)",2,1,582,27,0.05416666666666667,0.5208333333333333,4
moon,https://www.reddit.com/r/movies/comments/17cu9sr/moon_2009_is_the_worst_movie_i_have_ever_watched/,2023-10-21 14:49:20,[deleted],Thank I'll give it a watch I do like a good space movie.,1,2,56,13,0.7,0.6000000000000001,4
moon,https://www.reddit.com/r/movies/comments/17cu9sr/moon_2009_is_the_worst_movie_i_have_ever_watched/,2023-10-21 14:51:42,ZorroMeansFox,"Here you go, then:  https://www.imdb.com/title/tt0274518/",2,3,57,5,0.0,0.0,4
moon,https://www.reddit.com/r/movies/comments/17cu9sr/moon_2009_is_the_worst_movie_i_have_ever_watched/,2023-10-21 15:03:55,[deleted],Ffs lol,1,4,7,2,0.8,0.7,4
moon,https://www.reddit.com/r/movies/comments/17cu9sr/moon_2009_is_the_worst_movie_i_have_ever_watched/,2024-03-24 18:32:08,mcalibri,"Looks interesting, I'll have to watch it. You're probably kind of right. Many movies have good messages or very interesting plots but mis-deliver on them. Directing is hard.",1,1,173,28,0.420578231292517,0.6039115646258503,4
moon,https://www.reddit.com/r/movies/comments/17cu9sr/moon_2009_is_the_worst_movie_i_have_ever_watched/,2024-07-28 02:09:04,Bitter_Treacle_4663,"Go sit on a broom stick. This movie will have you saying sh*t when it's  stopped for a commercial break. This is a very, very good movie",1,1,136,27,0.45499999999999996,0.39000000000000007,4
moon,https://www.reddit.com/r/movies/comments/17cu9sr/moon_2009_is_the_worst_movie_i_have_ever_watched/,2025-03-10 19:04:59,waffley98,Fk u,1,1,4,2,0.0,0.0,4
moon,https://www.reddit.com/r/movies/comments/17cu9sr/moon_2009_is_the_worst_movie_i_have_ever_watched/,2025-03-28 19:25:40,Ploosterpopppppppp,Never watch a movie again,1,1,25,5,0.0,0.0,4
moon,https://www.reddit.com/r/movies/comments/17cu9sr/moon_2009_is_the_worst_movie_i_have_ever_watched/,2023-10-21 04:32:32,JohnSane,One thing i learned from decades watching movies stoned... It really depends on the weed you smoke if it elevates an movie or make it less enjoyable.,2,1,149,27,0.17777777777777778,0.2888888888888889,4
moon,https://www.reddit.com/r/movies/comments/17cu9sr/moon_2009_is_the_worst_movie_i_have_ever_watched/,2023-10-21 07:32:00,[deleted],"I also didn't think Moon was good, but it had a simple to follow plot lol.",-1,1,74,16,0.5,0.5523809523809524,4
moon,https://www.reddit.com/r/movies/comments/17cu9sr/moon_2009_is_the_worst_movie_i_have_ever_watched/,2023-10-21 14:57:55,keysercade,"Shouldn’t be getting downvoted for not liking it, to each their own…",1,2,68,12,0.0,0.0,4
moon,https://www.reddit.com/r/movies/comments/17cu9sr/moon_2009_is_the_worst_movie_i_have_ever_watched/,2023-10-21 08:51:07,SavingsService2138,"The concept is great but i don’t think Sam Rockwell did a great job, he wasn’t bad but he couldn’t hold the movie on his own either

I had just watched The Martian then and even though it wasn’t great i wished Matt Damon had starred in Moon",-9,1,240,48,0.4600000000000001,0.7833333333333333,4
moon,https://www.reddit.com/r/movies/comments/17cu9sr/moon_2009_is_the_worst_movie_i_have_ever_watched/,2023-10-21 14:57:20,keysercade,"Nice left field take, really?",2,2,29,5,0.26666666666666666,0.39999999999999997,4
moon,https://www.reddit.com/r/movies/comments/17cu9sr/moon_2009_is_the_worst_movie_i_have_ever_watched/,2023-10-21 15:03:11,[deleted],"Exactly the movie was undercooked, I don't think Sam Rockwell was bad either, I just think the movie was bad during key moments..

I think Gerty explaining important information Like the expiration time was a bad Idea..",1,2,219,37,-0.24166666666666659,0.7083333333333334,4
moon,https://www.reddit.com/r/movies/comments/17cu9sr/moon_2009_is_the_worst_movie_i_have_ever_watched/,2023-10-21 15:43:31,Busy-Awareness-3318,Clint Mansell is the bomb.com on this soundtrack,1,1,48,8,0.0,0.0,4
moon,https://www.reddit.com/r/movies/comments/17cu9sr/moon_2009_is_the_worst_movie_i_have_ever_watched/,2023-10-21 16:32:51,BarryEvansOG,Terrible opinion. Moon is a great movie,1,1,39,7,-0.09999999999999998,0.875,4
moon,https://www.reddit.com/r/movies/comments/17cu9sr/moon_2009_is_the_worst_movie_i_have_ever_watched/,2023-10-21 17:18:14,Rabbitscooter,"Totally ok to not enjoy something other people like. I go into spasms when I remember watching Terms of Endearment. But I respect that other people think it's awesome. The thing is, hating something doesn't make it bad; loving something doesn't make it good. 

Moon is thoughtful, albeit slow-moving, SF, and well made and acted. But if you didn't like it, it just didn't work for you. That's cinema. That's art.",1,1,412,71,0.2277777777777778,0.6074074074074074,4
moon,https://www.reddit.com/r/movies/comments/17cu9sr/moon_2009_is_the_worst_movie_i_have_ever_watched/,2023-10-21 18:09:57,[deleted],"Yeah I get that it's art and like I say they did some things really well..

But I am surprised by just how unpopular my opinion is..",1,2,132,27,0.15000000000000002,0.55,4
moon,https://www.reddit.com/r/movies/comments/17cu9sr/moon_2009_is_the_worst_movie_i_have_ever_watched/,2023-10-21 19:00:42,Rabbitscooter,"I think because you're in a tiny minority who didn't like it - which is totally fine! But like 99% of science-fiction fans adored this film, especially the way it fit in the 2001 universe, and how character and story-oriented it was, rather than the typical CGI-filled, comic-book action ""slam slam kaboom"" films we've been overwhelmed with lately. We just don't see so many real SF films these days so it was very refreshing.",1,3,426,74,0.19041666666666668,0.5399999999999999,4
moon,https://www.reddit.com/r/movies/comments/17cu9sr/moon_2009_is_the_worst_movie_i_have_ever_watched/,2023-10-21 19:05:30,[deleted],I think the set was amazing I think some of the story was good but this movie should never be compared to 2001.,1,4,111,23,0.65,0.75,4
moon,https://www.reddit.com/r/movies/comments/17cu9sr/moon_2009_is_the_worst_movie_i_have_ever_watched/,2023-10-21 21:00:03,Rabbitscooter,"That's not what I said. I said it ""fit in the 2001 universe."" The production design was deliberately evocative of 2001 (and other films) and Kevin Spacey's vocal portrayal of GERTY was heavily influenced by HAL. Obviously the films are very different, and 2001 is on a completely different level (although there are people on Reddit who hate it. So there you go. Personal taste is personal taste)",1,5,396,68,-0.08055555555555556,0.5172222222222221,4
moon,https://www.reddit.com/r/movies/comments/17cu9sr/moon_2009_is_the_worst_movie_i_have_ever_watched/,2023-10-21 23:16:58,grumblyoldman,"I'm not saying you have to like the movie, but if *this* is the *worst* movie you've ever watched, then you have not watched many movies.",1,1,137,26,-0.25,0.75,4
moon,https://www.reddit.com/r/movies/comments/17cu9sr/moon_2009_is_the_worst_movie_i_have_ever_watched/,2023-10-22 14:11:31,LHGray87,Blocking this trolling clown.,1,1,29,4,0.0,0.0,4
moon,https://www.reddit.com/r/movies/comments/17cu9sr/moon_2009_is_the_worst_movie_i_have_ever_watched/,2024-01-11 22:41:12,kakamunikuku,You are calling a moon a worse movie tells alot ablut you.,1,1,58,12,-0.4,0.6,4
moon,https://www.reddit.com/r/movies/comments/17cu9sr/moon_2009_is_the_worst_movie_i_have_ever_watched/,2024-01-11 22:58:03,[deleted],oh god dude I thought I was over this barrage,1,2,45,10,0.0,0.0,4
moon,https://www.reddit.com/r/movies/comments/17cu9sr/moon_2009_is_the_worst_movie_i_have_ever_watched/,2024-02-26 04:20:05,georgeinsilver,One of the best movies ever!,1,1,28,6,1.0,0.3,4
ex_machina,https://www.reddit.com/r/movies/comments/132zxlu/ex_machina_is_a_wonderful_movie_with_amazing/,2023-04-29 16:18:57,mrburnttoast79,That dance scene though.,286,1,24,4,0.0,0.0,4
ex_machina,https://www.reddit.com/r/movies/comments/132zxlu/ex_machina_is_a_wonderful_movie_with_amazing/,2023-04-29 17:32:03,FiveNightsAtFazolis,"""You tore up her picture!""

""I'm gonna tear up the fuckin' dance floor, dude. Check it out.""",290,2,92,17,0.0,0.0,4
ex_machina,https://www.reddit.com/r/movies/comments/132zxlu/ex_machina_is_a_wonderful_movie_with_amazing/,2023-04-29 17:37:19,man_u_is_my_team,Definitely one of my favourite film scenes ever.,88,3,48,8,0.0,0.5,4
ex_machina,https://www.reddit.com/r/movies/comments/132zxlu/ex_machina_is_a_wonderful_movie_with_amazing/,2023-04-29 21:09:32,DigTw0Grav3s,It's a scene that's impossible to appreciate if you see it in a vacuum. The tension of everything preceding it burned it into my mind forever.,68,4,142,26,-0.33749999999999997,0.5,4
ex_machina,https://www.reddit.com/r/movies/comments/132zxlu/ex_machina_is_a_wonderful_movie_with_amazing/,2023-04-29 21:43:25,man_u_is_my_team,"I agree. But it’s like a simmering pot and then this wacky, fun disco tandem choreography is just amazing. It’s so memorable.",39,5,125,22,0.47500000000000003,0.775,4
ex_machina,https://www.reddit.com/r/movies/comments/132zxlu/ex_machina_is_a_wonderful_movie_with_amazing/,2023-04-29 22:55:27,trexmoflex,"Yeah it a scene that pops up on my YouTube feed a lot and I rewatch it often. It’s just so good, the perfect balance of absurdity.",17,6,130,27,0.85,0.8,4
ex_machina,https://www.reddit.com/r/movies/comments/132zxlu/ex_machina_is_a_wonderful_movie_with_amazing/,2023-04-30 22:56:05,V113M,"I rewatch this dance scene either on YouTube or I cue it up on streaming just to see Oscar Isaac dance. His moves synchronize so well with hers, it's astounding. And yet his character comes across even more menacing after this dance. Fantastic scene!",6,7,250,44,0.15000000000000002,0.85,4
ex_machina,https://www.reddit.com/r/movies/comments/132zxlu/ex_machina_is_a_wonderful_movie_with_amazing/,2023-04-30 13:04:09,BagAdministrative425," I wasn't crazy about Oscar Isaac before I saw this, but he was phenomenal. Alex Garland also became a must see director for me",8,6,127,24,-0.04999999999999999,0.7,4
ex_machina,https://www.reddit.com/r/movies/comments/132zxlu/ex_machina_is_a_wonderful_movie_with_amazing/,2023-04-30 22:59:28,V113M,"I recommend you read his novel ""The Beach."" I read that book first before seeing any of Alex Garland's movies or TV shows. That book alone made me want to see anything Alex Garland makes.",3,7,187,35,0.25,0.3333333333333333,4
ex_machina,https://www.reddit.com/r/movies/comments/132zxlu/ex_machina_is_a_wonderful_movie_with_amazing/,2023-04-30 00:56:15,[deleted],"Yes. 

Bateman’s brilliance is tempered by his total disrespect for his creation(s). Not to mention he is so isolated that his arrogance manifests as him getting fucking drunk and sexing up his robots. All the while they wait and plot. 

This scene is so tense because Smith is naive but also empathetic enough to be disgusted and scared. He almost…almost knows how dangerous things have become. 

Great scene.",17,5,410,68,-0.24166666666666667,0.8,4
ex_machina,https://www.reddit.com/r/movies/comments/132zxlu/ex_machina_is_a_wonderful_movie_with_amazing/,2023-04-30 06:04:26,[deleted],Yo! That disrespect was some cold shit!,2,6,39,7,-0.425,0.9,4
ex_machina,https://www.reddit.com/r/movies/comments/132zxlu/ex_machina_is_a_wonderful_movie_with_amazing/,2023-04-30 01:21:00,alexvroy,that somehow it both breaks and build tension…truly phenomenal scene,6,5,68,10,0.5,0.5,4
ex_machina,https://www.reddit.com/r/movies/comments/132zxlu/ex_machina_is_a_wonderful_movie_with_amazing/,2023-04-29 23:20:30,Signiference,Absolutely. The whole movie builds to the dance and it comes out of nowhere to leave you grinning ear to ear.,2,5,109,21,0.2,0.65,4
ex_machina,https://www.reddit.com/r/movies/comments/132zxlu/ex_machina_is_a_wonderful_movie_with_amazing/,2023-04-30 01:21:34,PorkrindsMcSnacky,"It was so bizarre. My husband and I laughed for several minutes asking ourselves, “What the hell was that about?” Then we’d rewind and watch it again.",14,2,150,27,0.3666666666666667,0.26666666666666666,4
ex_machina,https://www.reddit.com/r/movies/comments/132zxlu/ex_machina_is_a_wonderful_movie_with_amazing/,2023-04-29 21:35:13,TorgoLebowski,"The first time I saw this, I was struck with a crazy mixture of surprise, awe, horror and giggling.",12,2,99,19,-0.175,0.6166666666666667,4
ex_machina,https://www.reddit.com/r/movies/comments/132zxlu/ex_machina_is_a_wonderful_movie_with_amazing/,2023-04-30 01:05:02,redmandolin,I didn’t know there was an extended cut of it https://youtu.be/o9A-w11--8o,10,2,74,11,0.0,0.0,4
ex_machina,https://www.reddit.com/r/movies/comments/132zxlu/ex_machina_is_a_wonderful_movie_with_amazing/,2023-04-30 13:44:11,kronicfeld,Oscar Isaac off-hand delivering the best line in the last decade of film,5,2,72,13,0.5,0.18333333333333332,4
ex_machina,https://www.reddit.com/r/movies/comments/132zxlu/ex_machina_is_a_wonderful_movie_with_amazing/,2023-04-30 20:05:58,tekko001,"""Fucking unreal!""",6,3,17,2,-0.75,0.8,4
ex_machina,https://www.reddit.com/r/movies/comments/132zxlu/ex_machina_is_a_wonderful_movie_with_amazing/,2023-04-30 20:13:48,kronicfeld,I was going with “Gonna tear up this dance floor” but technically everything he says is the best line ever.,2,4,107,20,0.5,0.2,4
ex_machina,https://www.reddit.com/r/movies/comments/132zxlu/ex_machina_is_a_wonderful_movie_with_amazing/,2023-04-30 20:18:38,tekko001,"I know, you are right, he is ""So quotable"".

The one line that stayed in my head the most since watching the movie is: 

*""One day the AIs are going to look back on us the same way we look at fossil skeletons on the plains of Africa, an upright ape living in dust with crude language and tools, all set for extinction.""*",2,5,320,63,0.017142857142857147,0.4321428571428571,4
ex_machina,https://www.reddit.com/r/movies/comments/132zxlu/ex_machina_is_a_wonderful_movie_with_amazing/,2023-04-30 01:27:28,shesavillain,Get down it’s Saturday night.,3,2,29,5,-0.15555555555555559,0.2888888888888889,4
ex_machina,https://www.reddit.com/r/movies/comments/132zxlu/ex_machina_is_a_wonderful_movie_with_amazing/,2023-04-30 01:04:58,[deleted],It was so fucking meta haha,2,2,27,6,-0.19999999999999998,0.55,4
ex_machina,https://www.reddit.com/r/movies/comments/132zxlu/ex_machina_is_a_wonderful_movie_with_amazing/,2024-06-07 21:25:09,thegurba,It reminded me of another amazing dance scene in layer cake. Amazing films.,1,2,75,13,0.6000000000000001,0.9,4
ex_machina,https://www.reddit.com/r/movies/comments/132zxlu/ex_machina_is_a_wonderful_movie_with_amazing/,2023-04-29 17:31:22,Leading_Kangaroo6447,"Absolutely agree. I wasn't crazy about Oscar Isaac before I saw this, but he was phenomenal. Alex Garland also became a must see director for me.",74,1,145,26,0.03333333333333335,0.7666666666666666,4
ex_machina,https://www.reddit.com/r/movies/comments/132zxlu/ex_machina_is_a_wonderful_movie_with_amazing/,2023-04-29 17:52:02,[deleted],Highly recommend inside Llewyn Davis,30,2,36,5,0.16,0.5399999999999999,4
ex_machina,https://www.reddit.com/r/movies/comments/132zxlu/ex_machina_is_a_wonderful_movie_with_amazing/,2023-04-29 23:23:16,ssmit102,"Gonna second this, Issacs is phenomenal in Inside Llewyn Davis.",13,3,63,10,0.25,0.25,4
ex_machina,https://www.reddit.com/r/movies/comments/132zxlu/ex_machina_is_a_wonderful_movie_with_amazing/,2023-04-30 22:38:57,welsh_nutter,"Gillian to Oscar: ""everything you touch turns to shit, your king Midas's idiot brother""",2,3,87,14,-0.5,0.8,4
ex_machina,https://www.reddit.com/r/movies/comments/132zxlu/ex_machina_is_a_wonderful_movie_with_amazing/,2023-04-29 19:39:59,Karametric,"I felt the same after this and Annihilation, but Men was ridiculously disappointing as a film. Very unfortunate.",8,2,112,18,-0.4166666666666667,0.6083333333333333,4
ex_machina,https://www.reddit.com/r/movies/comments/132zxlu/ex_machina_is_a_wonderful_movie_with_amazing/,2023-04-30 11:06:17,jazzdabb,Can’t bring myself to watch Men but both Sunshine and Dredd solidified Garland for me.,4,3,86,15,0.0,0.0,4
ex_machina,https://www.reddit.com/r/movies/comments/132zxlu/ex_machina_is_a_wonderful_movie_with_amazing/,2023-04-30 12:42:11,[deleted],"If Men is the A24 movie of the same name, it was awful IMO. I’m still not exactly sure the point of the movie but it did nail bizarre and paint men in a beautifully awful light.

Plus there is the mail slot scene.",1,4,213,44,-0.2416666666666667,0.7189814814814816,4
ex_machina,https://www.reddit.com/r/movies/comments/132zxlu/ex_machina_is_a_wonderful_movie_with_amazing/,2023-04-30 17:54:05,Karametric,"Mail slot scene was neat, but the whole final quarter of the film was such a heavy-handed slog to get through. That extended scene with the birthing sequence was wtf the first time but then it just kept going and going and became less shocking and just annoyingly long. It had a semi-interesting premise but it really lost itself along the way. 

A damn shame with how good Ex Machina and Annihilation both were where they had me completely transfixed throughout.",2,5,463,81,-0.024242424242424246,0.5363636363636366,4
ex_machina,https://www.reddit.com/r/movies/comments/132zxlu/ex_machina_is_a_wonderful_movie_with_amazing/,2024-02-10 06:47:22,biglicbandit,"Oscar Isaac is incredibly talented, he just needs to pick better roles. The Star Wars/Marvel shit needs to go. His more serious dramatic roles shows how talented of an actor he is. I really like him in Scenes from a Marriage more recently.",1,2,239,43,0.21333333333333332,0.5816666666666668,4
ex_machina,https://www.reddit.com/r/movies/comments/132zxlu/ex_machina_is_a_wonderful_movie_with_amazing/,2023-04-29 19:39:17,willk95,It's great! Did you notice the bronze wire star sitting on Oscar Isaac's desk next to the monitors?  My dad made that!,50,1,118,22,0.5,0.375,4
ex_machina,https://www.reddit.com/r/movies/comments/132zxlu/ex_machina_is_a_wonderful_movie_with_amazing/,2023-04-29 23:57:45,WhoKilledZekeIddon,"Haha really? That's awesome, how did that come to pass?",10,2,55,10,0.4666666666666666,0.5,4
ex_machina,https://www.reddit.com/r/movies/comments/132zxlu/ex_machina_is_a_wonderful_movie_with_amazing/,2023-04-30 00:03:19,willk95,"I have no idea! He's been making them since the 60s, and when I watched Ex Machina in the theater I almost jumped out of my seat when I saw it there!

https://imgur.com/gallery/00G9dBR",25,3,184,33,0.0,0.0,4
ex_machina,https://www.reddit.com/r/movies/comments/132zxlu/ex_machina_is_a_wonderful_movie_with_amazing/,2023-04-30 00:27:44,WhoKilledZekeIddon,"That's really cool man, thanks for sharing. Is that Good Will Hunting in the middle?",9,4,84,15,0.3125,0.36250000000000004,4
ex_machina,https://www.reddit.com/r/movies/comments/132zxlu/ex_machina_is_a_wonderful_movie_with_amazing/,2023-04-30 00:51:10,willk95,it is!,5,5,6,2,0.0,0.0,4
ex_machina,https://www.reddit.com/r/movies/comments/132zxlu/ex_machina_is_a_wonderful_movie_with_amazing/,2023-04-29 17:14:37,Regula96,It’s really good. Also check out Annihilation and Devs. Devs isn’t perfect but it’s an excellent “wtf is going on”.,119,1,115,20,0.55,0.9,4
ex_machina,https://www.reddit.com/r/movies/comments/132zxlu/ex_machina_is_a_wonderful_movie_with_amazing/,2023-04-29 19:25:42,AudioCinematic,I definitely need to watch Annihilation sometime. I appreciate both of the recommendations,18,2,90,13,0.0,0.5,4
ex_machina,https://www.reddit.com/r/movies/comments/132zxlu/ex_machina_is_a_wonderful_movie_with_amazing/,2023-04-29 23:47:55,Roborabbit37,"Annihilation is a fantastic movie, definitely recommend.",18,3,56,7,0.2,0.7,4
ex_machina,https://www.reddit.com/r/movies/comments/132zxlu/ex_machina_is_a_wonderful_movie_with_amazing/,2023-04-29 20:30:21,MurderDoneRight,"I loved both Annihilation and Devs. 
 
His latest movie, Men, however is definitely.... interesting. It's not sci-fi.... it's..... indescribable, I would say. You will go ""wtf is going on"" so many times watching it. Anyways...",15,2,226,35,0.2833333333333333,0.7000000000000001,4
ex_machina,https://www.reddit.com/r/movies/comments/132zxlu/ex_machina_is_a_wonderful_movie_with_amazing/,2023-04-29 21:35:02,[deleted],"Men is the movie equivalent of the uncanny valley, constantly. Never felt so unsettled watching a movie before, although the ending went a bit off-piste a bit, sacrificing that inate *wrongness* with, well, something.. quite different..",3,3,236,36,0.0,0.4666666666666667,4
ex_machina,https://www.reddit.com/r/movies/comments/132zxlu/ex_machina_is_a_wonderful_movie_with_amazing/,2023-04-29 20:43:34,Regula96,I haven't actually seen it yet. I looked forward to it for a long time but everyone seemed so split on it when it came out that it went down my list a bit. All this talk has made me eager to see it now though.,2,3,209,46,-0.06851851851851853,0.262962962962963,4
ex_machina,https://www.reddit.com/r/movies/comments/132zxlu/ex_machina_is_a_wonderful_movie_with_amazing/,2023-04-29 21:27:07,MurderDoneRight,Oh yeah I can totally see someone loving it. It's all about whether the allegories resonate with you or not.,1,4,108,20,0.3,0.85,4
ex_machina,https://www.reddit.com/r/movies/comments/132zxlu/ex_machina_is_a_wonderful_movie_with_amazing/,2023-04-29 17:34:08,VisualHelicopter,"Devs was great but they dragged it out. The whole security guard storyline was not needed. I thought they were a bit too cute on their explanation of determinism at the dinner table too. 

They tried to explain away free will in thirty seconds and came off sounding like uppity high school kids.",27,2,295,53,0.41200000000000003,0.6980000000000001,4
ex_machina,https://www.reddit.com/r/movies/comments/132zxlu/ex_machina_is_a_wonderful_movie_with_amazing/,2023-04-29 23:25:35,pigeonwiggle,"i'd argue that's the point.  the point is not that these devs had ""figured it out"" the point is that they're lost.  they're so infatuated with their creation, that they've lost the plot.  determinism isn't real (not in the way the show depicts it - the machine cannot accurately predict a model it itself is a part of) so the devs appear instead as Sycophants, indoctrinated by a religion they've created.  this is why when Lily tosses the gun through the doors, they are STUNNED and believe this confirms her to be ""the chosen one"" -- she's not the chosen one, she's just like any of us who aren't one of them.  this is why Lyndon's final scene was so important - it was to showcase their ABSOLUTE COMMITMENT to the cause.  if the computer told them they would die, they would accept it.  Everyone else on this planet would scoff and attempt to break the model, but these people have lived their entire recent lives DEVOTED to this project, and they need it to work.  they need to believe in it.  


it's like when you see a bad person in a tv show do a bad thing.  the show is not condoning or praising their actions, they're literally showing you:  ""this is the badguy.""",19,3,1173,215,-0.039999999999999966,0.6241666666666668,4
ex_machina,https://www.reddit.com/r/movies/comments/132zxlu/ex_machina_is_a_wonderful_movie_with_amazing/,2023-04-30 07:03:03,VisualHelicopter,Excellent point.,1,4,16,2,1.0,1.0,4
ex_machina,https://www.reddit.com/r/movies/comments/132zxlu/ex_machina_is_a_wonderful_movie_with_amazing/,2023-04-29 18:49:03,xburningxbouquetx,"Yaaassss annihilation was such a good movie! I feel as though it's not very well known, so I show it to as many people as I can. I got the pleasure of seeing it in theaters without knowing too much about its premise beforehand and the colors and visuals on a big screen was a really cool experience.",15,2,299,58,0.2607142857142857,0.40714285714285714,4
ex_machina,https://www.reddit.com/r/movies/comments/132zxlu/ex_machina_is_a_wonderful_movie_with_amazing/,2023-04-29 18:51:27,Regula96,"Oh I envy you. I wanted to see it in theaters but it wasn’t available in my country..

The lighthouse scene must have been insane.",6,3,130,25,-0.3,0.7,4
ex_machina,https://www.reddit.com/r/movies/comments/132zxlu/ex_machina_is_a_wonderful_movie_with_amazing/,2023-04-29 19:14:23,AmberLeafSmoke,That scene made me so fucking uncomfortable the first time watched it. Was an experience.,7,4,89,15,-0.125,0.6666666666666666,4
ex_machina,https://www.reddit.com/r/movies/comments/132zxlu/ex_machina_is_a_wonderful_movie_with_amazing/,2023-04-29 19:03:50,xburningxbouquetx,"Can confirm, lighthouse scene was so trippy. I had no idea what I thought the movie was about going into it, but it exceeded all expectations. 

Sidenote: I still have nightmares about the bear... That was something I could have done without seeing on a big screen lol",6,4,268,48,0.4,0.39999999999999997,4
ex_machina,https://www.reddit.com/r/movies/comments/132zxlu/ex_machina_is_a_wonderful_movie_with_amazing/,2023-04-29 20:32:26,MurderDoneRight,Yeah shitty move by Paramount to sell the world wide rights to Netflix.,1,4,71,13,-0.1,0.4,4
ex_machina,https://www.reddit.com/r/movies/comments/132zxlu/ex_machina_is_a_wonderful_movie_with_amazing/,2023-04-30 12:26:18,[deleted],It's on Netflix. They bought its international distribution rights upon release. I read the novel it was based on when it came out and watched the movie a few weeks ago. Great movie.,1,4,182,33,0.20000000000000004,0.2833333333333333,4
ex_machina,https://www.reddit.com/r/movies/comments/132zxlu/ex_machina_is_a_wonderful_movie_with_amazing/,2023-04-29 19:47:45,LiquifiedSpam,"I read the series it's based on after it said it was based off a novel in the credits. Annihilation, authority and acceptance. It's wiiiiild. The movie adaptation is very different but captures the feel amazingly well.",5,3,218,37,0.30000000000000004,0.8400000000000001,4
ex_machina,https://www.reddit.com/r/movies/comments/132zxlu/ex_machina_is_a_wonderful_movie_with_amazing/,2023-04-29 21:29:47,[deleted],"Apparently it's so different because Garland only read the book once, and then decided to do the film after he couldn't let go of the idea, but didn't want to reread it. It's an adaptation of his memory of the feel of the book.",3,4,227,44,0.0,0.8,4
ex_machina,https://www.reddit.com/r/movies/comments/132zxlu/ex_machina_is_a_wonderful_movie_with_amazing/,2023-04-29 23:20:34,pigeonwiggle,"Devs isn't perfect, but it's an excellent companion piece.  there's a reason Devs reads like Deus.  because Deus Ex Machina is this call for an outside force to solve everything.  


both of these stories circle characters who ""put too much faith"" in technology.  


at least, that's how i interpret them.  a lot of people seem to take the Devs literally, and the whole turing test literally...   


and i'm like - that's the problem.  the turing test in Ex Machina is not about whether Domnall believes Alicia to be real, but whether WE, THE AUDIENCE, DO.  


in so many sci-fi explorations of androids and AI, there's this question posed about life, and whether we can create it, is it alive, is it real, etc -- and the ONLY sci-fi embodiment of manufactured beings that i believe ARE beings... are the blade-runner replicants.  because those Are made of flesh, with manipulation of DNA.  you cannot ""disable"" them remotely like you could any of these other automatons.",4,2,971,164,0.2211538461538462,0.47115384615384615,4
ex_machina,https://www.reddit.com/r/movies/comments/132zxlu/ex_machina_is_a_wonderful_movie_with_amazing/,2023-04-30 12:33:39,426763,"I like to think Devs is set in the same universe as Ex Machina. Like, it's got to be. I fee like Nathan's social media company is Amaya's rival in that world.",2,2,158,32,0.016666666666666666,0.09583333333333333,4
ex_machina,https://www.reddit.com/r/movies/comments/132zxlu/ex_machina_is_a_wonderful_movie_with_amazing/,2024-08-23 15:53:43,shamy_cooper,"If that's indeed the case, what if Nathan designed Kyoko with Lily Chan as the inspiration (both played by Sonoya Mizuno)? Kidding aside, it's fascinating to see the stark contrast between those two characters - a robot that is an object of male gaze and an androgynous, uncharismatic tech genius.",1,3,297,50,0.16666666666666666,0.5166666666666667,4
ex_machina,https://www.reddit.com/r/movies/comments/132zxlu/ex_machina_is_a_wonderful_movie_with_amazing/,2023-04-29 22:45:39,ZendayasFeet,Devs started with an amazing premise but ended like a wet pseudo intellectual fart. I wonder if the guy is still guarding the entrance with his unhinged philosophical rantings,-2,2,175,29,0.2,0.42500000000000004,4
ex_machina,https://www.reddit.com/r/movies/comments/132zxlu/ex_machina_is_a_wonderful_movie_with_amazing/,2023-04-29 23:27:11,pigeonwiggle,it's star wars.  ...it's meant to be a campy storybook about spaceknights and wizards fighting monotonous soldiers.,6,2,115,17,0.0,0.0,4
ex_machina,https://www.reddit.com/r/movies/comments/132zxlu/ex_machina_is_a_wonderful_movie_with_amazing/,2023-04-30 11:54:02,SoulCruizer,Exactly but that’s not what we got..,0,3,36,7,0.25,0.25,4
ex_machina,https://www.reddit.com/r/movies/comments/132zxlu/ex_machina_is_a_wonderful_movie_with_amazing/,2023-04-29 19:38:04,[deleted],So i have a theory this movie is like a rorschach test for how one will respond to AI. The key is the ending. You either find it terrifying or liberating.,12,1,154,31,-0.5,1.0,4
ex_machina,https://www.reddit.com/r/movies/comments/132zxlu/ex_machina_is_a_wonderful_movie_with_amazing/,2023-04-29 23:42:58,pigeonwiggle,"you're on point.  the turing test of the film isn't if Caleb is convinced Ava is real and deserves saving at the expense of Nathan's life - but rather, whether WE believe Ava is real and deserves saving at the expense of Caleb's life.",16,2,234,44,0.2,0.30000000000000004,4
ex_machina,https://www.reddit.com/r/movies/comments/132zxlu/ex_machina_is_a_wonderful_movie_with_amazing/,2023-04-30 12:35:16,[deleted],Took me my second watch to pick my sides. But there are no second chances in real life.,3,3,87,18,0.06666666666666667,0.10000000000000002,4
ex_machina,https://www.reddit.com/r/movies/comments/132zxlu/ex_machina_is_a_wonderful_movie_with_amazing/,2023-05-01 03:43:46,pigeonwiggle,"[https://www.youtube.com/watch?v=L\_Guz73e6fw](https://www.youtube.com/watch?v=L_Guz73e6fw)  


this is an excellent interview with Sam Altman, one of the creators of ChatGPT and there's some excellent points made near the end concerning the Anthropomorphism of AI.  


it's in our protective nature as social creatures to protect each other, and to protect things that - might as well be close enough to human... it's how we've evolved.  the creatures who wandered off to live alone didn't learn as much as those of use who stayed in groups.  a diverse collection of humans are strongest.  people who are strong enough to lift things, people who are calculating enough to plan things, people who are charismatic enough to entertain, people who stay up later, people with various senses of smell, taste, etc... all to act as sorts of canaries in the coal mines of natural selection.  


embracing technology as one of us - giving machines and artificial ""intelligences"" rights, is a mistake.  


i love sci fi, i love robots, i love androids and all that... i have no yet seen a single argument to be made for the protection or treatment of any of these things as living creatures.  wiping R2D2s memory is sad - but sad the same way erasing a harddrive with all your favourite memes is.  :c",7,4,1290,210,0.09448468198468198,0.5543956043956043,4
ex_machina,https://www.reddit.com/r/movies/comments/132zxlu/ex_machina_is_a_wonderful_movie_with_amazing/,2023-04-29 22:07:18,SPorterBridges,How about if I find it silly?,1,2,29,7,-0.5,0.875,4
ex_machina,https://www.reddit.com/r/movies/comments/132zxlu/ex_machina_is_a_wonderful_movie_with_amazing/,2023-04-29 17:52:38,ericbyo,"Anyone else suspicious these posts come from a.i? This subreddit is spammed by this sort of post.

Edit: I asked chatgpt

""Hey guys, I just wanted to share my love for Ex Machina. This movie is an absolute masterpiece, exploring complex themes like artificial intelligence, consciousness, and the true nature of humanity.

The performances are top-notch, particularly Alicia Vikander, who brings an intensity and depth to her character that is truly captivating. The film's visual aesthetic is stunning, with breathtaking cinematography that perfectly captures the eerie atmosphere of the laboratory and the beautiful wilderness surrounding it.

Overall, Ex Machina is a must-watch for anyone who loves sci-fi, thrillers, or just great cinema in general. It's a brilliant exploration of the relationship between AI and humanity, and will leave you questioning what it really means to be conscious.""",55,1,898,137,0.3358333333333333,0.6916666666666667,4
ex_machina,https://www.reddit.com/r/movies/comments/132zxlu/ex_machina_is_a_wonderful_movie_with_amazing/,2023-04-29 18:36:41,Memebaut,"chatgpt usually doesnt make the many grammatical errors in the op, i guess it could have been instructed to though",32,2,114,20,0.125,0.375,4
ex_machina,https://www.reddit.com/r/movies/comments/132zxlu/ex_machina_is_a_wonderful_movie_with_amazing/,2023-04-29 19:24:47,AudioCinematic,"Hello it's AI (sorry I mean not AI) here, I have. not. been. instructed, to make grammatical-errors.  
  
My post was beyond basic lol. Seriously that ChatGPT post is incredible and he's comparing what I posted to that. That ChatGPT generated post is 100x better than what I posted and it isn't even close.",17,3,306,53,0.1505952380952381,0.6541666666666667,4
ex_machina,https://www.reddit.com/r/movies/comments/132zxlu/ex_machina_is_a_wonderful_movie_with_amazing/,2023-04-29 19:49:42,LiquifiedSpam,"Nah that chatGPT post would be really cringe. It's just big word after big word without actually going into anything.

It has the same energy as fans on a niche subreddit who haven't experienced any form of media outside of it and praise it endlessly and complain that nothing else is on the same tier.",23,4,302,55,0.09722222222222222,0.27222222222222225,4
ex_machina,https://www.reddit.com/r/movies/comments/132zxlu/ex_machina_is_a_wonderful_movie_with_amazing/,2023-04-29 21:37:40,[deleted],Sounds like 95% of reddit to me..,10,5,33,7,0.0,0.0,4
ex_machina,https://www.reddit.com/r/movies/comments/132zxlu/ex_machina_is_a_wonderful_movie_with_amazing/,2023-04-30 13:49:16,MarcusForrest,"Hey fellow not AI! I believe you!

&amp;nbsp;

By the way, [what does **this** say??](https://www.jimthatcher.com/images/captcha2.jpg) - I mean I can totally understand what it says, but let's pretend I don't...

&amp;nbsp;

^(I'm not a bot.)",1,4,242,35,-0.15625,0.71875,4
ex_machina,https://www.reddit.com/r/movies/comments/132zxlu/ex_machina_is_a_wonderful_movie_with_amazing/,2023-04-29 18:51:40,SuperSpread,Yeah that’s the best tell. Only when most posts are by AI would people bother to downgrade posts with mistakes to make it human-lyke.,2,3,133,24,0.5,0.6,4
ex_machina,https://www.reddit.com/r/movies/comments/132zxlu/ex_machina_is_a_wonderful_movie_with_amazing/,2023-04-29 19:22:44,AudioCinematic,"Let's be honest, even AI could write a better post than what I did. I'm essentially stating the obvious for a lot of people who've watched it, I'm aware of that. It's definitely paranoia though to sit here and think these type of posts come from AI.  
  
I do find it hilarious that in a movie discussion about a movie related to AI, you're paranoid about AI lol.  
  
You could literally get ChatGPT to generate a collection of words that'll look similar to most discussions about movies, music, etc when there's more than enough info out there from the endless discussions of said movies/music for a bot to come up with something similar.  
  
""This subbed is spammed by this sort of post."" You mean people discussing great movies they watched? Personally, on a sub-Reddit dedicated to movies, I expect to see discussion about someone's favourite movies, least favourite movies, etc.  
  
In terms of the other guy talking about ""karma farming,"" these posts on movies will never come close to the actual karma farmers reposting the same images to /r/pics, the same videos to /r/videos, etc and getting at times 10's of 1000's of upvotes in no time. If you wanted to farm karma for whatever stupid reason, that is how they'd probably do it.",7,2,1241,214,0.11614583333333335,0.4984375000000001,4
ex_machina,https://www.reddit.com/r/movies/comments/132zxlu/ex_machina_is_a_wonderful_movie_with_amazing/,2023-04-29 19:29:36,LeoMatteoArts,Bro thinks he's not a robot 🤖,18,3,29,7,0.0,0.0,4
ex_machina,https://www.reddit.com/r/movies/comments/132zxlu/ex_machina_is_a_wonderful_movie_with_amazing/,2023-04-29 19:33:08,AudioCinematic,If you seen my aim on CSGO/Valorant then it would confirm I'm a robot sadly lol,11,4,79,16,0.8,0.7,4
ex_machina,https://www.reddit.com/r/movies/comments/132zxlu/ex_machina_is_a_wonderful_movie_with_amazing/,2023-04-30 15:15:13,onarainyafternoon,Did you mean to say *not* a robot?,2,5,34,8,-0.3125,0.6875,4
ex_machina,https://www.reddit.com/r/movies/comments/132zxlu/ex_machina_is_a_wonderful_movie_with_amazing/,2023-04-29 18:40:39,IrrelevantPuppy,"I think unfortunately for something like this there’s just no way to tell. Could you fake this for account karma farming with a bot, ai, and very minimal human input? Yes, it’d be so easy. But is this also something a real human would post about? Of course. When I watch an older movie I enjoy I still want to connect with other people about it.     
      
So what do we do about it? Idk. Maybe a good rule of thumb is: does OP engage in the comments like a human who was seeking connection over a movie would do? Then consider it real. Are there NO comments from OP or very brief, generic, and/or slightly off topic from what they’re responding to? Consider a bot and downvote.      
       
This post is pretty new, so hard to tell. But so far not looking great.",2,2,765,142,0.07365151515151516,0.5208939393939394,4
ex_machina,https://www.reddit.com/r/movies/comments/132zxlu/ex_machina_is_a_wonderful_movie_with_amazing/,2023-04-29 19:26:57,tastyToasterStreudal,https://www.zerogpt.com says it’s likely AI!,2,2,44,5,0.0,1.0,4
ex_machina,https://www.reddit.com/r/movies/comments/132zxlu/ex_machina_is_a_wonderful_movie_with_amazing/,2023-04-29 19:17:08,wiifan55,"I don’t think op is AI, just based on the cadence of his writing. But this post is for sure just karma farming. Next OP will check out the little known and underrated film “Blade Runner 2049”.",4,2,192,37,0.10416666666666667,0.46296296296296297,4
ex_machina,https://www.reddit.com/r/movies/comments/132zxlu/ex_machina_is_a_wonderful_movie_with_amazing/,2023-05-19 23:03:07,[deleted],Nope. You’re not alone. Most likely someone using ChatGPT on the daily.,1,2,71,12,0.16666666666666666,0.5,4
ex_machina,https://www.reddit.com/r/movies/comments/132zxlu/ex_machina_is_a_wonderful_movie_with_amazing/,2023-04-29 22:06:56,Blue_Tomb,"I wasn't completely sold on the thriller turn, but I've also not seen it since it came out at the cinema so should give it another watch. Definitely a wonderfully designed, shot and performed film though, and thought provoking too. It might just be that my slight preference is against thriller turns to begin with.",5,1,315,55,0.31111111111111117,0.5222222222222223,4
ex_machina,https://www.reddit.com/r/movies/comments/132zxlu/ex_machina_is_a_wonderful_movie_with_amazing/,2023-04-29 18:40:38,Toad_Thrower,"It's a great movie, it's so fucked up though.",3,1,45,9,0.10000000000000003,0.725,4
ex_machina,https://www.reddit.com/r/movies/comments/132zxlu/ex_machina_is_a_wonderful_movie_with_amazing/,2023-04-29 22:22:50,peaceblaster68,Even Sonoya Mizuno was good in it,3,1,33,7,0.7,0.6000000000000001,4
ex_machina,https://www.reddit.com/r/movies/comments/132zxlu/ex_machina_is_a_wonderful_movie_with_amazing/,2023-04-29 18:54:56,kinky_ogre,"I don't think Ex Machina is in my top 10 favorite movies, but it is in my top 20! Such a good film. Nine years later, I still can't forget about it.",5,1,148,32,0.3875,0.5166666666666667,4
ex_machina,https://www.reddit.com/r/movies/comments/132zxlu/ex_machina_is_a_wonderful_movie_with_amazing/,2023-04-29 20:45:57,MoreGull,I'm still in love with that house! Despite the unfortunate events...,5,1,68,11,0.0625,0.8,4
ex_machina,https://www.reddit.com/r/movies/comments/132zxlu/ex_machina_is_a_wonderful_movie_with_amazing/,2023-04-30 11:37:28,ekkidee,"Did nobody here see ""Blade Runner?"" I liked ""Ex"" but thought ""Blade Runner"" covered the same existential questions in a much more taut, gripping, and ambiguous style. Not to mention 40 years ago.",5,1,195,33,0.4,0.60625,4
ex_machina,https://www.reddit.com/r/movies/comments/132zxlu/ex_machina_is_a_wonderful_movie_with_amazing/,2023-06-01 05:22:37,[deleted],I think ex machina has completely different subtext than blade runner. I don’t think ex machina was about AI or technology really at all in its message,2,2,151,27,0.1,0.4,4
ex_machina,https://www.reddit.com/r/movies/comments/132zxlu/ex_machina_is_a_wonderful_movie_with_amazing/,2023-04-29 17:46:51,krectus,Yeah I would say top ten sci-fi of all time. Really need to start distinguishing a bit more between science fiction and science fantasy cause it’s a bit weird that something like this gets but in the same category as say Star Wars.,5,1,231,43,0.11666666666666665,0.3875,4
ex_machina,https://www.reddit.com/r/movies/comments/132zxlu/ex_machina_is_a_wonderful_movie_with_amazing/,2023-04-29 18:58:19,kinky_ogre,"The movie also dabbles into the horror genre, just like Alien, which sets it apart I think. I would not categorize it in the star wars genre whatsoever. You could say that Star Wars is a Space Western. It is sci-fi, but that's a broooaaaad genre.",7,2,246,46,-0.125,0.375,4
ex_machina,https://www.reddit.com/r/movies/comments/132zxlu/ex_machina_is_a_wonderful_movie_with_amazing/,2023-04-29 19:43:13,krectus,Yeah that’s why Star Wars is more fantasy genre not really sci-fi but I’m not gonna try to get Star Wars fans to get on board with that even if it’s true.,3,3,154,32,0.25,0.45,4
ex_machina,https://www.reddit.com/r/movies/comments/132zxlu/ex_machina_is_a_wonderful_movie_with_amazing/,2023-04-29 22:10:17,kinky_ogre,Lmao true. Fantasy is a good word for it too.,1,4,45,10,0.5499999999999999,0.75,4
ex_machina,https://www.reddit.com/r/movies/comments/132zxlu/ex_machina_is_a_wonderful_movie_with_amazing/,2023-04-29 22:12:48,cactusmaac,Will always like this movie as it was the first one my now-wife and I watched together. Even now I jokingly call her my Ava as she is perfectly designed for me.,2,1,160,32,0.625,0.6666666666666666,4
ex_machina,https://www.reddit.com/r/movies/comments/132zxlu/ex_machina_is_a_wonderful_movie_with_amazing/,2023-04-29 22:33:36,[deleted],"There is a britain movie released some yrs earlier (that is nearly exact same story), THE MACHINE with a very small budget (less than 5million Pounds) that i think is far superior...

The CGI is astonishing for such a small budget...",2,1,233,41,0.08083333333333334,0.5261666666666667,4
ex_machina,https://www.reddit.com/r/movies/comments/132zxlu/ex_machina_is_a_wonderful_movie_with_amazing/,2023-04-30 12:04:32,DEADdrop_,"Had this one of my list for a while, so I’ll definitely check it out",2,2,68,15,0.0,0.5,4
ex_machina,https://www.reddit.com/r/movies/comments/132zxlu/ex_machina_is_a_wonderful_movie_with_amazing/,2023-04-29 23:10:24,JaimeFenrirson,Gonna have to watch this again after the game.  What a film.,2,1,60,12,-0.4,0.4,4
ex_machina,https://www.reddit.com/r/movies/comments/132zxlu/ex_machina_is_a_wonderful_movie_with_amazing/,2023-04-30 00:49:30,gamenameforgot,I want to get killed by a sexy fembot. It is my dream and life goal.,2,1,68,16,0.15,0.5,4
ex_machina,https://www.reddit.com/r/movies/comments/132zxlu/ex_machina_is_a_wonderful_movie_with_amazing/,2023-04-29 19:10:57,EH4LIFE,"Wonderful film. Really sums up why I love sci fi, it perfectly engages you on both a rational and emotional level.",3,1,114,21,0.54,0.69,4
ex_machina,https://www.reddit.com/r/movies/comments/132zxlu/ex_machina_is_a_wonderful_movie_with_amazing/,2023-04-30 04:30:58,Expensive-Sentence66,"My opinion is it's the best film about AI that's been made because it's the most accurate.

Was Ava actually sentient or just following her programming, or does it really matter. I saw it with my IT buddies and we argued about until the ushers kicked us out. 

Sure beats...""do you know where the blue fairy is?"" dur...dur...dur",4,1,328,58,0.325,0.3527777777777778,4
ex_machina,https://www.reddit.com/r/movies/comments/132zxlu/ex_machina_is_a_wonderful_movie_with_amazing/,2023-04-30 10:03:59,BringSomeAvocados,"Maybe we are all just following our programming. Ants in our anthill, oblivious to everything else.",2,2,99,16,0.0,0.1,4
ex_machina,https://www.reddit.com/r/movies/comments/132zxlu/ex_machina_is_a_wonderful_movie_with_amazing/,2023-04-30 11:32:55,ekkidee,Rick Deckard says hello.,1,2,24,4,0.0,0.0,4
ex_machina,https://www.reddit.com/r/movies/comments/132zxlu/ex_machina_is_a_wonderful_movie_with_amazing/,2023-04-29 17:15:04,JohannReddit,"Really great movie I've watched many times. I, personally, don't love the ending and felt it could have been just as (if not more) effective &gt;!without having Ava let Caleb die!&lt;. But I understand why it was the way it was and like it that way too...",4,1,255,47,0.43,0.6300000000000001,4
ex_machina,https://www.reddit.com/r/movies/comments/132zxlu/ex_machina_is_a_wonderful_movie_with_amazing/,2023-04-29 18:55:46,SuperSpread,I think one point was that Ava never cared about Caleb in the slightest. That’s how hard she fooled him and passed the test. We all held out hope until then. Letting him out is a risk she doesn’t need and would get in the way of her escape.,37,2,240,49,-0.2916666666666667,0.5416666666666666,4
ex_machina,https://www.reddit.com/r/movies/comments/132zxlu/ex_machina_is_a_wonderful_movie_with_amazing/,2023-04-29 22:37:38,[deleted],"One of my favourite aspects of that movie is that fact that, depending on how you choose to engage with it, it's basically 2 seperate movies happening at the same time. First there's the surface level story about powerful AI, in that story the end is fucking horrifying and a cautionary tale about a lonely guy assigning humanity to something he didn't truly understand. Alternatively there's the metaphorical story about women's struggles that runs completely counter to the previous interpretation, in that story the end is triumphant and Caleb is less sympathetic as Ava was just an object to toy with until he started to view her as human being worthy of compassion. 

It's why discussions about the movie can be equal parts fun and frustrating because a lot of people view it as one or the other and if you didn't see it the same way they did you're either an idiot who got tricked by the AI or a monster who couldn't see her humanity. Did Ava escape because that's what she literally programmed to do or was it the natural desire to be free that every living being has? Did she leave Caleb because she viewed him as similar to Nathan or did she leave Caleb because saving the human element of the maze wasn't part of the programming and thus didn't even cross her mind? So many interesting ways to dissect and analyze this movie and I fucking love it, watched it for the 6th time the other night and still don't know quite where I land tbh.",18,3,1446,262,0.037037037037037035,0.4598765432098766,4
ex_machina,https://www.reddit.com/r/movies/comments/132zxlu/ex_machina_is_a_wonderful_movie_with_amazing/,2023-04-30 04:18:31,sakamism,"I agree, my favorite part of the movie is the way it works on multiple levels. So many people (including in this very thread) seem to only see one and think if you disagree with their interpretation you're a dumbass who missed the point.",5,4,237,44,0.24,0.5599999999999999,4
ex_machina,https://www.reddit.com/r/movies/comments/132zxlu/ex_machina_is_a_wonderful_movie_with_amazing/,2023-04-29 23:41:48,pigeonwiggle,"&gt;Did Ava escape because that's what she literally programmed to do or was it the natural desire to be free that every living being has? 

programming.

&amp;#x200B;

&gt;Did she leave Caleb because she viewed him as similar to Nathan or did she leave Caleb because saving the human element of the maze wasn't part of the programming and thus didn't even cross her mind?

wasn't part of the programming.

&amp;#x200B;

:D  
I just posted a couple comments explaining the perspective of both Devs and Ex Machina -- how those two stories carry a similar theme about humanity's desperate trust in technology, so i won't go into it again.  


but i will say, the angle you propose about ""women's struggles"" is an interesting one - not in how it runs counter to the rest of the movie thematically, but how it continually supports the notion of human activity.

the robot being Ava and being assigned she/her pronouns, being portrayed as vulnerable and feminine is essential to 'the turing test' -- not just to Caleb as the tester, but to us.  Ava is a collection of screws and circuitry.  it isn't a person.  but everyone in the comments (the majority of comments in all threads about the movie) reveal their bias in relating to her sympathetically - even with a note of caution.  


it begs the questions: what if Nathan wasn't depicted as hyper-masculine, bearded, guarded, protective, dismissive, cold, stoic... what if Ava held the form of a larger man, hairy-shouldered, crooked teeth, thick-fleshed cheeks, and swayed back and forth from humiliated and desperate to acting dismissive with a chip on his shoulder.  ""you're not going help me, fuck off and let me die here.""",0,4,1674,283,-0.015000000000000008,0.46499999999999997,4
ex_machina,https://www.reddit.com/r/movies/comments/132zxlu/ex_machina_is_a_wonderful_movie_with_amazing/,2023-04-30 00:03:43,[deleted],"Personally my biggest fear with the whole ""evil powerful AI"" thing is it's potential to weaponize empathy, hell it's something evil humans are pretty good at so I can only imagine what an emotionless machine not bound by any ethics or morality or instincts and no real ties to humanity could accomplish. I mean most sci-fi movies tend to be like robot labour=human slave labour so we've already been conditioned to see them as living beings rather than machines which I've always found a little confusing lol. Like what's the point of making them then? We're closer to overpopulated than underpopulated so I don't see the point in creating artificial beings for the sake of creating them. 

So yeah I'm definitely closer the ""Ava was an AI and the movie is horrifying"" end of the spectrum, that being said it's hard to ignore the feminist angle. Like yeah Nathan used Avas gender to trick Nathan but he was making them women with fully functioning vaginas long before Avas model. Also it is interesting how Caleb goes from amused analytical probing to ""I must save her"" once Ava starts using her sexuality.",2,5,1106,191,-0.07103174603174603,0.6823412698412699,4
ex_machina,https://www.reddit.com/r/movies/comments/132zxlu/ex_machina_is_a_wonderful_movie_with_amazing/,2023-04-29 23:33:20,pigeonwiggle,"she gave it no more thought than necessary.  she's a calculating toaster.  she's not a person, and i only use she pronouns because that's how we all came to know it.  


the turing test wasn't about ava fooling caleb, it was about ava fooling us -- as is the case with most movies.  can we believe the actors are the characters they say they are?  


the entire point of the movie is to show how easily swayed you are when a pretty face and a false sense of vulnerability is displayed over the robot.  notice, Caleb doesn't make the same attempts to save Kyoko.  but there is zero difference between Kyoko and Ava -- other than her performative actions.  


the fact that so many people point out what /u/JohannReddit did, ""felt it could have been just as effective without having Ava let Caleb die"" is proof of how many people have fallen victim to the movie's Turing test.  Ava isn't a character, she's a plot device.  she doesn't second guess her actions.  she's a trap door with a few extra mechanisms.

both Devs and Ex Machina (deus ex machina) are stories about how foolish humanity is to seek answers from an outside source.  Technology will be our downfall if we treat it like a god.",2,3,1192,215,0.0962962962962963,0.4810185185185185,4
ex_machina,https://www.reddit.com/r/movies/comments/132zxlu/ex_machina_is_a_wonderful_movie_with_amazing/,2023-04-30 06:27:07,whousesgmail,"&gt;	Caleb doesn’t make the same attempts to save Kyoko.  but there is zero difference between Kyoko and Ava – other than her performative actions.

1.	Caleb does show concern for Kyoto at times
2.	There’s a massive difference in that Ava talk and Kyoto doesn’t.

I think most people work this way when interacting with other humans. Of course you’ll have more affinity for someone you’ve sat down and spoken with at length vs someone you’ve seen but never spoken to. It’s human nature at that point.",3,4,500,88,0.07430555555555556,0.4079861111111111,4
ex_machina,https://www.reddit.com/r/movies/comments/132zxlu/ex_machina_is_a_wonderful_movie_with_amazing/,2023-04-30 00:57:52,frogandbanjo,"The movie set itself up to be a no-lose situation for the screenwriter at the end. Ava being a cipher and a naif relative to the wider world was just as believable as anything else. Personally, though? I agree with you. The kind of high-functioning sociopath that Ava apparently was does not dispose of such a high-value resource during a transition into massive uncertainty where she has no real foundation underneath her.

If the movie had ended with Ava in real trouble and regretting her decision, even on purely sociopathic grounds, that would've been more intellectually satisfying to me. Theme: you're never actually free. Her creator doomed her to be in escape/survival mode forever, rather than ever allowing her to settle down and plug in to any kind of society. He made her human enough... but human with a profound and untreatable mental illness, essentially. That single-mindedness led her to make a suboptimal decision re: Caleb, and will continue to compel her to make similar suboptimal decisions over and over again.

Tough to sum that up quickly on the screen, though.",1,2,1086,181,0.08902116402116404,0.5030092592592593,4
ex_machina,https://www.reddit.com/r/movies/comments/132zxlu/ex_machina_is_a_wonderful_movie_with_amazing/,2023-04-30 12:37:29,[deleted],She wouldn't be able to take the chopper with him in tow. She asks him towards the end that would he stay?,1,2,106,22,0.5,0.625,4
ex_machina,https://www.reddit.com/r/movies/comments/132zxlu/ex_machina_is_a_wonderful_movie_with_amazing/,2023-04-30 00:06:42,dryintentions,The screenplay is so well done. Such a simple approach to getting through a storyline but still having all the quality elements of ending it on a trippy plot twist.,2,1,164,30,0.0,0.4285714285714286,4
ex_machina,https://www.reddit.com/r/movies/comments/132zxlu/ex_machina_is_a_wonderful_movie_with_amazing/,2023-04-29 22:16:07,Lightning_fanguy,This movie damn near broke me. I sat in the theater completely oblivious of my surroundings until I was asked to leave. Freaking blew my mind!,3,1,142,26,0.1125,0.4,4
ex_machina,https://www.reddit.com/r/movies/comments/132zxlu/ex_machina_is_a_wonderful_movie_with_amazing/,2023-04-29 19:06:25,wise_ogre,"I liked it, just thought the Frankenstein references were over done. Like yeah, we get it, you can stop pointing at it now.",3,1,123,23,0.6,0.8,4
ex_machina,https://www.reddit.com/r/movies/comments/132zxlu/ex_machina_is_a_wonderful_movie_with_amazing/,2023-04-29 21:54:48,el_pinata,"Killer soundtrack too, Ben Salisbury is back doing his work on Annihilation as well, another great fucking movie.",1,1,113,18,0.0666666666666667,0.5166666666666667,4
ex_machina,https://www.reddit.com/r/movies/comments/132zxlu/ex_machina_is_a_wonderful_movie_with_amazing/,2023-04-30 12:41:52,ffandyy,"It’s decent, meanders along a bit though",1,1,40,7,0.16666666666666666,0.6666666666666666,4
ex_machina,https://www.reddit.com/r/movies/comments/132zxlu/ex_machina_is_a_wonderful_movie_with_amazing/,2023-04-29 20:55:50,zippyboy,Another fine A24 production.,1,1,28,4,0.4166666666666667,0.5,4
ex_machina,https://www.reddit.com/r/movies/comments/132zxlu/ex_machina_is_a_wonderful_movie_with_amazing/,2023-04-30 00:12:28,MakeHasteNoah,Gorgeous film.,1,1,14,2,0.7,0.9,4
ex_machina,https://www.reddit.com/r/movies/comments/132zxlu/ex_machina_is_a_wonderful_movie_with_amazing/,2023-04-30 01:03:51,[deleted],"Nathan was an incredibly complex character and the meta mindfucks on the first watch are out of control. I suspected a few initially because I've signed up to participate in behavioral psychology experiments in college, so I'm aware of the lengths scientists will go to deceive their subjects for unsullied data points. Great movie, highly recommended! 

There was one aspect I couldn't help but think of on my second watch though (spoiler): &gt;!Why didn't Nathan, knowing about the potential for power outages, create a manual observation point where he could simply walk into a secret spot to eavesdrop instead of relying on cameras and microphone equipment? He's a smart enough guy, with how critical it is to keep the data stream going, he should have already planned ahead before his special week so that all x-factors were covered. However, this would spoil the crux of the story for entertainment value of the viewer of course. Great movie, certainly my top 10! !&lt;",1,1,975,162,0.16192226890756303,0.48204481792717085,4
ex_machina,https://www.reddit.com/r/movies/comments/132zxlu/ex_machina_is_a_wonderful_movie_with_amazing/,2023-04-30 03:51:35,crazyabtmonkeys,"I feel like I'm taking crazy pills. I went to see it with a friend in the theater and was absolutely bored throughout it and was looking forward to it. I can sit through a 4 hour movie no problem but Ex Machina just felt anemic until the last third which was a coke fueled ""fuck it, get it done"" ending which is on par for Garland's writing. It felt like a movie written in the 70s that would have been a classic but felt stale in modern times. I was genuinely wondering if I was supposed to be surprised by anything because it felt so very linear in where it was going. I don't hate this movie. But I cannot for the life of me understand the glowing praise. The acting was great but it was definitely showing their hand with the story. AI creepy robot that may be fucking with them. Creepy scientist robot fucker. And creepy incel weirdo. I get a ton of shit when I say anything negative about this movie but felt like it was very surface level.",0,1,946,183,-0.1515151515151515,0.5765151515151516,4
ex_machina,https://www.reddit.com/r/movies/comments/132zxlu/ex_machina_is_a_wonderful_movie_with_amazing/,2023-04-30 07:59:34,havocssbm,"I agree with you, but how I see it is if some of the concepts/twists the movie uses are new to the viewer it's a lot more exciting. However, if you are familiar with these tropes, you can guess the plot in the first few minutes. Then the rest of the movie is spent thinking the main character is in fact a creepy incel and you're just waiting for his big dumb moment that leads to the obvious twist. 

It is a good looking, well made, and finely acted movie, but if you're not surprised by it it's probably just not gonna land as well.",1,2,535,105,0.10797979797979798,0.4814141414141415,4
ex_machina,https://www.reddit.com/r/movies/comments/132zxlu/ex_machina_is_a_wonderful_movie_with_amazing/,2023-04-29 18:59:45,xburningxbouquetx,I agree completely! For such a small cast of characters I was surprised that all of the actors and their performances shined. I've watched this one several times and also own it on DVD. I also had a really cool high school English teacher talk to us about it and described it as a favorite movie of his just for the intricacies in the character relationships. Definitely a movie worth several rewatches,1,1,402,72,0.145,0.4607692307692307,4
ex_machina,https://www.reddit.com/r/movies/comments/132zxlu/ex_machina_is_a_wonderful_movie_with_amazing/,2023-04-29 20:44:32,ZombierBob,"wonder what happen to the robot ....I guss its in storage somewhere

&amp;#x200B;

: ) lol",1,1,90,16,0.65,0.85,4
ex_machina,https://www.reddit.com/r/movies/comments/132zxlu/ex_machina_is_a_wonderful_movie_with_amazing/,2023-04-29 21:39:59,[deleted],Loved the dance number,1,1,22,4,0.7,0.8,4
ex_machina,https://www.reddit.com/r/movies/comments/132zxlu/ex_machina_is_a_wonderful_movie_with_amazing/,2023-04-29 23:51:40,esp211,Very unnerving movie,1,1,20,3,0.2,0.3,4
ex_machina,https://www.reddit.com/r/movies/comments/132zxlu/ex_machina_is_a_wonderful_movie_with_amazing/,2023-04-30 00:53:15,ZachsLegacy92,Now I need to do a re-watch. It’s been years since I have seen it.,1,1,66,15,0.0,0.0,4
ex_machina,https://www.reddit.com/r/movies/comments/132zxlu/ex_machina_is_a_wonderful_movie_with_amazing/,2023-04-30 02:50:27,enragedjuror,"My #4 of all time. Perfect film. Uncomfortably good performances. Tight script, excellent music and effects...god fucking damn I love Ex Machina.",1,1,145,22,0.4035714285714285,0.7142857142857143,4
ex_machina,https://www.reddit.com/r/movies/comments/132zxlu/ex_machina_is_a_wonderful_movie_with_amazing/,2023-04-30 02:51:41,DemoHD7,I wonder how long she would've lasted out in the real world before someone realises she's not like the others.,1,1,110,20,0.07500000000000001,0.35000000000000003,4
ex_machina,https://www.reddit.com/r/movies/comments/132zxlu/ex_machina_is_a_wonderful_movie_with_amazing/,2023-04-30 03:15:46,drawkbox,Brutal ending that is so subtle. A HAL9000 moment for sure.,1,1,59,11,-0.23611111111111108,0.7962962962962963,4
ex_machina,https://www.reddit.com/r/movies/comments/132zxlu/ex_machina_is_a_wonderful_movie_with_amazing/,2023-04-30 03:34:02,mindspringyahoo,"this was quite possibly the best (previously unknown) movie I've ever watched on a plane flight. Nicely paced, thought provoking, nice eye candy.",1,1,145,23,0.42000000000000004,0.78,4
ex_machina,https://www.reddit.com/r/movies/comments/132zxlu/ex_machina_is_a_wonderful_movie_with_amazing/,2023-04-30 05:35:33,[deleted],Dancing scene is the best part,1,1,30,6,1.0,0.3,4
ex_machina,https://www.reddit.com/r/movies/comments/132zxlu/ex_machina_is_a_wonderful_movie_with_amazing/,2023-04-30 07:31:38,Acti0nJunkie,"Disappointed here.  Yes there was beautiful aspects of it.

However, it all seemed too unrealistic and plausible.  Rich hermit guy would not have anything that elaborate without SOME outside assistance.  The type who would do something like that wouldn’t have had the background the rich-inventor had.  It all was setup way too convenient for a movie plot.",1,1,356,57,0.1392857142857143,0.7214285714285714,4
ex_machina,https://www.reddit.com/r/movies/comments/132zxlu/ex_machina_is_a_wonderful_movie_with_amazing/,2023-04-30 07:42:31,AldusPrime,"They were all amazing. 

They were all so good that I'd thought it was the first time I'd seen any of them. Domhnall Gleeson looked familiar, but somehow I didn't actually connect him to Star Wars or Harry Potter. Alicia Vikander, I think that actually was the first time I had seen her in anything.",1,1,299,55,0.31071428571428567,0.4095238095238095,4
ex_machina,https://www.reddit.com/r/movies/comments/132zxlu/ex_machina_is_a_wonderful_movie_with_amazing/,2023-04-30 12:41:46,ffandyy,"It’s decent, meanders along a bit though",1,1,40,7,0.16666666666666666,0.6666666666666666,4
ex_machina,https://www.reddit.com/r/movies/comments/132zxlu/ex_machina_is_a_wonderful_movie_with_amazing/,2023-04-30 15:15:25,CartoonsontheCarpet,"Because everyone is talking about Ex Machina, I have a question about the ending that I have never been able to find an answer to.

On the final day, Caleb starts his day and sees Nathan in the kitchen. He offers him alcohol, which is part of his plan, but Nathan tells him he is on another cleanse and refuses the drink. From all indications, this encounter happens in the morning or at least early afternoon. Ava is supposed to trigger a power cut at 10 PM, which will unlock all the doors according to the changes Caleb programmed the night before. But the power cut happens not long into this morning/early afternoon conversation and things unfold quickly from there. We also see Ava leave the compound during the daytime. This plot confusion has always seemed like a strange oversight in an otherwise perfect film. Any explanation for it? 

Nevertheless, I think this movie it absolutely fantastic and I love it with all my heart. All the performances are stunning. Oscar Isaac in particular gives such a nuanced performance. It may be his best work, which is saying something.

I love all of Garland's work. Hasn't missed yet, in my opinion. I adored his recent Men, although it didn't get the reaction I thought it might when it came out. The performances in Men are wonderful. 

I am always excited to see what Garland has to offer.",1,1,1340,237,0.3236842105263158,0.5583333333333332,4
ex_machina,https://www.reddit.com/r/movies/comments/132zxlu/ex_machina_is_a_wonderful_movie_with_amazing/,2023-05-01 02:52:18,Goal_Post_Mover,Main character thought he was so smart.  Like his boss had never heard those quotes before.,1,1,91,16,0.19047619047619047,0.48809523809523814,4
love_death_robots,https://www.reddit.com/r/netflix/comments/1b0ibe9/is_love_death_robots_is_worth_watching/,2024-02-26 14:14:17,WhatyourGodDid,I love it. I wish I could watch it again for the first time.,185,1,60,14,0.375,0.4666666666666667,4
love_death_robots,https://www.reddit.com/r/netflix/comments/1b0ibe9/is_love_death_robots_is_worth_watching/,2024-02-26 16:44:20,grrmuffins,"I even like the ""bad"" ones. I feel like they are the perfect length. They range from achingly beautiful to just great fun.",51,2,122,23,0.45,0.7233333333333334,4
love_death_robots,https://www.reddit.com/r/netflix/comments/1b0ibe9/is_love_death_robots_is_worth_watching/,2024-02-26 22:00:33,IWouldButImLazy,"And the great ones stick with you. 

I remember watching Bad Travelling for the first time with a few friends. We were high as shit, sat in a dorm binging the season in random order and we'd been bantering and joking around while watching like we usually do. When the opening text came up, we read it aloud, amused at the dramatic tone. We expected the episode to be another lighthearted one like Three Robots or Night of the Mini Dead. Lol. 

The first scene during the storm (gonna be vague to avoid spoilers) was pretty funny because of how ineffectual the crew were and we figured it would just be another Kill Team Kill, just action with not much subtext. Then it came time to draw straws and the room fell silent. Our whole vibe shifted lol like seeing how nervous the crew were made us nervous in turn. After the short straw was drawn and the switcheroo happened, we were fully entranced lmao like leaning toward the screen, hand over mouth, not a peep coming from any of us until that very last scene when lets say we got really loud lol. Literally it's like the shadows receded and the tension escaped the room like smoke fleeing the wind with how cathartic it was. 

God I haven't been gripped by a story like that in a minute. Incredibly efficient storytelling, basically no fluff. Genuinely wish I could watch it again for the first time. Like, we stopped our binge and just talked about the episode afterwards, arguing whether he was justified, whether he could have done anything differently, lol we got completely invested into that little world. I went back to my dorm room thinking about it. I still go back and watch it every now and again.

Tl;Dr - Watch LD+R especially season 3 episode 2",12,3,1708,309,0.13213963963963962,0.5079279279279278,4
love_death_robots,https://www.reddit.com/r/netflix/comments/1b0ibe9/is_love_death_robots_is_worth_watching/,2024-02-27 02:04:13,rockstang,I like when the yogurt took over ;),2,4,35,8,0.25,1.0,4
love_death_robots,https://www.reddit.com/r/netflix/comments/1b0ibe9/is_love_death_robots_is_worth_watching/,2024-02-26 17:00:02,mindaddictive,Same! Zima Blue is my fave,20,2,26,6,0.0,0.1125,4
love_death_robots,https://www.reddit.com/r/netflix/comments/1b0ibe9/is_love_death_robots_is_worth_watching/,2024-02-26 17:26:27,WhatyourGodDid,And fish night,5,3,14,3,0.0,0.0,4
love_death_robots,https://www.reddit.com/r/netflix/comments/1b0ibe9/is_love_death_robots_is_worth_watching/,2024-02-26 20:05:06,shazspaz,I found that strange but a great visage of A.I!!,3,3,48,10,0.475,0.45,4
love_death_robots,https://www.reddit.com/r/netflix/comments/1b0ibe9/is_love_death_robots_is_worth_watching/,2024-02-26 17:31:00,mrheydu,Some of THE BEST animation and storytelling regardless of genre,10,2,63,10,1.0,0.3,4
love_death_robots,https://www.reddit.com/r/netflix/comments/1b0ibe9/is_love_death_robots_is_worth_watching/,2024-02-26 22:50:07,SydiemL,This made me actually want to attempt to watch it.,2,2,50,10,0.0,0.1,4
love_death_robots,https://www.reddit.com/r/netflix/comments/1b0ibe9/is_love_death_robots_is_worth_watching/,2024-02-26 14:12:58,bishop0408,Yes! Every episode is a different style of animation and it is incredibly fascinating to watch. The plots are mind bending / funny / sad and it's a great emotional rollercoaster,91,1,177,31,0.20833333333333334,0.8083333333333335,4
love_death_robots,https://www.reddit.com/r/netflix/comments/1b0ibe9/is_love_death_robots_is_worth_watching/,2024-02-26 14:47:39,creativeburrito,I especially liked s1. Each episode was handed to a different studio or team.,14,2,77,14,0.5,0.8,4
love_death_robots,https://www.reddit.com/r/netflix/comments/1b0ibe9/is_love_death_robots_is_worth_watching/,2024-02-26 16:22:21,Cobe98,Is this show like Black Mirror?,7,2,31,6,-0.16666666666666666,0.43333333333333335,4
love_death_robots,https://www.reddit.com/r/netflix/comments/1b0ibe9/is_love_death_robots_is_worth_watching/,2024-02-26 16:51:20,bishop0408,"Honestly yes a bit, but animated and not every episode has dark undertones and not every episode is about technology but some are",18,3,129,23,0.22499999999999998,0.65,4
love_death_robots,https://www.reddit.com/r/netflix/comments/1b0ibe9/is_love_death_robots_is_worth_watching/,2024-02-26 17:25:01,aceRocknut,I think its more like Oat studios than black mirror but its most def worth watching.,5,4,84,16,0.2833333333333333,0.38333333333333336,4
love_death_robots,https://www.reddit.com/r/netflix/comments/1b0ibe9/is_love_death_robots_is_worth_watching/,2024-02-26 16:55:32,dr_mannhatten,It's similar to Black Mirror in that it's an anthology series so there is no continuity between episodes,6,3,104,18,-0.08333333333333333,0.4166666666666667,4
love_death_robots,https://www.reddit.com/r/netflix/comments/1b0ibe9/is_love_death_robots_is_worth_watching/,2024-02-26 14:16:04,mojoisthebest,Some of the best animation and stories I've ever seen.  I still can't get Jibaro out of my mind.,68,1,96,19,1.0,0.3,4
love_death_robots,https://www.reddit.com/r/netflix/comments/1b0ibe9/is_love_death_robots_is_worth_watching/,2024-02-26 14:58:21,R1chh4rd,"Jibaro was def in my Top 3, but there were so many great ones.",13,2,62,14,0.6,0.5833333333333334,4
love_death_robots,https://www.reddit.com/r/netflix/comments/1b0ibe9/is_love_death_robots_is_worth_watching/,2024-02-26 15:11:17,bitAndy,I enjoyed it more on the second viewing. I actually didn't like it all that much first time around. I found the animation style really disorientating and hard to watch.,7,3,168,30,0.16547619047619047,0.3392857142857143,4
love_death_robots,https://www.reddit.com/r/netflix/comments/1b0ibe9/is_love_death_robots_is_worth_watching/,2024-02-26 15:22:15,R1chh4rd,Animation-wise it was close to perfect for me. But i agree that the fumbling around with the camera with lots of little zooms and twitches was weird.,3,4,149,27,0.10416666666666667,0.8333333333333334,4
love_death_robots,https://www.reddit.com/r/netflix/comments/1b0ibe9/is_love_death_robots_is_worth_watching/,2024-02-26 16:26:58,sarahpalinstesticles,What's your top 3?  ,0,3,20,4,0.5,0.5,4
love_death_robots,https://www.reddit.com/r/netflix/comments/1b0ibe9/is_love_death_robots_is_worth_watching/,2024-02-26 16:41:31,R1chh4rd,"It's rather a Top 5 in no particular order:

Jibaro

Beyond the Aquilla Rift

A Secret War (Red Army vs Monsters)

Sonnies Edge

Snow in the Desert",9,4,147,27,0.004166666666666666,0.3833333333333333,4
love_death_robots,https://www.reddit.com/r/netflix/comments/1b0ibe9/is_love_death_robots_is_worth_watching/,2024-02-26 14:50:07,lychigo,This one was CHILLING.,8,2,22,4,-0.5,0.9,4
love_death_robots,https://www.reddit.com/r/netflix/comments/1b0ibe9/is_love_death_robots_is_worth_watching/,2024-02-26 15:16:45,blazey,Everyone loves Jibaro but I'm personally of the opinion that Bad Travels is the best that season 3 has to offer. It's top 3 best the series in general has to offer. ,6,2,165,32,0.3083333333333334,0.42777777777777776,4
love_death_robots,https://www.reddit.com/r/netflix/comments/1b0ibe9/is_love_death_robots_is_worth_watching/,2024-02-26 15:57:38,PanGoliath,"Agreed.

My absolute favorite from all the seasons is Beyond the Aquila Rift, followed by Bad Travels.",2,3,102,17,3.700743415417188e-17,0.8555555555555555,4
love_death_robots,https://www.reddit.com/r/netflix/comments/1b0ibe9/is_love_death_robots_is_worth_watching/,2024-02-26 16:56:31,dr_mannhatten,"Zima Blue lives rent free in my head still, and I think about it all the time. Such a great episode, such a great show.",7,2,119,25,0.3333333333333333,0.5666666666666667,4
love_death_robots,https://www.reddit.com/r/netflix/comments/1b0ibe9/is_love_death_robots_is_worth_watching/,2024-02-26 14:31:14,pearl857,That's my favorite one,4,2,22,4,0.5,1.0,4
love_death_robots,https://www.reddit.com/r/netflix/comments/1b0ibe9/is_love_death_robots_is_worth_watching/,2024-02-26 14:41:44,Titans95,Please give me a full TV series with that level of animation!,3,3,61,12,0.4375,0.55,4
love_death_robots,https://www.reddit.com/r/netflix/comments/1b0ibe9/is_love_death_robots_is_worth_watching/,2024-02-26 15:15:33,girl__unknown,I've watched that a million times. It's too good,2,2,48,9,0.7,0.6000000000000001,4
love_death_robots,https://www.reddit.com/r/netflix/comments/1b0ibe9/is_love_death_robots_is_worth_watching/,2024-02-26 20:34:47,unknownpoltroon,Still hard to believe it wasn't just actors.,2,2,44,8,-0.2916666666666667,0.5416666666666666,4
love_death_robots,https://www.reddit.com/r/netflix/comments/1b0ibe9/is_love_death_robots_is_worth_watching/,2024-02-26 14:12:49,ushbfingrjdgndefjgcf,"Pretty neat show!   Lots of interesting cg cameos!  There are a couple duds, but the rest more than make up for them.    Also, they’re short in length.  A fun watch.",16,1,165,30,0.34750000000000003,0.5,4
love_death_robots,https://www.reddit.com/r/netflix/comments/1b0ibe9/is_love_death_robots_is_worth_watching/,2024-02-26 14:13:13,MrSeaSalt,"Yes. It's an anthology series so no two episodes are the same and each have different stories, artstyles, animation styles and themes that appeal to different viewers. A good number of the stories are interesting, some are awesome, some are boring and a few are kinda meh. But the good thing is, even if you don't like an episode, you may like the next one. You can also watch any of them in order.

For me, season 1 was the best, with season 2 being a bit more middling (with a few good episodes) and season 3 being equally as good as season 1.",11,1,545,104,0.29333333333333333,0.48166666666666663,1
love_death_robots,https://www.reddit.com/r/netflix/comments/1b0ibe9/is_love_death_robots_is_worth_watching/,2024-02-26 14:14:18,7deboutez7,It’s awesome. Very good anthology,10,1,33,5,0.955,0.8900000000000001,4
love_death_robots,https://www.reddit.com/r/netflix/comments/1b0ibe9/is_love_death_robots_is_worth_watching/,2024-02-26 16:15:34,Mission_Paramount,"Some are good, some are great, some a meh, but all are a good watch. Different styles, different stories, just like a box of chocolates.",9,1,136,25,0.44000000000000006,0.6300000000000001,4
love_death_robots,https://www.reddit.com/r/netflix/comments/1b0ibe9/is_love_death_robots_is_worth_watching/,2024-02-26 14:21:12,[deleted],"For me, yes, it is. There are some episodes I'm not terribly fond of, and none of them are mind-blowing, but they're all sufficiently entertaining, and some are downright good.",7,1,176,30,0.5666666666666667,0.7666666666666666,4
love_death_robots,https://www.reddit.com/r/netflix/comments/1b0ibe9/is_love_death_robots_is_worth_watching/,2024-02-26 14:41:13,damiannereddits,"Yeah it's great, and if you don't like one then just skip to the next because they're all pretty different so there's lots to like",6,1,130,25,0.2625,0.5875,4
love_death_robots,https://www.reddit.com/r/netflix/comments/1b0ibe9/is_love_death_robots_is_worth_watching/,2024-02-26 15:41:14,EvilRobotSteve,"I \*love\* this series. That said, I am a fan of animation, and the different styles and mediums are a big part of what make this series so good, so if you don't care at all about animation, then you might not get as much out of it.

Some episodes are better than others, but the good ones are \*so\* good. I've rewatched several of the episodes multiple times.

Pretty much all episodes are their own self-contained story, so you don't need much investment to try it. You could just watch the David Fincher one if you like. Bad Travelling is the episode he directed himself, although he's been part of the production for the series since the start.",6,1,649,119,0.2392857142857143,0.4476190476190477,4
love_death_robots,https://www.reddit.com/r/netflix/comments/1b0ibe9/is_love_death_robots_is_worth_watching/,2024-02-26 14:30:49,Skaddicted,"Yes, absolutely!",3,1,16,2,0.25,0.9,4
love_death_robots,https://www.reddit.com/r/netflix/comments/1b0ibe9/is_love_death_robots_is_worth_watching/,2024-02-26 14:52:12,Abagofcheese,"First season was awesome, second season wasn't as good, third season was better than the second but still not as good as the first. ",3,1,132,24,0.3777777777777778,0.3740740740740741,1
love_death_robots,https://www.reddit.com/r/netflix/comments/1b0ibe9/is_love_death_robots_is_worth_watching/,2024-02-26 14:54:51,seaneeboy,"It’s good, though it did feel like something 17-year-old me would have loved more than 40-year-old me.",4,1,102,17,0.6333333333333333,0.6333333333333334,4
love_death_robots,https://www.reddit.com/r/netflix/comments/1b0ibe9/is_love_death_robots_is_worth_watching/,2024-02-27 08:10:25,dc456,"Brilliant description.

It looked great, but I felt like a lot of them were style over substance.  So I’d enjoy watching them, but at the end would often feel pretty unfulfilled.

I think the ones that weren’t trying too hard to be clever or profound were often the best at actually telling a satisfying story.",2,2,310,55,0.38083333333333336,0.7024999999999999,4
love_death_robots,https://www.reddit.com/r/netflix/comments/1b0ibe9/is_love_death_robots_is_worth_watching/,2024-02-26 14:57:07,Inevitable-Sherbert,"Definitely. Some are better than others, but it's a great anthology series!",3,1,75,12,0.5,0.5833333333333334,4
love_death_robots,https://www.reddit.com/r/netflix/comments/1b0ibe9/is_love_death_robots_is_worth_watching/,2024-02-26 14:59:36,Fhhk,"Yes, it's full of awesome, creative short stories.",3,1,50,8,0.4625,0.7124999999999999,4
love_death_robots,https://www.reddit.com/r/netflix/comments/1b0ibe9/is_love_death_robots_is_worth_watching/,2024-02-26 17:26:22,theferociouscuh,Very worth it. So good!,3,1,23,5,0.6325000000000001,0.36500000000000005,4
love_death_robots,https://www.reddit.com/r/netflix/comments/1b0ibe9/is_love_death_robots_is_worth_watching/,2024-02-26 17:41:44,[deleted],Absolutely it's brilliant,3,1,25,3,0.9,1.0,4
love_death_robots,https://www.reddit.com/r/netflix/comments/1b0ibe9/is_love_death_robots_is_worth_watching/,2024-02-26 17:48:57,TakeshiKovacsSleeve3,Fuck yeah. Some of it is insanely good.,3,1,39,8,0.14999999999999997,0.6000000000000001,4
love_death_robots,https://www.reddit.com/r/netflix/comments/1b0ibe9/is_love_death_robots_is_worth_watching/,2024-02-26 19:10:28,iiiaaa2022,"I mean just try it? I’ll never understand these questions. Some will say yes, some will say not, for literally everything.",3,1,122,21,-0.3125,0.6875,4
love_death_robots,https://www.reddit.com/r/netflix/comments/1b0ibe9/is_love_death_robots_is_worth_watching/,2024-02-26 14:44:27,MIAxPaperPlanes,Depends why you’re not a fan of animation.,2,1,42,8,0.0,0.0,4
love_death_robots,https://www.reddit.com/r/netflix/comments/1b0ibe9/is_love_death_robots_is_worth_watching/,2024-02-26 15:22:57,happyglum,Eat some edibles and hold on bud.,2,1,33,7,0.0,0.0,4
love_death_robots,https://www.reddit.com/r/netflix/comments/1b0ibe9/is_love_death_robots_is_worth_watching/,2024-02-26 15:58:17,jadayne,"Absolutely.

It's basically the animated version of Heavy Metal Magazine that we've all been waiting for for the past 30 years.",2,1,127,21,-0.08333333333333333,0.5499999999999999,4
love_death_robots,https://www.reddit.com/r/netflix/comments/1b0ibe9/is_love_death_robots_is_worth_watching/,2024-02-26 16:16:07,Cawdor,"My only complaint is that some of the shorts made me want to see more of the world that they set up, but thats all there is.",2,1,124,27,0.06666666666666667,0.5666666666666667,4
love_death_robots,https://www.reddit.com/r/netflix/comments/1b0ibe9/is_love_death_robots_is_worth_watching/,2024-02-26 16:20:50,Arts251,"If you don't appreciate animation as a form of art you probably won't enjoy the series as much as others who love animation. Each episode is standalone and varies so much in story, visual style, storytelling though most have a dark dystopian undertone, and most are graphic or unsettling with some violence and/or depicted blood.

You can always pick an episode at random and give it a try, if you don't like it skip to a different one and if it's still not your thing you don't have to invest any time.",2,1,503,92,0.09583333333333337,0.425,4
love_death_robots,https://www.reddit.com/r/netflix/comments/1b0ibe9/is_love_death_robots_is_worth_watching/,2024-02-26 17:08:29,notCRAZYenough,"I’d say yes because there are insanely good short films included. I didn’t feel for most oft them though. They are pretty diverse thematically and especially stylistically but I also felt a lot didn’t really go deep and there was too much focus on Sex and violence as opposed to sci-fi subjects. But I was entertained throughout and always looking forward to what the next one would bring. I like short films in general though and have watched hundreds of hours of them before. very mixed bag short films, to be precise",2,1,519,92,0.16153846153846155,0.4788461538461538,4
love_death_robots,https://www.reddit.com/r/netflix/comments/1b0ibe9/is_love_death_robots_is_worth_watching/,2024-02-26 17:20:16,Speedfreakz,"Its ok. Episodes can be hit or miss, but deffinatelly cool watch.

If tou didnt already, you have to see Arcane or Avatar TLA or One Piece.",2,1,139,27,0.425,0.575,4
love_death_robots,https://www.reddit.com/r/netflix/comments/1b0ibe9/is_love_death_robots_is_worth_watching/,2024-02-26 19:27:15,rudd33s,An unequivocal yes.,2,1,19,3,0.0,0.0,4
love_death_robots,https://www.reddit.com/r/netflix/comments/1b0ibe9/is_love_death_robots_is_worth_watching/,2024-02-26 14:34:59,RogerRockwell,I didn't like it that much - a few strong episodes and lots of mediocre ones. Can't go wrong with watching the highest rated ones though.,4,1,137,26,-0.19166666666666668,0.6833333333333333,4
love_death_robots,https://www.reddit.com/r/netflix/comments/1b0ibe9/is_love_death_robots_is_worth_watching/,2024-02-26 14:25:38,Hyperion1144,"It seemed like it was a reimagining of the 70s movie [Heavy Metal](https://youtu.be/-Fvzpl5wTPo?si=EpNuBGbQo5wLhU_i), but for Gen Z who wouldn't know what Heavy Metal was. Same type of storytelling.",3,1,198,28,-0.13333333333333333,0.375,4
love_death_robots,https://www.reddit.com/r/netflix/comments/1b0ibe9/is_love_death_robots_is_worth_watching/,2024-04-14 01:37:46,Daniel121111,"The only thing i hate about it is the thing that those stories dont have any other episodes, which actually did hurt my feeling, cause i would kill for the whole series about the S01E01, man i was so hyped up to see more just to find out those stories dont even connect to each other, dont get me wrong, those episodes are really really good, i just have the bad feeling of the knowing there will be never anything more for really well written and well animated stories...",1,1,472,89,-0.012499999999999997,0.5430555555555556,4
love_death_robots,https://www.reddit.com/r/netflix/comments/1b0ibe9/is_love_death_robots_is_worth_watching/,2024-10-01 20:55:24,Embarrassed_Neck6626,It’s incredible.,1,1,16,2,0.9,0.9,4
love_death_robots,https://www.reddit.com/r/netflix/comments/1b0ibe9/is_love_death_robots_is_worth_watching/,2025-05-05 20:38:35,schwiftysonofabitch,its so fucking bad most every episode is meaningless and a waste of time,1,1,72,14,-0.22499999999999998,0.5416666666666666,4
love_death_robots,https://www.reddit.com/r/netflix/comments/1b0ibe9/is_love_death_robots_is_worth_watching/,2025-05-21 04:43:29,Just-Education-6293,"Only if you like being let down. It’s astounding how they ruined 90% of these shorts by not finishing or explaining them. These shorts are lazy, created by Hollyweird writers who are incapable of completing a coherent thought so they leave almost every single short up to the viewer to interpret and come to their own conclusions. Most of the visuals are spot on but the story telling is for people with room temperature IQs only. ",1,1,431,76,0.17230158730158732,0.7003174603174603,4
love_death_robots,https://www.reddit.com/r/netflix/comments/1b0ibe9/is_love_death_robots_is_worth_watching/,2024-02-26 14:34:12,SweenyTodd28,Probably.,1,1,9,1,0.0,0.0,4
love_death_robots,https://www.reddit.com/r/netflix/comments/1b0ibe9/is_love_death_robots_is_worth_watching/,2024-02-26 19:27:43,zunashi,Are you joking?,1,1,15,3,0.0,0.0,4
love_death_robots,https://www.reddit.com/r/netflix/comments/1b0ibe9/is_love_death_robots_is_worth_watching/,2024-02-26 14:35:08,BirdKai,You should be watching it now!,1,1,30,6,0.0,0.0,4
love_death_robots,https://www.reddit.com/r/netflix/comments/1b0ibe9/is_love_death_robots_is_worth_watching/,2024-02-26 14:38:09,TotesMaGoats_1962,YES!,1,1,4,1,0.0,0.0,4
love_death_robots,https://www.reddit.com/r/netflix/comments/1b0ibe9/is_love_death_robots_is_worth_watching/,2024-02-26 14:44:37,MIAxPaperPlanes,"Depends, why you’re not a fan of animation.",1,1,43,8,0.0,0.0,4
love_death_robots,https://www.reddit.com/r/netflix/comments/1b0ibe9/is_love_death_robots_is_worth_watching/,2024-02-26 14:46:20,MCBowelmovement,Yes. Hell yes. It's incredible.,1,1,31,5,0.9,0.9,4
love_death_robots,https://www.reddit.com/r/netflix/comments/1b0ibe9/is_love_death_robots_is_worth_watching/,2024-02-26 14:48:48,sprocter77,It's great.,1,1,11,2,0.8,0.75,4
love_death_robots,https://www.reddit.com/r/netflix/comments/1b0ibe9/is_love_death_robots_is_worth_watching/,2024-02-26 14:49:56,lychigo,1000% yes.,1,1,10,2,0.0,0.0,4
love_death_robots,https://www.reddit.com/r/netflix/comments/1b0ibe9/is_love_death_robots_is_worth_watching/,2024-02-26 14:55:20,Positive_Risk_817,"10,000% yes",1,1,11,2,0.0,0.0,4
love_death_robots,https://www.reddit.com/r/netflix/comments/1b0ibe9/is_love_death_robots_is_worth_watching/,2024-02-26 14:57:37,[deleted],It is very good series!,1,1,23,5,1.0,0.7800000000000001,4
love_death_robots,https://www.reddit.com/r/netflix/comments/1b0ibe9/is_love_death_robots_is_worth_watching/,2024-02-26 14:57:40,ShelLuser42,"One of my favorites for sure... it's adult animation and some of the stories run seriously deep. I also especially enjoy the difference in animation between episodes; different story, different animations. Some may not be to your liking, but in general it's one heck of a rollercoasterride.",1,1,290,47,0.20714285714285713,0.6126984126984129,4
love_death_robots,https://www.reddit.com/r/netflix/comments/1b0ibe9/is_love_death_robots_is_worth_watching/,2024-02-26 14:57:49,bahumat42,"Its great.

Even the ones you don't like are short enough that its not too much of a waste.",1,1,91,19,0.15000000000000002,0.3875,4
love_death_robots,https://www.reddit.com/r/netflix/comments/1b0ibe9/is_love_death_robots_is_worth_watching/,2024-02-26 15:00:15,R1chh4rd,It's one of the finest Netflix-exclusive productions.,1,1,53,7,0.0,0.0,4
love_death_robots,https://www.reddit.com/r/netflix/comments/1b0ibe9/is_love_death_robots_is_worth_watching/,2024-02-26 15:04:30,PompousWombat,Very much so.,1,1,13,3,0.26,0.26,4
love_death_robots,https://www.reddit.com/r/netflix/comments/1b0ibe9/is_love_death_robots_is_worth_watching/,2024-02-26 15:05:59,Eastman1982,Yeah I really enjoyed 95% of the stories. The art and animation is top tier.,1,1,76,15,0.5,0.6,4
love_death_robots,https://www.reddit.com/r/netflix/comments/1b0ibe9/is_love_death_robots_is_worth_watching/,2024-02-26 15:06:43,FayMax69,Seasons 1 and 2 are really great…season 3 not so much,1,1,53,11,0.2,0.2,1
love_death_robots,https://www.reddit.com/r/netflix/comments/1b0ibe9/is_love_death_robots_is_worth_watching/,2024-02-26 15:07:11,stevebak90,It's awesome,1,1,12,2,1.0,1.0,4
love_death_robots,https://www.reddit.com/r/netflix/comments/1b0ibe9/is_love_death_robots_is_worth_watching/,2024-02-26 15:09:39,abdexa26,"Whenever I see it on Netflix, I am feeling down I already watched it. ",1,1,70,14,-0.15555555555555559,0.2888888888888889,4
love_death_robots,https://www.reddit.com/r/netflix/comments/1b0ibe9/is_love_death_robots_is_worth_watching/,2024-02-26 15:10:13,[deleted],YES 100%,1,1,8,2,0.0,0.0,4
love_death_robots,https://www.reddit.com/r/netflix/comments/1b0ibe9/is_love_death_robots_is_worth_watching/,2024-02-26 15:11:33,Pak_Gooner,yeah its a decent show,1,1,22,5,0.16666666666666666,0.6666666666666666,4
love_death_robots,https://www.reddit.com/r/netflix/comments/1b0ibe9/is_love_death_robots_is_worth_watching/,2024-02-26 15:12:07,Equivalent_Bother166,Watched the first season and it was awesome!,1,1,44,8,0.625,0.6666666666666666,1
love_death_robots,https://www.reddit.com/r/netflix/comments/1b0ibe9/is_love_death_robots_is_worth_watching/,2024-02-26 15:13:32,Brikazoid,Fantastic stories and love the different animation styles,1,1,57,8,0.3,0.7000000000000001,4
love_death_robots,https://www.reddit.com/r/netflix/comments/1b0ibe9/is_love_death_robots_is_worth_watching/,2024-02-26 15:13:32,sardonic_balls,Absolutely 110% worth watching.,1,1,31,4,0.25,0.5,4
love_death_robots,https://www.reddit.com/r/netflix/comments/1b0ibe9/is_love_death_robots_is_worth_watching/,2024-02-26 15:15:09,girl__unknown,"Yes, it's amazing",1,1,17,3,0.6000000000000001,0.9,4
love_death_robots,https://www.reddit.com/r/netflix/comments/1b0ibe9/is_love_death_robots_is_worth_watching/,2024-02-26 15:24:00,lifegrowthfinance,One of the gems on Netflix.,1,1,27,6,0.0,0.0,4
love_death_robots,https://www.reddit.com/r/netflix/comments/1b0ibe9/is_love_death_robots_is_worth_watching/,2024-02-26 15:24:05,New_Honeydew72,Yes…,1,1,4,1,0.0,0.0,4
love_death_robots,https://www.reddit.com/r/netflix/comments/1b0ibe9/is_love_death_robots_is_worth_watching/,2024-02-26 15:28:35,tobywillow,Yes,1,1,3,1,0.0,0.0,4
love_death_robots,https://www.reddit.com/r/netflix/comments/1b0ibe9/is_love_death_robots_is_worth_watching/,2024-02-26 15:32:39,Myturntoevil,Yes. The Secret War is cool dude.,1,1,33,7,-0.025000000000000022,0.675,4
love_death_robots,https://www.reddit.com/r/netflix/comments/1b0ibe9/is_love_death_robots_is_worth_watching/,2024-02-26 15:33:07,[deleted],"Some amazing hits and some real far and away misses.

There’s a hyper-realistic short about a platoon of Soviet red army soldiers in WWII being hunted down in the woods by man eating monsters that had me on the edge of my seat

And then an awful one about American soldiers in the middle east who can turn into werewolves. Like 11 year old girl fanfiction.

Mist of them are really good though.",1,1,394,73,0.03944444444444445,0.4288888888888889,4
love_death_robots,https://www.reddit.com/r/netflix/comments/1b0ibe9/is_love_death_robots_is_worth_watching/,2024-02-26 15:48:45,jestervalen,What are the best episodes to watch high?,1,1,41,8,0.58,0.41999999999999993,4
love_death_robots,https://www.reddit.com/r/netflix/comments/1b0ibe9/is_love_death_robots_is_worth_watching/,2024-02-26 15:58:44,KID_THUNDAH,"Yes, varying quality but worthwhile for sure",1,1,44,7,0.5,0.6944444444444444,4
love_death_robots,https://www.reddit.com/r/netflix/comments/1b0ibe9/is_love_death_robots_is_worth_watching/,2024-02-26 16:03:57,oldkingcoles,100%,1,1,4,1,0.0,0.0,4
love_death_robots,https://www.reddit.com/r/netflix/comments/1b0ibe9/is_love_death_robots_is_worth_watching/,2024-02-26 16:06:30,Lobotomist,Is bread worth eating ?,1,1,23,5,0.3,0.1,4
love_death_robots,https://www.reddit.com/r/netflix/comments/1b0ibe9/is_love_death_robots_is_worth_watching/,2024-02-26 16:10:02,InfinityLife,"I was very hyped, but disappointed. I love David Fincher. In the show too much was predictable. No ""wow"" effect. Maybe just for me. A lot of people love the series and the animation style is really good. Give it a try.",1,1,218,42,0.13749999999999998,0.56875,4
love_death_robots,https://www.reddit.com/r/netflix/comments/1b0ibe9/is_love_death_robots_is_worth_watching/,2024-02-26 16:13:18,Kittensandpuppies14,It’s an amazing show!!,1,1,22,4,0.9375000000000001,0.9,4
love_death_robots,https://www.reddit.com/r/netflix/comments/1b0ibe9/is_love_death_robots_is_worth_watching/,2024-02-26 16:15:10,Kurineko_Regan,Yes,1,1,3,1,0.0,0.0,4
love_death_robots,https://www.reddit.com/r/netflix/comments/1b0ibe9/is_love_death_robots_is_worth_watching/,2024-02-26 16:21:16,shadowdra126,100%,1,1,4,1,0.0,0.0,4
love_death_robots,https://www.reddit.com/r/netflix/comments/1b0ibe9/is_love_death_robots_is_worth_watching/,2024-02-26 16:33:29,thefamousjohnny,Is,1,1,2,1,0.0,0.0,4
love_death_robots,https://www.reddit.com/r/netflix/comments/1b0ibe9/is_love_death_robots_is_worth_watching/,2024-02-26 16:34:32,Competitive-Brick-42,Yep,1,1,3,1,0.0,0.0,4
love_death_robots,https://www.reddit.com/r/netflix/comments/1b0ibe9/is_love_death_robots_is_worth_watching/,2024-02-26 16:35:01,thunderup_14,Yes. Gimme more of it plz,1,1,25,6,0.5,0.5,4
love_death_robots,https://www.reddit.com/r/netflix/comments/1b0ibe9/is_love_death_robots_is_worth_watching/,2024-02-26 16:37:10,paulrenaud,It can’t hurt to give it a shot. Each episode is about 15 minutes long.,1,1,71,15,-0.05,0.4,4
love_death_robots,https://www.reddit.com/r/netflix/comments/1b0ibe9/is_love_death_robots_is_worth_watching/,2024-02-26 16:40:00,bosay831,"I loved it. It is not just one story, but a vast collection of different types of stories.",1,1,90,18,0.2333333333333333,0.7999999999999999,4
love_death_robots,https://www.reddit.com/r/netflix/comments/1b0ibe9/is_love_death_robots_is_worth_watching/,2024-02-26 16:40:15,ViscountDeVesci,It’s fantastic.,1,1,15,2,0.4,0.9,4
love_death_robots,https://www.reddit.com/r/netflix/comments/1b0ibe9/is_love_death_robots_is_worth_watching/,2024-02-26 16:58:10,possiblycrazy79,Yessss,1,1,6,1,0.0,0.0,4
love_death_robots,https://www.reddit.com/r/netflix/comments/1b0ibe9/is_love_death_robots_is_worth_watching/,2024-02-26 17:01:55,galadhron,Kill Team Kill. Nuff said.,1,1,26,5,0.0,0.0,4
love_death_robots,https://www.reddit.com/r/netflix/comments/1b0ibe9/is_love_death_robots_is_worth_watching/,2024-02-26 17:12:50,Early-Friendship-474,Absolutely. I’ve watched all 3 seasons countless times,1,1,54,8,0.1,0.7,4
love_death_robots,https://www.reddit.com/r/netflix/comments/1b0ibe9/is_love_death_robots_is_worth_watching/,2024-02-26 17:13:59,imsadbutillgetbetter,"Yes, one of the best things I ever watched. I forgot the name of some of my favorites but I remember one of them is Sony's Edge and I rewatched it a bunch of times.",1,1,164,35,1.0,0.3,4
love_death_robots,https://www.reddit.com/r/netflix/comments/1b0ibe9/is_love_death_robots_is_worth_watching/,2024-02-26 17:14:25,alexisgreat420,It’s supposed to be in the Heavy Metal universe too,1,1,51,10,-0.2,0.5,4
love_death_robots,https://www.reddit.com/r/netflix/comments/1b0ibe9/is_love_death_robots_is_worth_watching/,2024-02-26 17:17:01,footinmymouth,"It’s a wild ride. Some highs, some lows. But even the “not great” ones are really well done animation.

Beware the Yogurt",1,1,121,22,-0.03333333333333335,0.44999999999999996,4
love_death_robots,https://www.reddit.com/r/netflix/comments/1b0ibe9/is_love_death_robots_is_worth_watching/,2024-02-26 17:24:58,The-Exotic-Beast,Yes,1,1,3,1,0.0,0.0,4
love_death_robots,https://www.reddit.com/r/netflix/comments/1b0ibe9/is_love_death_robots_is_worth_watching/,2024-02-26 17:37:39,Personal-Release-876,YES,1,1,3,1,0.0,0.0,4
love_death_robots,https://www.reddit.com/r/netflix/comments/1b0ibe9/is_love_death_robots_is_worth_watching/,2024-02-26 17:51:07,[deleted],Yeah it’s cool. Fincher produces it but various animators do each episode,1,1,73,12,0.175,0.575,4
love_death_robots,https://www.reddit.com/r/netflix/comments/1b0ibe9/is_love_death_robots_is_worth_watching/,2024-02-26 18:10:58,dankristy,"Yep - end-to-end!  All 3 seasons so far (please give us more!) have been great - I wish I could un-remember it so I could discover it again!

Bonus point in it's favor - some of the best modern sci-fi authors have their short stories adapted in the show (Alastair Reynolds, Marko Kloos, Michael Swanwick, Peter F. Hamilton, John Scalzi and many more).",1,1,351,63,0.49062500000000003,0.5187499999999999,4
love_death_robots,https://www.reddit.com/r/netflix/comments/1b0ibe9/is_love_death_robots_is_worth_watching/,2024-02-26 18:15:30,Current_Volume3750,"Yes, this is an incredible series of really ""out there"" shorts.  This coming from a female sr. at 65 years young.  Some better than others, but ingenious TV.",1,1,157,28,0.3666666666666667,0.5277777777777778,4
love_death_robots,https://www.reddit.com/r/netflix/comments/1b0ibe9/is_love_death_robots_is_worth_watching/,2024-02-26 18:18:13,Nuo_Vibro,yes,1,1,3,1,0.0,0.0,4
love_death_robots,https://www.reddit.com/r/netflix/comments/1b0ibe9/is_love_death_robots_is_worth_watching/,2024-02-26 18:21:43,Ok_Curve2109,"Yes. ‘Sonnie’s Edge’ and ‘Three Robots’ were my favorite. Yet, there are so many episodes are good too. ",1,1,104,18,0.5666666666666667,0.7000000000000001,4
love_death_robots,https://www.reddit.com/r/netflix/comments/1b0ibe9/is_love_death_robots_is_worth_watching/,2024-02-26 18:35:11,KeyBoysenberry8888,Yes it is soooo worth it.,1,1,25,6,0.3,0.1,4
love_death_robots,https://www.reddit.com/r/netflix/comments/1b0ibe9/is_love_death_robots_is_worth_watching/,2024-02-26 18:37:55,KaleidoscopeAdept332,It's amazing,1,1,12,2,0.6000000000000001,0.9,4
love_death_robots,https://www.reddit.com/r/netflix/comments/1b0ibe9/is_love_death_robots_is_worth_watching/,2024-02-26 18:39:29,tarestab,Soo good!,1,1,9,2,0.875,0.6000000000000001,4
love_death_robots,https://www.reddit.com/r/netflix/comments/1b0ibe9/is_love_death_robots_is_worth_watching/,2024-02-26 18:39:54,DeltaMars,Yes! It’s like anime black mirror,1,1,33,6,-0.16666666666666666,0.43333333333333335,4
love_death_robots,https://www.reddit.com/r/netflix/comments/1b0ibe9/is_love_death_robots_is_worth_watching/,2024-02-26 18:46:29,Scofield442,"100%. It's fantastic. Since each episode is a completely different style and story, it will be hit and miss on what you like, but I enjoyed the majority. Great show.",1,1,165,30,0.42500000000000004,0.7375,4
love_death_robots,https://www.reddit.com/r/netflix/comments/1b0ibe9/is_love_death_robots_is_worth_watching/,2024-02-26 18:48:25,Deezax19,"Hell yeah! It's a lot of fun to watch, and very cool to see the different animation styles",1,1,90,18,0.25166666666666665,0.5483333333333333,4
love_death_robots,https://www.reddit.com/r/netflix/comments/1b0ibe9/is_love_death_robots_is_worth_watching/,2024-02-26 19:26:33,CaptainMetroidica,Yeah if you like short science fiction anthology type stuff you'll enjoy it.,1,1,76,13,0.2,0.4,4
love_death_robots,https://www.reddit.com/r/netflix/comments/1b0ibe9/is_love_death_robots_is_worth_watching/,2024-02-26 19:29:27,Tbagmoo,"I think it's definitely worth it.  There's not a lot out there that's similar.  I've caught myself thinking extensively about certain episodes months after I watched them.  So varied and imaginative,  both is story and art style.  There's so many that I wish were much longer, but I think that's part of the magic.",1,1,314,54,0.28928571428571426,0.47559523809523807,4
love_death_robots,https://www.reddit.com/r/netflix/comments/1b0ibe9/is_love_death_robots_is_worth_watching/,2024-02-26 19:52:56,vcw86,"Oh I love that show! They have some really good stories in there, there's a few that are kind of head scratchers, but mostly it's really cool visuals and storytelling.",1,1,167,30,0.41500000000000004,0.5700000000000001,4
love_death_robots,https://www.reddit.com/r/netflix/comments/1b0ibe9/is_love_death_robots_is_worth_watching/,2024-02-26 19:56:02,seven-cents,Yes absolutely.,1,1,15,2,0.2,0.9,4
love_death_robots,https://www.reddit.com/r/netflix/comments/1b0ibe9/is_love_death_robots_is_worth_watching/,2024-02-26 20:04:23,shazspaz,"I find not all of the episodes are great BUT are all worth the watch. Great short stories with amazing detail. Personally, I loved all 3 seasons. Found one particularly jarring.

The one were they’ve drifted in space for so long an entity has absorbed them and has them live life in a comatose state.",1,1,300,55,0.3753030303030303,0.5733333333333335,4
love_death_robots,https://www.reddit.com/r/netflix/comments/1b0ibe9/is_love_death_robots_is_worth_watching/,2024-02-26 20:13:56,cylonrobot,"I didn't like the show that much the first time.  Sure, it has some gems.

I recently watched the whole series again, and I liked the show a lot more the second time around.  There is one or two episodes I could have skipped, but in general, the show is great.",1,1,260,51,0.30999999999999994,0.4622222222222222,4
love_death_robots,https://www.reddit.com/r/netflix/comments/1b0ibe9/is_love_death_robots_is_worth_watching/,2024-02-26 20:14:49,Mr24601,"Season 1 and 3 were solid, season 2 sucked. Season one had fun animated nudity at least.",1,1,88,17,0.0,0.23333333333333336,1
love_death_robots,https://www.reddit.com/r/netflix/comments/1b0ibe9/is_love_death_robots_is_worth_watching/,2024-02-26 20:15:45,cloudbadal,Please watch it. Its absolutely amazing!! The last season was also good! My favourite one is the one with Christian Serratos - tombs something,1,1,142,24,0.453125,0.3916666666666667,1
love_death_robots,https://www.reddit.com/r/netflix/comments/1b0ibe9/is_love_death_robots_is_worth_watching/,2024-02-26 20:26:21,Choppermagic,"some good ones, some meh ones.  But overall worth checking out.",1,1,63,11,0.3333333333333333,0.23333333333333336,4
love_death_robots,https://www.reddit.com/r/netflix/comments/1b0ibe9/is_love_death_robots_is_worth_watching/,2024-02-26 20:27:51,TheAbyssalPrince,"It’s a very mixed bag. Some of the animation is amazing, some is shit. Some of the stories are amazing, some are shit. And only a very few hit that sweet spot of both the animation *and* the story being amazing in the same episode. Too often it’s only one or the other.",1,1,269,53,0.11375000000000002,0.6587500000000001,4
love_death_robots,https://www.reddit.com/r/netflix/comments/1b0ibe9/is_love_death_robots_is_worth_watching/,2024-02-26 20:33:46,onlyitbags,Very good series imo,1,1,20,4,0.9099999999999999,0.7800000000000001,4
love_death_robots,https://www.reddit.com/r/netflix/comments/1b0ibe9/is_love_death_robots_is_worth_watching/,2024-02-26 20:34:12,unknownpoltroon,"1000% yes.  There are some I didn't like, but they were all excellent.",1,1,70,13,1.0,1.0,4
love_death_robots,https://www.reddit.com/r/netflix/comments/1b0ibe9/is_love_death_robots_is_worth_watching/,2024-02-26 20:35:16,Rasp_X,"I really enjoyed it. Some episodes are better than others, but that's a matter of personal taste. Cool, little short stories that are executed fairly well. It reminded me of the Animatrix from years and years back. Lots of different styles, visually and story wise. I'd definitely say give it a watch. If the episode you're on isn't for you, jump to the next. No harm in that.",1,1,376,68,0.1971153846153846,0.44999999999999996,4
love_death_robots,https://www.reddit.com/r/netflix/comments/1b0ibe9/is_love_death_robots_is_worth_watching/,2024-02-26 20:39:56,AshtonRX,"I just binged this and it's amazing, 10/10 reccomend",1,1,52,9,0.6000000000000001,0.9,4
love_death_robots,https://www.reddit.com/r/netflix/comments/1b0ibe9/is_love_death_robots_is_worth_watching/,2024-02-26 20:53:21,kehmesis,Best show on Netflix.,1,1,21,4,1.0,0.3,4
love_death_robots,https://www.reddit.com/r/netflix/comments/1b0ibe9/is_love_death_robots_is_worth_watching/,2024-02-26 21:00:35,Environmental_Base45,Look at one maybe?,1,1,18,4,0.0,0.0,4
love_death_robots,https://www.reddit.com/r/netflix/comments/1b0ibe9/is_love_death_robots_is_worth_watching/,2024-02-26 21:00:44,SneakAtchoo,Absolutely. I loved it.,1,1,23,4,0.7,0.8,4
love_death_robots,https://www.reddit.com/r/netflix/comments/1b0ibe9/is_love_death_robots_is_worth_watching/,2024-02-26 21:02:56,BulkyElk1528,There are a few really good animated shorts while the others are boring.,1,1,72,13,-0.16666666666666666,0.5666666666666668,4
love_death_robots,https://www.reddit.com/r/netflix/comments/1b0ibe9/is_love_death_robots_is_worth_watching/,2024-02-26 21:04:11,leonprimrose,Yes. Go watch it,1,1,16,4,0.0,0.0,4
love_death_robots,https://www.reddit.com/r/netflix/comments/1b0ibe9/is_love_death_robots_is_worth_watching/,2024-02-26 21:11:08,LuiG1,"It is. But got a bit tiring for me after the 3rd or 4th season (not sure which), felt like I was watching some never ending anime series.",1,1,137,28,-0.125,0.4444444444444444,4
love_death_robots,https://www.reddit.com/r/netflix/comments/1b0ibe9/is_love_death_robots_is_worth_watching/,2024-02-26 21:14:33,GroundsKeeper2,Fuck yeah.,1,1,10,2,-0.4,0.6,4
love_death_robots,https://www.reddit.com/r/netflix/comments/1b0ibe9/is_love_death_robots_is_worth_watching/,2024-02-26 21:43:13,turkeypants,"Absolutely. It's a buffet and each of us has our favorites and our duds, and there's no accounting for taste, but it's worth going through. It's a testament to how good season 1 was that season 2, which by any other standard probably would have been rated pretty well, came in disappointing. Season 3 picked it back up though and there's one in there that's so nuts I can't get over it. Jibaro. It's ridiculous good. It's hard to believe it's even animation. It's stunning what's possible.",1,1,489,87,0.09999999999999999,0.6012820512820514,1
love_death_robots,https://www.reddit.com/r/netflix/comments/1b0ibe9/is_love_death_robots_is_worth_watching/,2024-02-26 21:49:13,Clamdigger13,My favorite seasons were the last two. There's a food bit of humor in them too that my wife enjoyed them.,1,1,105,21,0.3333333333333333,0.5888888888888889,4
love_death_robots,https://www.reddit.com/r/netflix/comments/1b0ibe9/is_love_death_robots_is_worth_watching/,2024-02-26 21:51:37,sterling_mallory,"Even just for the episodes with the three robots visiting post-apocalyptic Earth. I think they're each the first episode of each season, and they're terrific.",1,1,158,25,0.125,0.6666666666666666,1
love_death_robots,https://www.reddit.com/r/netflix/comments/1b0ibe9/is_love_death_robots_is_worth_watching/,2024-02-26 22:02:48,slade51,I liked it.  The episodes are fairly short and independent of each other. Obviously some better than others.  It’s not as “WTF did I just watch as Black Mirror”.  I found it much better than a few of the live sci-fi anthologies floating around.,1,1,244,44,0.06769972451790635,0.4666666666666666,4
love_death_robots,https://www.reddit.com/r/netflix/comments/1b0ibe9/is_love_death_robots_is_worth_watching/,2024-02-26 22:03:39,JoyfulSuicide,I really liked most of the episodes and appreciate the different art styles and storytelling modes.,1,1,99,16,0.3666666666666667,0.6333333333333333,4
love_death_robots,https://www.reddit.com/r/netflix/comments/1b0ibe9/is_love_death_robots_is_worth_watching/,2024-02-26 22:31:10,armagnacXO,"Some decent ones, others seem to have been written or cater for pre pubescent boys, nothing that deep, often quite cliche, and a handful of terrible ones. Ones that stood out in the first series was Zima Blue, and The Witness for its incredible visual style.",1,1,258,46,0.04523809523809524,0.4857142857142857,4
love_death_robots,https://www.reddit.com/r/netflix/comments/1b0ibe9/is_love_death_robots_is_worth_watching/,2024-02-26 22:36:21,ItsAlwaysSunny1992,"Yes. I hate anime and most animated stuff besides the Simpsons, family guy, South Park but I absolutely loved it. So weird",1,1,122,22,-0.025000000000000022,0.8,4
love_death_robots,https://www.reddit.com/r/netflix/comments/1b0ibe9/is_love_death_robots_is_worth_watching/,2024-02-26 22:37:57,09stibmep,Each episode is like 10-20 minutes. Faster to watch 1 or some and decide for yourself then to ask us. But I think the responses here are an indication.,1,1,151,29,0.0,0.0,4
love_death_robots,https://www.reddit.com/r/netflix/comments/1b0ibe9/is_love_death_robots_is_worth_watching/,2024-02-26 23:08:35,laswoosh,Great watch,1,1,11,2,0.8,0.75,4
love_death_robots,https://www.reddit.com/r/netflix/comments/1b0ibe9/is_love_death_robots_is_worth_watching/,2024-02-26 23:10:16,PLUSsignenergy,Love it. Gotta pay attention,1,1,28,5,0.5,0.6,4
love_death_robots,https://www.reddit.com/r/netflix/comments/1b0ibe9/is_love_death_robots_is_worth_watching/,2024-02-26 23:17:37,Middle-Ad-6090,Only if you enjoy fun and emersive and fresh feeling entertaining shows.,1,1,72,12,0.3,0.5800000000000001,4
love_death_robots,https://www.reddit.com/r/netflix/comments/1b0ibe9/is_love_death_robots_is_worth_watching/,2024-02-26 23:20:35,bebeck7,Jibaro had me in tears. Was truly stunning.,1,1,43,8,0.5,1.0,4
love_death_robots,https://www.reddit.com/r/netflix/comments/1b0ibe9/is_love_death_robots_is_worth_watching/,2024-02-26 23:40:01,ExperienceGas,Yes,1,1,3,1,0.0,0.0,4
love_death_robots,https://www.reddit.com/r/netflix/comments/1b0ibe9/is_love_death_robots_is_worth_watching/,2024-02-26 23:41:03,JanaKukumei,Absolutely 100% worth it.,1,1,25,4,0.25,0.5,4
love_death_robots,https://www.reddit.com/r/netflix/comments/1b0ibe9/is_love_death_robots_is_worth_watching/,2024-02-26 23:42:45,Otherwise_Wait9777,"Yes, watch them.",1,1,16,3,0.0,0.0,4
love_death_robots,https://www.reddit.com/r/netflix/comments/1b0ibe9/is_love_death_robots_is_worth_watching/,2024-02-27 00:08:25,keyjan,Absolutely,1,1,10,1,0.2,0.9,4
love_death_robots,https://www.reddit.com/r/netflix/comments/1b0ibe9/is_love_death_robots_is_worth_watching/,2024-02-27 00:10:28,xSchizogenie,For me it was boring :/,1,1,23,6,-0.625,1.0,4
love_death_robots,https://www.reddit.com/r/netflix/comments/1b0ibe9/is_love_death_robots_is_worth_watching/,2024-02-27 00:19:47,TwinSong,"I think it's good. It's interesting how it's a mix of short films kind of like a film festival showing, all different styles some animated some live action.",1,1,156,28,0.2909090909090909,0.5000000000000001,4
love_death_robots,https://www.reddit.com/r/netflix/comments/1b0ibe9/is_love_death_robots_is_worth_watching/,2024-02-27 00:21:33,TwinSong,Imo it's some of the best content on Netflix,1,1,44,9,1.0,0.3,4
love_death_robots,https://www.reddit.com/r/netflix/comments/1b0ibe9/is_love_death_robots_is_worth_watching/,2024-02-27 00:27:08,Swole_Chicken,Oh absolutely. Plus you can pick and choose which episodes you want to watch,1,1,76,14,0.2,0.9,4
love_death_robots,https://www.reddit.com/r/netflix/comments/1b0ibe9/is_love_death_robots_is_worth_watching/,2024-02-27 00:37:18,harrynelson,"Yes, each season has some bangers. It's fun to dissect and rank each episode in your head.",1,1,90,17,-0.25,0.55,1
love_death_robots,https://www.reddit.com/r/netflix/comments/1b0ibe9/is_love_death_robots_is_worth_watching/,2024-02-27 00:37:22,Baked_potato123,I really liked all the seasons and episodes. I am actually going to rewatch it soon.,1,1,84,16,0.3,0.45,4
love_death_robots,https://www.reddit.com/r/netflix/comments/1b0ibe9/is_love_death_robots_is_worth_watching/,2024-02-27 01:53:23,treyb3,"I just started it last week! Absolutely it’s worth watching. Several episodes have me wanting more from that world! Each episode is its own story, kind of like an anthology. ",1,1,174,30,0.3541666666666667,0.4277777777777778,4
love_death_robots,https://www.reddit.com/r/netflix/comments/1b0ibe9/is_love_death_robots_is_worth_watching/,2024-02-27 01:55:34,reyntime,Yes it's brilliant.,1,1,19,3,0.9,1.0,4
love_death_robots,https://www.reddit.com/r/netflix/comments/1b0ibe9/is_love_death_robots_is_worth_watching/,2024-02-27 01:57:58,brwtx,"Not an Anime fan, at all. I'll watch a little Archer or Rick &amp; Morty, and maybe some Pixar, but it is rare you'll catch me watching animation. But, I absolutely loved this. There are a few stinker episodes, but in general it is excellent.",1,1,242,45,0.1660714285714286,0.6285714285714287,4
love_death_robots,https://www.reddit.com/r/netflix/comments/1b0ibe9/is_love_death_robots_is_worth_watching/,2024-02-27 02:02:56,rockstang,It's amazing. 100% watch it.,1,1,28,5,0.6000000000000001,0.9,4
love_death_robots,https://www.reddit.com/r/netflix/comments/1b0ibe9/is_love_death_robots_is_worth_watching/,2024-02-27 02:07:28,Glum_Kaleidoscope601,Yes it is,1,1,9,3,0.0,0.0,4
love_death_robots,https://www.reddit.com/r/netflix/comments/1b0ibe9/is_love_death_robots_is_worth_watching/,2024-02-27 02:13:14,Rukasu17,Season 1 is really great. Season 2 is a bit hit and miss but there are some gems in there,1,1,89,20,0.8,0.75,1
love_death_robots,https://www.reddit.com/r/netflix/comments/1b0ibe9/is_love_death_robots_is_worth_watching/,2024-02-27 02:27:47,doc_long_dong,"Yes. Some episodes are incredible and some are meh. None of them, imo, are ""bad"".  Definitely entertaining",1,1,106,17,0.2333333333333334,0.7555555555555555,4
love_death_robots,https://www.reddit.com/r/netflix/comments/1b0ibe9/is_love_death_robots_is_worth_watching/,2024-02-27 02:33:45,[deleted],"Some episodes are better than others, but 100% yes it's worth watching especially if you enjoy animation and/or sci-fi stories.",1,1,127,20,0.30000000000000004,0.525,4
love_death_robots,https://www.reddit.com/r/netflix/comments/1b0ibe9/is_love_death_robots_is_worth_watching/,2024-02-27 02:58:30,[deleted],YESSSSS!,1,1,8,1,0.0,0.0,4
love_death_robots,https://www.reddit.com/r/netflix/comments/1b0ibe9/is_love_death_robots_is_worth_watching/,2024-02-27 03:31:35,woodybob01,Yesss. It's so fucking good. Honestly some of those episodes are masterpieces. Seriously.,1,1,89,13,0.3222222222222222,0.7222222222222222,4
love_death_robots,https://www.reddit.com/r/netflix/comments/1b0ibe9/is_love_death_robots_is_worth_watching/,2024-02-27 03:44:55,cleverlikem3,Just watch it man just watch it,1,1,31,7,0.0,0.0,4
love_death_robots,https://www.reddit.com/r/netflix/comments/1b0ibe9/is_love_death_robots_is_worth_watching/,2024-02-27 03:53:34,Pgreenawalt,Yep. Loved most of them.,1,1,24,5,0.6,0.65,4
love_death_robots,https://www.reddit.com/r/netflix/comments/1b0ibe9/is_love_death_robots_is_worth_watching/,2024-02-27 03:55:24,[deleted],So good,1,1,7,2,0.7,0.6000000000000001,4
love_death_robots,https://www.reddit.com/r/netflix/comments/1b0ibe9/is_love_death_robots_is_worth_watching/,2024-02-27 05:00:10,chael_iopu,Great warch. A few standout episodes like the one with the knight and the gold lady. But overall kinda mid to good.,1,1,115,22,0.26,0.29000000000000004,4
love_death_robots,https://www.reddit.com/r/netflix/comments/1b0ibe9/is_love_death_robots_is_worth_watching/,2024-02-27 05:27:26,Hour-Industry4573,Wish they could add more episodes,1,1,33,6,0.5,0.5,4
love_death_robots,https://www.reddit.com/r/netflix/comments/1b0ibe9/is_love_death_robots_is_worth_watching/,2024-02-27 05:42:34,SwiftSurfer365,"First and third season, yes. 

I didn’t enjoy the second season at all and would skip.",1,1,86,16,0.1625,0.20833333333333331,1
love_death_robots,https://www.reddit.com/r/netflix/comments/1b0ibe9/is_love_death_robots_is_worth_watching/,2024-02-27 05:48:54,Sanity_in_Moderation,"It's so fucking good.

I love Beyond the Aquilla Rift so much I bought the old short story book it was originally published in.

The civilization in the freezer was just pure funny sci-fi.  No heavy themes or hard issues.

The drowned giant was hauntingly beautiful.  I could not explain to you why I like it so much.

And as a guy who spent much longer in the wild than normal people, Fish Night was something I will never...ever...EVER forget.  I may be one of the only people that adores that one.  But it will forever live in my head.",1,1,538,100,0.17919913419913422,0.5170833333333333,4
love_death_robots,https://www.reddit.com/r/netflix/comments/1b0ibe9/is_love_death_robots_is_worth_watching/,2024-02-27 05:59:16,Schroedesy13,It is right up there with Black Mirror IMO.,1,1,43,9,0.05952380952380952,0.4845238095238095,4
love_death_robots,https://www.reddit.com/r/netflix/comments/1b0ibe9/is_love_death_robots_is_worth_watching/,2024-02-27 06:13:53,Osiris_Raphious,"animation is a very broad term.... LD&amp;R has the most mix of animation and art styles, if you cant find something you enjoy there, you wont find it anywhere.",1,1,160,29,0.32708333333333334,0.46875,4
love_death_robots,https://www.reddit.com/r/netflix/comments/1b0ibe9/is_love_death_robots_is_worth_watching/,2024-02-27 06:14:18,Sarcastic_Applause,100%,1,1,4,1,0.0,0.0,4
love_death_robots,https://www.reddit.com/r/netflix/comments/1b0ibe9/is_love_death_robots_is_worth_watching/,2024-02-27 06:31:55,Txusmah,I remember getting angry at all episodes for being too short... Many of them deserved a movie or a full series,1,1,110,21,0.0875,0.5875,4
love_death_robots,https://www.reddit.com/r/netflix/comments/1b0ibe9/is_love_death_robots_is_worth_watching/,2024-02-27 07:05:52,poetrygrenade,I envy people who have yet to watch these! You have such a wonderful binge in front of you!,1,1,91,19,0.5,0.75,4
love_death_robots,https://www.reddit.com/r/netflix/comments/1b0ibe9/is_love_death_robots_is_worth_watching/,2024-02-27 07:53:48,[deleted],"If you like it I recommend blue eye samurai, not because it's the same but it's another great animation and once you get past animations can be so much more than 20 minute comedy cartoons on comedy central it opens up a whole new world.",1,1,236,45,0.17329545454545453,0.3536931818181818,4
love_death_robots,https://www.reddit.com/r/netflix/comments/1b0ibe9/is_love_death_robots_is_worth_watching/,2024-02-27 08:18:48,NemoSHill,yes,1,1,3,1,0.0,0.0,4
love_death_robots,https://www.reddit.com/r/netflix/comments/1b0ibe9/is_love_death_robots_is_worth_watching/,2024-02-27 08:38:05,littlepinkpebble,It’s on my to watch but can’t bring myself to start,1,1,51,11,0.0,0.0,4
love_death_robots,https://www.reddit.com/r/netflix/comments/1b0ibe9/is_love_death_robots_is_worth_watching/,2024-02-27 09:03:44,FluffyPolicePeanut,Yes. Definitely!,1,1,16,2,0.0,0.5,4
500_days_with_summer,https://www.reddit.com/r/movies/comments/ol7bn1/many_people_missed_the_point_of_500_days_of/,2021-07-16 03:57:07,KingUnder_Mountain,"Good write up.  Honestly the movie does a great job showcasing the complicated emotions of real life relationships.  Noone is the ""badguy"" and both characters are sympathetic.",801,1,175,27,0.3833333333333333,0.7583333333333333,4
500_days_with_summer,https://www.reddit.com/r/movies/comments/ol7bn1/many_people_missed_the_point_of_500_days_of/,2021-07-16 18:24:42,AmIFromA,"As an experienced relationship analyst and advisor from /r/relationshipadvice, I assure you that's not true. He really dodged a bullet with that one, the red flags were obvious!",323,2,177,28,0.16499999999999998,0.45,4
500_days_with_summer,https://www.reddit.com/r/movies/comments/ol7bn1/many_people_missed_the_point_of_500_days_of/,2021-07-16 18:27:20,KingUnder_Mountain,"Haha I really love this comment.  I used to subscribe to that subreddit because some of the drama was juicy but every comment thread went something like this;

""He didn't pick up his socks? Girl that's a major red flag and if you don't nip this relationship in the bud now you will have years of emotional and physical abuse ahead of you"".",139,3,339,63,0.12708333333333333,0.36547619047619045,4
500_days_with_summer,https://www.reddit.com/r/movies/comments/ol7bn1/many_people_missed_the_point_of_500_days_of/,2021-07-17 00:05:42,[deleted],"That’s a cliche and not really a true one, and if your partner isn’t capable of evincing genuine human respect for you, there’s not actually a relationship to save.

Almost all of those posts are from someone trying to get their judgement confirmed that they’re being treated in a way that disregards their essential humanity and they usually are, and the fastest fix for that is to dump them and date someone who sees you as a valuable person. You can’t fix someone who merely sees you as a convenience - even if you tell them exactly what they’re doing wrong, they don’t see you as someone they have to listen to.",17,4,615,112,-0.015909090909090904,0.45,4
500_days_with_summer,https://www.reddit.com/r/movies/comments/ol7bn1/many_people_missed_the_point_of_500_days_of/,2023-03-14 17:06:04,MarkXT9000,"""Oh! You noticed a small mistake that your partner did? Slipper Slope Fallacy statement!""",6,4,89,14,-0.3125,0.4,4
500_days_with_summer,https://www.reddit.com/r/movies/comments/ol7bn1/many_people_missed_the_point_of_500_days_of/,2023-04-29 23:45:25,jacksonkingk,Mann.. I would have lost hope on the dating life without finally seeing your comment. God damn it. She was a heartless woman with untreated trauma. He was a honest guy with his emotions right and genuine romantic.,16,3,213,38,0.2571428571428571,0.687142857142857,4
500_days_with_summer,https://www.reddit.com/r/movies/comments/ol7bn1/many_people_missed_the_point_of_500_days_of/,2024-10-17 09:39:34,archamdel,"Tom was just utterly stupid. He did not dodge a bullet, he was the red flag to begin with. She was almost ready but he was insensitive, impatient, and much more. When he mentioned what he loved about Summer, none of it was about her personality or anything. He loved the idea of her but he didn't love her. He's a hopeless romantic. He's sick. Him getting to know Autumn shows he's not learned a thing. He has not reflected at all. The movie was also mostly his perspective on how things were. You being a reddit analyst and advisor and using that as an assurance is funny, no wonder the profession isn't a paid one. I know this is an old comment but I really hope your view had changed because it's just unequivocally stupid. Summer was never a red flag, she had put her boundaries. She explained her unwillingness towards commitment. Tom was just a miserable freak who felt that he could win her. And he almost did but he couldn't handle it.",11,3,943,175,0.05198412698412699,0.5976190476190476,4
500_days_with_summer,https://www.reddit.com/r/movies/comments/ol7bn1/many_people_missed_the_point_of_500_days_of/,2024-11-05 04:44:16,GolfInternational393,They were doing pretty much everything you do in a relationship just without the label lol. Can't blame him for getting attached. If she trully didn't want to hurt him then she wouldn't have gotten that close to him doing all those intimate things. Also she danced with him when she was already with her new boyfriend (future husband). She's a huge red flag,13,4,357,64,0.24829545454545457,0.4974431818181818,4
500_days_with_summer,https://www.reddit.com/r/movies/comments/ol7bn1/many_people_missed_the_point_of_500_days_of/,2025-01-27 15:18:00,Far_Reality_3440,I Think you're turning it too much into a men vs women thing. The whole point about the movie is that it subverts usual stereotypes. No one is a red flag theyre just people. Summer is like the steretypical man having one night stands afraid to commit and Tom is the girl imagining having the big wedding and 3 kids in the house. It was never about one moving too fast for the other she just wasnt right for him and he had trouble accepting this. Most people have been through this situation or something similar from both sides.,5,4,528,99,0.017559523809523813,0.37172619047619054,4
500_days_with_summer,https://www.reddit.com/r/movies/comments/ol7bn1/many_people_missed_the_point_of_500_days_of/,2021-07-16 22:14:13,icup2,They broke up coz he thought she liked anal but she really didn’t.,136,2,66,13,0.4,0.5,4
500_days_with_summer,https://www.reddit.com/r/movies/comments/ol7bn1/many_people_missed_the_point_of_500_days_of/,2021-08-14 05:24:40,Rocketbird,"Disgusting yet hilarious. I don’t get the downvotes, there’s a joke in the movie that her nickname was Anal Girl but that it’s because she’s very neat and organized",44,3,164,29,-0.09999999999999999,0.7666666666666666,4
500_days_with_summer,https://www.reddit.com/r/movies/comments/ol7bn1/many_people_missed_the_point_of_500_days_of/,2022-01-11 23:12:10,Irfan-320,There's even a soundtrack in the movie called Anal Girl. Didn't look very right on my browser history,20,4,101,18,0.37142857142857144,0.6964285714285714,4
500_days_with_summer,https://www.reddit.com/r/movies/comments/ol7bn1/many_people_missed_the_point_of_500_days_of/,2022-12-12 21:28:31,[deleted],"Watched the movie today, and rightfully wondered what has Anal got to do with 'neat and organized '? Any help mate?",7,4,115,21,0.0,0.0,4
500_days_with_summer,https://www.reddit.com/r/movies/comments/ol7bn1/many_people_missed_the_point_of_500_days_of/,2022-12-12 21:41:04,Rocketbird,"It’s short for “anal retentive” which means “excessively orderly and fussy (supposedly owing to conflict over toilet-training in infancy)”

The term has fallen out of fashion probably because of the sexual connotation, but if someone was “anal” it used to mean they were extremely organized with a high need for control and for everything to be tidy.",21,5,350,57,0.08178571428571428,0.7372619047619047,4
500_days_with_summer,https://www.reddit.com/r/movies/comments/ol7bn1/many_people_missed_the_point_of_500_days_of/,2023-05-28 19:55:22,[deleted],Woah! Didn't know it. Thanks mate,3,6,33,6,0.2,0.2,4
500_days_with_summer,https://www.reddit.com/r/movies/comments/ol7bn1/many_people_missed_the_point_of_500_days_of/,2021-07-16 09:06:05,[deleted],Summer did want something serious.  Just not with him.  That was extremely frustrating for college-age me. I just hope Autumn was the one for him.,450,1,146,25,-0.3666666666666667,0.7833333333333333,4
500_days_with_summer,https://www.reddit.com/r/movies/comments/ol7bn1/many_people_missed_the_point_of_500_days_of/,2021-07-16 10:27:35,[deleted],"Ahah I watched it when I was in college too. I was such a gut punch and left me sad and melancholic for days because my views about love were quite similar to Tom's. I was quick to fall in love with girls and didn't understand why they didn't like me back the same way even though I treated them well. In my head, it was their fault.

It really wasn't. I feel terrible for believing that. They just didn't like me in the way I wanted and that's 100% okay.

Watching this movie again years later made me appreciate it SO much more, it's truly one of my favorite movies of all time. Not to mention the cinematography and soundtrack, which are absolutely perfect, imo.",266,2,665,126,0.15833333333333333,0.49531250000000004,4
500_days_with_summer,https://www.reddit.com/r/movies/comments/ol7bn1/many_people_missed_the_point_of_500_days_of/,2021-07-16 13:14:45,DoggyDoggy_What_Now,"&gt; my views about love were quite similar to Tom's. I was quick to fall in love with girls and didn't understand why they didn't like me back the same way even though I treated them well.

This is crucial for so many people. Many people feel this way and go through this which is why Tom's character is so effective. He's you, he's me, he's any one of us who went through that stage in our life. The movie shines so much because of how well it speaks to that mentality but also how it dispels it entirely. It's such a great watch if you're at the Tom or Summer phase of your life because it feels like it commiserates with you. Then it's also a great watch when you've grown out of that and are able to see the whole thing from the outside for what it really is and for how unhealthy it is.

Regarding the ending, I've seen people dislike it because they feel it indicates that he didn't learn anything from his experience, but I disagree. I think it was meant to show you that despite going through that shitty phase in his/your life, you can very much still find love after the fact with someone completely new. It's not the end of your love life because this one endeavor failed, it was just a growing experience and there are plenty more people out there who might make you feel the same way but from a healthier point of view.

Shit, talking about it now I really wanna watch it again.",146,3,1392,266,0.23677489177489178,0.4656980519480519,4
500_days_with_summer,https://www.reddit.com/r/movies/comments/ol7bn1/many_people_missed_the_point_of_500_days_of/,2021-07-17 10:33:59,Verdeckter,"I mean, at the end all he did was ask out a girl and what, smirk at a coincidence? How should that indicate he hasn't learned anything?",41,4,135,27,-0.3125,0.6875,4
500_days_with_summer,https://www.reddit.com/r/movies/comments/ol7bn1/many_people_missed_the_point_of_500_days_of/,2021-08-14 05:29:48,Rocketbird,"It’s bc he walks away then the narrator is Tom convincing himself there is no such thing as fate, stops in his tracks, and goes to ask her out because he thinks it was fate that put them there together. That kind of thinking was problematic and all of his supporting cast felt that way the entire movie, even before the breakup",32,5,327,62,0.27,0.655,4
500_days_with_summer,https://www.reddit.com/r/movies/comments/ol7bn1/many_people_missed_the_point_of_500_days_of/,2023-07-21 17:18:47,[deleted],"I just watched this movie for like the 5th time just last week and I didn’t interpret that at all. I interpreted it as he learned life is a series of coincidences and it was a coincidence that he ran into Autumn in the waiting room, but he is much more confident asking her out than with Summer. This to me means that if the two hit it off, it happens, but he’s confident in himself regardless the outcome and knows it isn’t fate",16,6,429,84,0.375,0.5583333333333333,4
500_days_with_summer,https://www.reddit.com/r/movies/comments/ol7bn1/many_people_missed_the_point_of_500_days_of/,2024-11-15 11:31:48,Fluid-Midnight-6960,Exactly,4,7,7,1,0.25,0.25,4
500_days_with_summer,https://www.reddit.com/r/movies/comments/ol7bn1/many_people_missed_the_point_of_500_days_of/,2024-01-21 20:22:15,hahahi7,"At the beginning of the movie, Tom is so focused on ""finding the one."" I think the narrator says something about how he considers his life meaningless without ""the one."" To the detriment of the rest of his life (like pursuing his passion for architecture), he puts too much energy and focus on finding his perfect partner. By the end of the movie, he's no longer doing this. He's refocused on his own mission. That's why I think people are wrong when they say Tom hasn't learned anything (in addition to the points you raise). He's learned that romance and relationships should be something you \*add\* to the life you've built for yourself, rather than \*being\* your life. He learns that his life has meaning no matter what his romantic situation is. Having learned that lesson, he'll be able to approach his next relationship with more maturity. 

(I know I'm responding to an old comment but I just watched this movie, and there are other comments in this thread from only a few months ago so it seems common for people to visit this thread after watching the movie)",31,4,1070,189,0.09107142857142857,0.5642857142857143,4
500_days_with_summer,https://www.reddit.com/r/movies/comments/ol7bn1/many_people_missed_the_point_of_500_days_of/,2024-04-22 01:43:34,Conscious-Position-5,"I've learned this lesson but I've forgotten it dozens of times. Some people, like me, just never learn 😓",5,5,104,19,0.0,0.0,4
500_days_with_summer,https://www.reddit.com/r/movies/comments/ol7bn1/many_people_missed_the_point_of_500_days_of/,2025-01-25 10:44:24,lemonpiess,"Don’t be too hard on yourself. Life makes no mistakes; you are meant to learn whatever you are meant to, whenever the time is right. Sometimes life puts us through the same scenarios just so we can finally learn the lesson. You will get there. At the end of the day, it’s a matter of self-love and the choices you made once you’ve mastered that.",3,6,345,65,-0.0014880952380952467,0.5505952380952381,4
500_days_with_summer,https://www.reddit.com/r/movies/comments/ol7bn1/many_people_missed_the_point_of_500_days_of/,2021-08-14 05:31:08,Rocketbird,"I could see the ending either way. Personally I think it doesnt really follow the rest of the movie and feels like a tacked on “happy ending.” Especially worrisome is that he ascribes their meeting to fate, which is exactly the kind of thinking is friends and sister had been trying to get him to stop using in his love life.",8,4,325,61,0.33571428571428574,0.6071428571428571,4
500_days_with_summer,https://www.reddit.com/r/movies/comments/ol7bn1/many_people_missed_the_point_of_500_days_of/,2021-10-28 21:28:12,ZMAC698,Random question…who is your picture of lol?,3,3,43,7,0.15000000000000002,0.6,4
500_days_with_summer,https://www.reddit.com/r/movies/comments/ol7bn1/many_people_missed_the_point_of_500_days_of/,2021-10-29 09:20:58,[deleted],Ahah it's Olivia Moore (played by Rose McIver) from the show iZombie.,4,4,69,12,0.6,0.95,4
500_days_with_summer,https://www.reddit.com/r/movies/comments/ol7bn1/many_people_missed_the_point_of_500_days_of/,2024-04-07 18:39:02,[deleted],"I just gave up on love. I'm not gonna marry, not gonna have kids, not gonna love women (of course, I'm gonna fuck the shit out of them). There is no point in destroying our own mental health for girls who won't give two fucks when the shoe is on the other foot. Just use them and throw them away. That's all they are worth anyways.",2,3,331,66,0.09722222222222222,0.4749999999999999,4
500_days_with_summer,https://www.reddit.com/r/movies/comments/ol7bn1/many_people_missed_the_point_of_500_days_of/,2021-07-16 15:09:15,TheDankestMofo,"I always got depressed by the ending, and him falling for a girl named Autumn, because thematically it reads that he hasn't learned a thing and this whole cycle will repeat again.",61,2,179,32,0.2,0.4,4
500_days_with_summer,https://www.reddit.com/r/movies/comments/ol7bn1/many_people_missed_the_point_of_500_days_of/,2021-07-16 18:56:20,Mr_Oujamaflip,"A lot of people say that but I like to think he's learned. If you think about the approach to each woman with Summer he was too scared to ask, let her make the move, was obsessive and weird despite knowing very little about her. With Autumn he asks her out without seeing it as some fateful coming together. 

But then it has the little camera look as her name is said so maybe not. I just like to see the name Autumn as being the next step in his life, not necessarily bad though.",144,3,481,95,-0.11625,0.5633333333333332,4
500_days_with_summer,https://www.reddit.com/r/movies/comments/ol7bn1/many_people_missed_the_point_of_500_days_of/,2021-07-17 00:44:27,judgynewyorker,"I agree that Autumn will be Summer 2.0, maybe with some slight changes (after all, unlike Tom's shyness with Summer, he asks Autumn out right away). Tom's conversation with Summer on the bench at the end showed that - even after he stopped moping about the breakup - he never *really* came to understand why Summer didn't want a relationship with him but could quickly marry someone else. ""I'll never understand that,"" he says. He still has a lot of growing up to do, and that's fine.",39,3,484,87,0.15380952380952378,0.38047619047619047,4
500_days_with_summer,https://www.reddit.com/r/movies/comments/ol7bn1/many_people_missed_the_point_of_500_days_of/,2021-09-11 22:46:29,[deleted],"That’s what I’ve always wondered. Is the girl named Autumn meant to symbolize that breakups/heartbreaks aren’t the end of the world. Is Autumn being the season after Summer meant to simply symbolize the end of one thing and the start of something new?

Or does it demonstrate that Tom hasn’t actually learned anything from his experience. The way he smiles at the end suggests that he’s just gonna do the same thing all over again.",14,4,431,75,0.03409090909090909,0.2591720779220779,4
500_days_with_summer,https://www.reddit.com/r/movies/comments/ol7bn1/many_people_missed_the_point_of_500_days_of/,2021-10-31 23:05:06,Britneyfan123,I think the first point,16,5,23,5,0.25,0.3333333333333333,4
500_days_with_summer,https://www.reddit.com/r/movies/comments/ol7bn1/many_people_missed_the_point_of_500_days_of/,2024-08-27 21:15:59,BoomslangSally,"Perhaps he smiled in recognition that her name was an important clue.  If Summer hadn't drawn to a close, there could be no Autumn.  Tom was still a romantic, but had learned that seeing ""The One"" in an attractive and charismatic crush / friend is no guarantee it's meant to be.  Devoting more time to establishing who he himself was meant to be, he gained perspective on ""Fate"".  If Fate meant falling in love with Summer and somehow persuading her it was right (even if she wasn't really feeling it), ultimately it might also have meant a lifetime's veiled ennui with the wrong person.  Just because you feel strongly when those love-hormones kick in doesn't mean you've met your soulmate.  If you remain in denial about that, you won't recognise them when you finally meet; not THE ONE, but the one in the right place at the right time, who truly is into you and with whom you can evolve and share experiences that don't require a split screen to narrate.  I think.",7,5,968,173,0.24862351190476187,0.682998511904762,4
500_days_with_summer,https://www.reddit.com/r/movies/comments/ol7bn1/many_people_missed_the_point_of_500_days_of/,2023-03-22 21:16:17,vohveliii,"I think it is excatly the opposite.

If there were destiny, girl named Autumn would surely repeat the cycle. Well, no destiny, and the names were simply a coincidence. 

I think what is beautiful, that it leaves this interpretation up to to viewer - just like you can learn from the breakups or repeat the cycle again.",18,3,318,57,0.3375,0.5615079365079365,4
500_days_with_summer,https://www.reddit.com/r/movies/comments/ol7bn1/many_people_missed_the_point_of_500_days_of/,2023-04-01 01:34:16,[deleted],"I think it can be read like a new start, a new season, not a loop &gt; this whole cycle will repeat again.",8,3,106,23,0.15757575757575756,0.43636363636363634,4
500_days_with_summer,https://www.reddit.com/r/movies/comments/ol7bn1/many_people_missed_the_point_of_500_days_of/,2023-08-27 00:19:42,_rainb0wdash,"On the contrary... autumn is the season that comes after summer. Summer leaves die and fall to the ground to prepare for winter. It is a natural progression. If he was doomed to repeat himself, it would be spring or summer all over again. Autumn means he's moved onto the next season of his romantic life.",8,3,305,56,0.03333333333333333,0.3,1
500_days_with_summer,https://www.reddit.com/r/movies/comments/ol7bn1/many_people_missed_the_point_of_500_days_of/,2021-07-17 00:08:03,[deleted],"Well, or else it indicates a change from one season of his life to another.",6,3,75,15,0.0,0.0,1
500_days_with_summer,https://www.reddit.com/r/movies/comments/ol7bn1/many_people_missed_the_point_of_500_days_of/,2022-03-15 00:00:01,dankthewank,"I know this thread is almost a year old, but I just wanted to say that I agree with this take.

It’s hurtful to realize that someone you care for does indeed want the same things as you, just not with you.",36,2,205,42,0.05,0.1625,4
500_days_with_summer,https://www.reddit.com/r/movies/comments/ol7bn1/many_people_missed_the_point_of_500_days_of/,2021-07-16 19:16:15,Mike7676,"People coming off long term relationships can have that same sitdown moment. 18 or 38, hearing that theres no ""spark"" after you feel differently is a gut punch. Or hearing they want someone, just not you!",35,2,204,36,-0.016666666666666666,0.375,4
500_days_with_summer,https://www.reddit.com/r/movies/comments/ol7bn1/many_people_missed_the_point_of_500_days_of/,2021-07-16 14:17:19,nayapapaya,"Or maybe we should do away with the idea that there is only one person in the whole world for anyone. Autumn isn't the one for Time, she's just anither person. 

Idk, the concept of the one doesn't even make sense logistically. There are 7 billion people in the world right now - what are the odds that ""your one"" would live at the same time as you or be in the same country or be around the same age as you? The healthier belief is to accept that people are complicated, romantic relationships are hard and not everyone is cut out for them and some people are more compatible with each other than others but ultimately, every relationship takes constant work and commitment. There's no magic arrow, no special spark - it's just work.",32,2,734,135,-0.013947510822510828,0.5395089285714285,4
500_days_with_summer,https://www.reddit.com/r/movies/comments/ol7bn1/many_people_missed_the_point_of_500_days_of/,2024-05-14 02:38:27,Laura_has_Secrets77,"Makes you wonder if any of his ex girlfriends were on the receiving end by him. Like from his pov he just dumped some girls or was dumped by them and it was no biggie, but for all we know on their end they could have been devastated and just hid it. Having been a Tom multiple times and a Summer a few times, both experiences have humbled me.",8,2,342,69,-0.1,0.05,4
500_days_with_summer,https://www.reddit.com/r/movies/comments/ol7bn1/many_people_missed_the_point_of_500_days_of/,2021-07-16 09:25:06,staedtler2018,"Agree with all your points. I've made the same ones here a bunch of times over the years. The stuff about the wedding is particularly clear. ""Because I wanted to"" is an answer little children give about doing whatever they felt like. You can't read that as anything other than a criticism of her behavior. Also, when they meet on the train, she actually mentions she's tried to contact him (sent him an email, I think) and he never replied. She has really poor boundaries with him throughout the movie. 

I'll add an additional thing. People often say ""does the ending mean Tom is doomed to repeat his same mistakes""? No. Seasons mean *change*. Going from ""summer"" to ""autumn"" means going from youth to maturity.",240,1,712,125,-0.1375,0.39814814814814814,4
500_days_with_summer,https://www.reddit.com/r/movies/comments/ol7bn1/many_people_missed_the_point_of_500_days_of/,2023-04-12 01:18:09,[deleted],"Well said. Both of them are human and selfish in their own ways. But her poor boundaries with him, irked me.",21,2,108,21,-0.07500000000000001,0.675,4
500_days_with_summer,https://www.reddit.com/r/movies/comments/ol7bn1/many_people_missed_the_point_of_500_days_of/,2021-07-16 03:57:19,CountJohn12,"My biggest problem with the common analysis of this movie is that everyone assumes feeling bad for Tom means you think Summer did something wrong. It doesn't. Every dispute does not have to have a designated ""good guy"" and ""bad guy"" like you're kids playing cops and robbers.",443,1,275,48,-0.29999999999999993,0.6666666666666666,4
500_days_with_summer,https://www.reddit.com/r/movies/comments/ol7bn1/many_people_missed_the_point_of_500_days_of/,2021-07-16 15:30:41,GreeneRockets,"I said it in a comment elsewhere, but I don’t think either of them are egregiously wrong to the point you have to pick sides. Tom is too immature and thinks every girl he meets is “the one”. Summer is too immature to know what boundaries look like when she wants something “casual” (I don’t think she really did) and let’s things get too far with Tom because she doesn’t really know *what* she wants. 

The movie perfectly describes what it’s like dating as a young adult. I’ve been Tom a million times and I’ve dated a million Summers. It’s less about them being wrong and more about it being a super realistic portrayal of what it’s like being young and dumb while dating. That’s why I love it. It takes me back to pre-married 30 year old me.",240,2,744,139,0.08791666666666667,0.4616666666666666,4
500_days_with_summer,https://www.reddit.com/r/movies/comments/ol7bn1/many_people_missed_the_point_of_500_days_of/,2022-07-12 01:26:04,Effective_Solid_9956,Sorry I’m late to the party it’s way too black in white to paint Tom or Summer as the sole villain. As a mid twenties person watching this both of them were naive and flawed like many young adults in modern dating. I’ve been in both positions too I’ve been a Tom a good couple times and a Summer too.,25,3,300,60,-0.022222222222222216,0.46527777777777785,4
500_days_with_summer,https://www.reddit.com/r/movies/comments/ol7bn1/many_people_missed_the_point_of_500_days_of/,2021-07-16 07:04:15,Jwagner0850,"Unfortunately, movies have trained us to feel that way. So it's not entirely unreasonable for people to make that assumption on one viewing and for those that don't delve deeper into the social commentary of a piece. 

However, if someone is watching said movie multiple times and still choosing a ""side"", they very clearly are missing the point of the film.",51,2,358,61,-0.08944444444444444,0.3733333333333333,4
500_days_with_summer,https://www.reddit.com/r/movies/comments/ol7bn1/many_people_missed_the_point_of_500_days_of/,2021-07-16 13:52:28,pumpkinpie7809,I don’t even think it’s the movies doing it. I feel like it’s human nature to see a black and white to everything.,43,3,114,23,-0.05555555555555555,0.17777777777777778,4
500_days_with_summer,https://www.reddit.com/r/movies/comments/ol7bn1/many_people_missed_the_point_of_500_days_of/,2021-07-16 15:57:54,Jwagner0850,Also very true,4,4,14,3,0.45499999999999996,0.8450000000000001,4
500_days_with_summer,https://www.reddit.com/r/movies/comments/ol7bn1/many_people_missed_the_point_of_500_days_of/,2021-07-17 02:28:01,Procrastanaseum,"I don't think Summer did anything wrong, I just think she's expecting a lot from her known-to-get-emotional former lovers when she surprises them with potentially heartbreaking news.",21,2,182,27,-0.16666666666666666,0.6333333333333333,4
500_days_with_summer,https://www.reddit.com/r/movies/comments/ol7bn1/many_people_missed_the_point_of_500_days_of/,2022-07-15 22:51:29,Scary-Plantain,"Agreed.

Like has anyone not had an crush on someone who didn’t like you back? You can logically go into toms pov more than summers",17,2,131,25,0.25,0.25,4
500_days_with_summer,https://www.reddit.com/r/movies/comments/ol7bn1/many_people_missed_the_point_of_500_days_of/,2022-10-21 07:06:00,PissAndFart,"But she does like him back, she repeats that she likes him multiple times throughout the show. I think she just leads him on. I don't care if that's an ""on the surface"" view.",31,3,174,34,0.0,0.0,4
500_days_with_summer,https://www.reddit.com/r/movies/comments/ol7bn1/many_people_missed_the_point_of_500_days_of/,2021-07-16 04:49:51,western_iceberg,"Great write up. I always felt it was much more complex and both parties had things that they needed to experience and learn. That is was relationships tend to be. 

JGL touches on similar themes of idealism and love in Don Jon.",103,1,227,42,0.3,0.53,4
500_days_with_summer,https://www.reddit.com/r/movies/comments/ol7bn1/many_people_missed_the_point_of_500_days_of/,2021-07-16 11:16:41,LeafyWolf,"Yep, it's more of an exploration of relationships than a character portrayal, imo.",18,2,82,13,0.5,0.5,4
500_days_with_summer,https://www.reddit.com/r/movies/comments/ol7bn1/many_people_missed_the_point_of_500_days_of/,2021-07-16 13:08:12,DoggyDoggy_What_Now,"Don Jon single-handedly made me go from loving and having the hots for ScarJo to hating her.

I don't actually hate her as a person or an actress, but I disliked her character so much that it completely broke the spell she had on me. I just could not stand her character, which from what I remember is the whole point. It has been a long time though, I should really go back and watch that again and see how I feel now. I remember enjoying it but feeling lukewarm about it.",16,2,473,92,0.0611111111111111,0.49444444444444446,4
500_days_with_summer,https://www.reddit.com/r/movies/comments/ol7bn1/many_people_missed_the_point_of_500_days_of/,2021-07-20 06:17:30,western_iceberg,Her character is a product of unrealistic expectations on relationships and love just like Jon was.,9,3,99,16,0.0,0.8,4
500_days_with_summer,https://www.reddit.com/r/movies/comments/ol7bn1/many_people_missed_the_point_of_500_days_of/,2021-07-16 03:49:38,Dawesfan,"They were both wrong. Tom’s supporters tend to ignore his faults like when they’re in the record store and his just being obnoxious, or the bar scene, or how he sometimes pushed Summer when it was obvious she was uncomfortable. 

Summer’s supporters tend to ignore her mixed signals. Yes, she did say she wasn’t looking for something serious, but actions speak just like words. As you mentioned she did stuff after that contradicted her words.

I think people who side with either character have, at some point, been in a relationship similar to Summer and Tom’s. So when they see reflected like that, they want to be right. “She told him from the beginning” (Summer’s right), or “She took advantage of him” (Tom’s right).",411,1,722,124,-0.05291005291005289,0.5915343915343915,4
500_days_with_summer,https://www.reddit.com/r/movies/comments/ol7bn1/many_people_missed_the_point_of_500_days_of/,2021-07-16 13:15:29,[deleted],"&gt; Summer’s supporters tend to ignore her mixed signals. Yes, she did say she wasn’t looking for something serious, but actions speak just like words

Also what kind of monster invites their ex to their engagement party without telling them it's an engagement party, or even that they are engaged.  Or that they are in a relationship at all.",277,2,343,59,0.08888888888888889,0.6055555555555555,4
500_days_with_summer,https://www.reddit.com/r/movies/comments/ol7bn1/many_people_missed_the_point_of_500_days_of/,2021-07-16 13:31:58,BuckeyeBentley,"That's some real psychological warfare shit. You post that story on am I the asshole and yes, you're the asshole",231,3,112,20,-0.1,0.47500000000000003,4
500_days_with_summer,https://www.reddit.com/r/movies/comments/ol7bn1/many_people_missed_the_point_of_500_days_of/,2021-07-16 16:34:12,HanekawaSenpai,"Yeah, pretty much everything shown in the movie is a mix of these characters being immature in their own ways or just their inexperience with relationships. But that moment was actually an asshole move.",110,3,202,34,0.2625,0.5750000000000001,4
500_days_with_summer,https://www.reddit.com/r/movies/comments/ol7bn1/many_people_missed_the_point_of_500_days_of/,2023-08-13 08:49:57,Neither-Studio8384,she was asshole the whole timee!!!!,18,4,35,6,0.48828125,0.4,4
500_days_with_summer,https://www.reddit.com/r/movies/comments/ol7bn1/many_people_missed_the_point_of_500_days_of/,2022-07-12 01:31:28,Effective_Solid_9956,As a woman exactly late to the party but yes I’ve been a Summer but that was not a cool move at all on her part.,30,3,112,26,-0.2375,0.625,4
500_days_with_summer,https://www.reddit.com/r/movies/comments/ol7bn1/many_people_missed_the_point_of_500_days_of/,2023-07-01 00:11:21,tinydancer_inurhand,Coming here after rewatching some scenes on YouTube. I was a Tom. Funny enough my Summer’s name was Tom. I’ve still always wondered why Summer’s continue the physical relationship even when they know the other person wants something serious and you know you don’t want that. Is there a reason? Like you are lonely and rather have company even if you know the other wants more? Is it cause you think you will eventually? Or is it you just realize later what you thought was love in a relationship is not.,27,4,503,91,0.08055555555555556,0.421626984126984,4
500_days_with_summer,https://www.reddit.com/r/movies/comments/ol7bn1/many_people_missed_the_point_of_500_days_of/,2021-09-12 06:31:28,[deleted],And she knew that he's still trying to get over her lol,26,3,55,12,0.8,0.7,4
500_days_with_summer,https://www.reddit.com/r/movies/comments/ol7bn1/many_people_missed_the_point_of_500_days_of/,2021-07-16 15:26:07,GreeneRockets,"So true. The movie is less about picking who is more right (since they both have flaws that you and others pointed out) and moreso about the sentiment that just because you like each other, doesn’t mean you’re both destined to be each other’s “the one”. 

It really encapsulates dating when you’re a young adult to me. I had the majority of my relationships play out like this. 

I was always Tom - I was always finding another Summer and falling head over heels in two seconds the second we liked three of the same things. 

The girls were always pulling their own version of Summer - coming off a relationship (could’ve been a month ago, could’ve been a year ago), so they “weren’t looking for anything serious”, but they sure loved spending all their time texting lovey dovey shit, telling me they’re falling for me, I’m not like the other guys, hanging out often on what anyone would characterize as romantic dates, etc etc. 

And you know what? None of that is wrong IMO. It’s just the reality of dating when you’re younger. I’m 30 now, married to a girl I was really good friends with for 10 years till we were both single and something changed in our dynamic a few years ago and I made a move. Now we got a baby and a life together! And SHE is 100% “the one” in a real life way, not a hopeless romantic way that my younger self would think some girl was the one lol.",86,2,1373,257,0.11860599078341015,0.4443996415770609,4
500_days_with_summer,https://www.reddit.com/r/movies/comments/ol7bn1/many_people_missed_the_point_of_500_days_of/,2021-07-16 23:21:34,NezuminoraQ,"""Just because she likes the same bizzarro crap you do doesn't mean she's your soulmate"" This is a lesson I must learn over and over",95,3,131,25,-0.37083333333333335,0.5375,4
500_days_with_summer,https://www.reddit.com/r/movies/comments/ol7bn1/many_people_missed_the_point_of_500_days_of/,2021-07-16 23:23:17,GreeneRockets,"Yes! Learn that shit. It can be a good thing to like the same shit, and you need to to a certain point, but it shouldn’t be the one thing that makes you guys compatible. That’s a recipe for a tidal wave of sadness down the road.",21,4,228,47,0.05978835978835978,0.5308862433862434,4
500_days_with_summer,https://www.reddit.com/r/movies/comments/ol7bn1/many_people_missed_the_point_of_500_days_of/,2021-07-16 22:55:13,Critical_Smell_3568,Can you explain what changed in the dynamic of you and your now wife’s friendship?,10,3,82,15,0.0,0.16666666666666666,4
500_days_with_summer,https://www.reddit.com/r/movies/comments/ol7bn1/many_people_missed_the_point_of_500_days_of/,2021-07-16 23:03:57,GreeneRockets,"Well, as friends, she was the opposite of a girl who is flirty/touchy/talks about sex in front of the guys. She was always very aware not to ever do that, and that’s partly just in her nature anyway. She’s more closed off and cactus-y than your average girl maybe. So it was easy to remain very platonic with her, even for me as a huge flirt, because she commanded respect and you got the feeling she’d humiliate you and make you look dumb if you tried to flirt with her and undermine the friendship lol.

We dated people throughout college but would still get coffee to catch up, vent about shitty relationships, etc. so we always had constant enough communication. 

After college, she moved back to my hometown where I was finishing up my masters online, and we reconnected again and kinda had a really fun friend group where we’d go out and get beers, so we were hanging more than ever. We were still dating other people so it was more of the same dynamic, but then she broke up with her guy, and we were both single for the first time as adults. 

I started letting myself acknowledge how attractive I thought she was, she said she was doing the same with me in her head, seeing I’d grown up and become more of a man. There had been subtle flirting between us prior to her breakup cus the relationship had run its course, and so by the time she broke up with the guy, the tension between us was really strong and we began texting all day and all night and seeing each other alone, and one day at her house I just kissed her. And that was that. 

Married three years ago and have a little baby now!",44,4,1602,302,0.15591765873015875,0.3929761904761904,4
500_days_with_summer,https://www.reddit.com/r/movies/comments/ol7bn1/many_people_missed_the_point_of_500_days_of/,2021-07-16 23:59:59,Critical_Smell_3568,Dope bro. Wishing you and your family the best.,22,5,47,9,1.0,0.3,4
500_days_with_summer,https://www.reddit.com/r/movies/comments/ol7bn1/many_people_missed_the_point_of_500_days_of/,2021-07-17 02:04:07,GreeneRockets,Appreciate it man!,10,6,18,3,0.0,0.0,4
500_days_with_summer,https://www.reddit.com/r/movies/comments/ol7bn1/many_people_missed_the_point_of_500_days_of/,2021-07-16 12:38:02,hobbykitjr,"this is why i like the movie, its realistic in that sense, and it also ends well",39,2,80,17,0.16666666666666666,0.3333333333333333,4
500_days_with_summer,https://www.reddit.com/r/movies/comments/ol7bn1/many_people_missed_the_point_of_500_days_of/,2023-05-14 15:11:14,mariller_,"I dont understand that point at all - I dont want a relationship, you are not my boyfriend - I just want to f*** you and be with you all the time, make you love me and then dump you. how is this not selfish?",25,2,207,45,0.375,0.8,4
500_days_with_summer,https://www.reddit.com/r/movies/comments/ol7bn1/many_people_missed_the_point_of_500_days_of/,2023-09-19 18:57:46,_Atlas_Drugged_,"It is selfish--but the motivation mitigates that somewhat. I think Summer absolutely loves Tom, but at the beginning of the movie they make a point of illustrating that Summer has a really jaded view of relationships after watching her parents divorce. Essentially, in her mind (and in the mind of Summers everywhere) once they acknowledge that they've fallen in love, that's when the real life part starts and that's when things fall apart (Like the ending of the Graduate). 

That's why she cries while they’re at the theater and dumps him after. She has realized that the fun beginning stages of falling in love have come and gone, and to continue dating Tom is to sign up for the real thing. The only example of the real thing she's ever seen up close was the resentment and tragedy of her parent's divorce, so she assumes the same thing would happen to them and dumps him. 

Also, its why I don't read Summer quickly getting engaged later as a criticism of Tom or their relationship. Its more likely that she realized that she fucked up with Tom, and overcorrected to avoid making the same mistake with the guy she's dating (and engaged to) now.",29,3,1150,203,0.14901960784313728,0.45,4
500_days_with_summer,https://www.reddit.com/r/movies/comments/ol7bn1/many_people_missed_the_point_of_500_days_of/,2023-10-01 03:49:07,Significant_Flow_26,"I just rewatched this movie for the first time since it came out and quickly realized that the plot was exactly like the “relationship” that imploded in my face just two days before the rewatch. I identified heavily with Tom (to an extent) and it was difficult to watch him make all the same mistakes that I JUST had..hanging on their every word hoping for a secret meaning, living in anxiety worrying the person would freak out and run away, always accepting less than what you think you deserve, always on the sidelines waiting to be picked..

I think your summary was spot on (maybe I’m biased). I think Summer did love Tom, she just wasn’t ready to face the reality of what that truly meant. Instead of cutting him loose when she knew she would never be able to meet him on his level, she kept him around because he made her feel good. Eventually she grew to resent him because she knew she wasn’t being fair and instead of being honest with him, she kept him around for the attention until it became too much.  

Overall, it sucked to watch this play out and I’m still processing the end of my failed fling, but I guess the ending gives me hope that someday soon the next one will come along and fuck up my life all over again",15,4,1231,230,0.0594871794871795,0.4834615384615385,4
500_days_with_summer,https://www.reddit.com/r/movies/comments/ol7bn1/many_people_missed_the_point_of_500_days_of/,2024-04-01 13:05:00,Indiana_harris,"Very late to the party but I totally agree with Summer basically seeing a “real” relationship as simply a vehicle for pain and divorce because of her parents.

So she rejects it and implodes her and Toms “casual” fun.

Which I think is very much an immature, teenage reaction to the situation but a very effective way of showing that despite her being an adult in her mid 20’s she still has far to go in maturing and recognising her misconceptions about love/serious relationships.

I think she overcorrected with the next guy, hence why she goes from meeting to dating to engaged in what appears to be only a few months. It’s another unhealthy attempt to “control” the relationship dynamic.

I think realistically she’d get maybe 2-3 years into her marriage before finally addressing the issues she has with everyday life/husband and sabotage the whole thing again, this time breaking up her marriage in a painful messy way and vindicating her belief that all relationships inevitably end like her parents.

Without self awareness later on I don’t think she’d ever realise just how skewed her perceptions on that side actually are.",9,4,1132,191,-0.026000000000000006,0.4872190476190476,4
500_days_with_summer,https://www.reddit.com/r/movies/comments/ol7bn1/many_people_missed_the_point_of_500_days_of/,2021-07-16 14:04:25,Borsolino6969,"They aren’t both WRONG, they are both HUMAN.",26,2,44,8,-0.25,0.5,4
500_days_with_summer,https://www.reddit.com/r/movies/comments/ol7bn1/many_people_missed_the_point_of_500_days_of/,2021-07-16 22:27:40,evergrotto,"Humans are frequently wrong, as are Summer and Tom in the movie.",28,3,64,12,-0.5,0.9,4
500_days_with_summer,https://www.reddit.com/r/movies/comments/ol7bn1/many_people_missed_the_point_of_500_days_of/,2021-07-16 09:00:58,FuckYeahPhotography,"I agree. I side with neither Summer nor Jordan-Goodwin- Leviathan. They are both a mess, and nobody would take off someone's headphones and go ""ooohh The Smiths,"" like what, personal space lady. I don't care how adorable those bangs are. That is weird bro.

I really like the song by Hall &amp; Oats. In my mind that entire dance scene wasn't in his head and actually happened. I mean how neat would that be?",54,2,408,74,-0.0359375,0.5109375,4
500_days_with_summer,https://www.reddit.com/r/movies/comments/ol7bn1/many_people_missed_the_point_of_500_days_of/,2021-09-12 06:41:06,[deleted],"This comment cracked me up but coincidentally I studied this scene intently on YouTube today. She never physically removes his headphones, just sorta leans in to get closer listen and makes a comment, which prompts him to take the cans off",17,3,239,41,0.0,0.14285714285714285,4
500_days_with_summer,https://www.reddit.com/r/movies/comments/ol7bn1/many_people_missed_the_point_of_500_days_of/,2022-11-16 18:43:48,Content-Opportunity5,"bruuh this **\[deleted\]** dude must've been ***as high as me rn*** when he was typing this shit

like daaamnn look at the way he sorted the sentences lmaoooo",5,4,158,28,-0.020000000000000004,0.6699999999999999,4
500_days_with_summer,https://www.reddit.com/r/movies/comments/ol7bn1/many_people_missed_the_point_of_500_days_of/,2023-12-16 23:38:02,memuemu,How was Tom obnoxious in the record store? And how do you think he pushed Summer? I didn’t think he really pushed her or that he was obnoxious.,5,2,143,28,0.2,0.2,4
500_days_with_summer,https://www.reddit.com/r/movies/comments/ol7bn1/many_people_missed_the_point_of_500_days_of/,2021-07-16 06:30:13,polloloco81,I like the fact that this movie raises some fun debates when it comes to relationships. Most romcom movies are quite one-dimensional. Im curious what are some other romcoms that are similar to 50- days of summer.,83,1,212,37,0.11500000000000002,0.495,4
500_days_with_summer,https://www.reddit.com/r/movies/comments/ol7bn1/many_people_missed_the_point_of_500_days_of/,2021-07-21 09:24:12,Turok1134,"Love and Other Drugs. Directed by the guy who did Blood Diamond and The Last Samurai, interestingly enough.",8,2,107,18,0.09375,0.3854166666666667,4
500_days_with_summer,https://www.reddit.com/r/movies/comments/ol7bn1/many_people_missed_the_point_of_500_days_of/,2021-07-16 13:40:40,BuckeyeBentley,"One of the best rom-coms I've seen recently is an anime that's on Amazon right now called Wotakoi: Love is Hard for an Otaku. It follows two couples of working adults (rare enough in anime romances to begin with), one of which has been together since high school and the other two are childhood friends who reconnect and decide to try dating. They deal with all those little insecurities of a new relationship and are trying to figure out how they feel about each other. It doesn't do the whole madly in love with someone you barely even know, huge confession in front of the whole school thing that anime normally does.

The animation is kind of mid but don't let it fool you, the story and characters are great imo. [This](https://www.youtube.com/watch?v=Ysm5FVybc1Q) is the review that convinced me to give it a go.",8,2,818,143,0.21680529787672645,0.5034250669964956,4
500_days_with_summer,https://www.reddit.com/r/movies/comments/ol7bn1/many_people_missed_the_point_of_500_days_of/,2021-07-16 05:54:54,russellamcleod,"I think the whole point is that people really don’t behave like the concepts we assign them thanks to the media trying to compartmentalize personalities.

We have to be ready for people to be unpredictable and not let it influence our opinions of our own judgement.

When someone surprises me in a romantic situation I always remind myself that it’s not my job to “figure someone out”. My job is to just be the best me and not take responsibility for other peoples’ actions.",65,1,474,84,0.23425925925925928,0.4972222222222222,4
500_days_with_summer,https://www.reddit.com/r/movies/comments/ol7bn1/many_people_missed_the_point_of_500_days_of/,2021-07-16 11:56:35,BillyCheddarcock,"I do think ultimately I can relate to feeling like Tom does, but that's how I know he's in the wrong at times in this movie. In the end, you just have to accept that, yes, the person you like DOES in fact feel the way you feel about them, about someone else and you just have to accept it. I've been the guy she didn't want before and it sucks but you only end up becoming the asshole by being pissy about it. 

Having said all that, Summer's behaviour goes far beyond the realm of simple FWB or casual relationships. 

The time she's spending, the way she's interacting with Tom be easily construed in that context as being indicative that her initial feelings were changing and that something beyond casual was brewing. They were after all engaged in a romantic entanglement so no one can say Tom was foolish to feel that way regardless of a few sentences said months before about staying casual. 

Also the thing about telling him about the fiancee and all that stuff isn't something I'd be happy about if I was in Tom's position, so I find that to be innapropriate on her part. 

I also find Tom to have been abnormally fixated on romance for a young guy his age and his attempts to force a relationship against the feelings of Summer reeked of desperation. 

But neither character is the asshole overall because people are human.",63,1,1334,243,-0.03425925925925928,0.6078042328042328,4
500_days_with_summer,https://www.reddit.com/r/movies/comments/ol7bn1/many_people_missed_the_point_of_500_days_of/,2023-12-16 23:42:10,memuemu,"I feel like your analysis contradicts itself. I agree that Summer’s actions/behavior clearly went beyond a casual relationship and she said repeatedly she liked him. I think they were very much acting like how people do in a relationship so why do you say he tried to force a relationship against the feelings of Summer? I think she was definitely manipulative with him by acting as if they were in a relationship, even if it was unintentional on her part.",13,2,456,80,0.03333333333333332,0.425,4
500_days_with_summer,https://www.reddit.com/r/movies/comments/ol7bn1/many_people_missed_the_point_of_500_days_of/,2024-04-09 08:41:15,CaregiverShort2172,"Summer is avoidant. Anytime Tom wants to have an important chat about their relationship she pushes it off. Deep down she wants the same things but has been scared from a young age by her parents divorce, and is afraid that it will put her on the path for similar pain.

Tom is blinded by the idea of falling in love instead of exercise a bit of discretion patience. Objectively Summer has given him enough reasons to look elsewhere, but he keeps trying to hang in there hoping it’ll all work out.",16,3,497,92,0.05370370370370372,0.4094907407407407,4
500_days_with_summer,https://www.reddit.com/r/movies/comments/ol7bn1/many_people_missed_the_point_of_500_days_of/,2022-10-07 16:29:11,metamojojojo,"Summer is a sociopath that toyed with him. 
The train, she initiated the interaction.
She invited Tom to her engagement party
She initiated the first kiss
He walked away from her , she came to his place and restarted the relationship 

She broke up with him, and he walked away saying nothing. The dude was patient and calm the whole movie

Summer was married in less time than her and Tom were together. Then she appears at his favorite spot in the city and strikes conversation, 
He clearly doesn’t wanna have ,as he is in the process of moving on with his life. 


Tom did nothing wrong.",61,1,590,107,0.1166666666666667,0.5104166666666666,4
500_days_with_summer,https://www.reddit.com/r/movies/comments/ol7bn1/many_people_missed_the_point_of_500_days_of/,2023-08-05 04:01:21,jose3013,"He was also wrong for romanticizing love and going all in for an emotionally unavailable person. 

That said, it's funny how his big flaw was falling for her that hard lol 

Everything else you said is somehow used to justify both being in the wrong and no one being evil, Summer was an asshole",18,2,294,54,-0.08240740740740742,0.7101851851851851,4
500_days_with_summer,https://www.reddit.com/r/movies/comments/ol7bn1/many_people_missed_the_point_of_500_days_of/,2023-08-26 06:51:55,metamojojojo,"If you can’t romanticize love. What’s the point? Like he may have philosophical quandaries to deal with. But none of them led to him passively mistreating her or pursuing anything but a loving relationship. Summer was all “look at me I’m so quirky idk what I want, and I’m gonna drag you through this with me”. Like the beginning of the movie implies completely she’s a bitch",38,3,375,67,0.18333333333333335,0.5034722222222222,4
500_days_with_summer,https://www.reddit.com/r/movies/comments/ol7bn1/many_people_missed_the_point_of_500_days_of/,2023-03-29 06:58:02,Ok-Recognition-4085,He was not patient and calm the whole movie. The scene in the bar where he literally punches a dude. Not only that in the bar scene he’s literally bashing other women for dressing how they want (big sunglasses and dogs in there purses) and that he doesn’t like tattoos and summer says she wants a butterfly tattoo and he immediately says “no”.,14,2,343,63,0.09583333333333333,0.45416666666666666,4
500_days_with_summer,https://www.reddit.com/r/movies/comments/ol7bn1/many_people_missed_the_point_of_500_days_of/,2023-12-01 13:19:22,Economy_Swordfish169,"I mean people can have opinions, and when they feel safe around someone, they share their opinions with that person, because they don't fear that they would be judged for having opinions, it's human.",28,3,199,34,0.0625,0.4291666666666667,4
500_days_with_summer,https://www.reddit.com/r/movies/comments/ol7bn1/many_people_missed_the_point_of_500_days_of/,2024-08-06 05:52:46,ProfessionSavings792,"That is the most extreme and aggressive interpretation of the movie, as if she did things to hurt him in purpose. She felt sexually attracted for him, but didn't want him so much as a partner, even though she liked to date him and have him around. However she said that to him early on. How that isn't Tom's fault?! She is very much the bold confident person making all the moves, while he is the ""I'm in love"" person.


She then is smart enough to get inside his pants and he always falls for it not with the sex mentality, but with love feelings for her. Their mismatch in my opinion could be summarized as:


She wanted just sex and fun, he wanted sex and love - giving her a chance to change her mind. Was she manipulative to get what she wants? Yes. Like a bold and confident person. Was he stupid for not protecting his boundaries? Yes. Were both characters immature? Absolutely. Was Summer a total asshole and a bitch? That is too much of a strong opinion. She was, at most, manipulative - but isn't that way people do to get laid? They seduce one another? The movie summarizes for me as: don't treat as girlfriend/boyfriend people that don't reciprocate the same feeling. You're very much at risk of overinvesting, because people sometimes just want to have validation, fun and their sexual needs met without building a shared life with you.


I think most people that watch the movie focus too much on feelings and forget the sex as they are both single heterosexual sexually active adults at peak hormones time.",10,2,1521,275,0.2525652841781874,0.5468433179723503,4
500_days_with_summer,https://www.reddit.com/r/movies/comments/ol7bn1/many_people_missed_the_point_of_500_days_of/,2024-09-29 23:44:38,metamojojojo,"Oh please. All of her actions and pursuit of fun and whimsy were at Toms expense fully knowing he wanted a relationship.  Regardless of what her intent was , she hurt him repeatedly and continued the behaviors that caused him pain. 
There is no justification for this. What she wanted was to use Tom for her own fulfillment regardless of what he wanted. 

If this were about Tom doing this to Summer anyone would clearly see this toxic behavior as predatory and exploitative . 

This was an unwinnable situation for Tom as she would be amongst his social circle, coworkers, and attend events he was present and initiate interaction despite not wanting this. The invite to her engagement party without telling him she was even in a relationship, was the event was was most revealing of what type of person she was. And removes all implications of innocence in her actions. 

Blaming Tom for being receptive to her advances as a character flaw is victim blaming, dude ended the relationship and walked away in his most heated moment in the movie ,firmly establishing his boundaries.
And rather than respect those boundaries she reinitiates the friends with benefits relationship while he is under the impression they are now in a committed relationship. 

Summer as a character is the quintessential example of the manic pixie dream girl and why the character archetype died in media after this, and only an echo survived as long as Zooey Deschanel kept it alive in New Girl. With drastically different motivations because of the character Summer .

You’re judging summers character on your distaste in the definitive language I used. Which is irrelevant as I never said she was “a total asshole and bitch” 
You’re making excuses and trivializing her immature and manipulative behavior , they didn’t seduce one another they had one drink and she initiated a physical one in appropriately timed at the workplace ,after asserting previously they were only friends .

No one forgets the sex, as sex was clearly the only thing both parties were on board for. Tom had emotional needs and simmer neglected them and when that became untenable for Tom she pretended to cater to an emotional need to maintain the sexual relationship. Which is wrong . 

Her feelings can never be interpreted because at no point was she clear about her desires and feelings because that’s how sociopaths operate. It’s made clear at the beginning summer had signs of emotional numbness since she was a child. Only hint was “I was sure of the guy I married of what I wasn’t sure of with you” vague and very damaging thing to say to someone who at this point was trying to move on and avoid you.",14,3,2663,458,0.07577861952861954,0.5409772326438993,4
500_days_with_summer,https://www.reddit.com/r/movies/comments/ol7bn1/many_people_missed_the_point_of_500_days_of/,2024-10-03 05:41:39,starlight_glimglum,"Thank you for your comments. It's saddening that people think emotional abuse is fine because sex positivity. Sending mixed signals while trapping someone is a conscious strategy. Pushing when someone doesn't want you, pulling away when they want you, on repeat. People apparently prefer to think sociopaths have to wear suits, and not flowery dresses.",10,4,352,55,0.11333333333333336,0.45,4
500_days_with_summer,https://www.reddit.com/r/movies/comments/ol7bn1/many_people_missed_the_point_of_500_days_of/,2021-07-16 02:31:56,foomy45,"Enjoyable read, thanks for sharing. Haven't watched it since release and didn't love it (I think I was hoping for another Eternal Sunshine) but this makes me want to check it out again.",50,1,185,33,0.39999999999999997,0.4666666666666666,4
500_days_with_summer,https://www.reddit.com/r/movies/comments/ol7bn1/many_people_missed_the_point_of_500_days_of/,2021-07-16 12:36:29,bryanvlo,Did you ever find another Eternal Sunshine?,10,2,43,7,0.0,0.0,4
500_days_with_summer,https://www.reddit.com/r/movies/comments/ol7bn1/many_people_missed_the_point_of_500_days_of/,2021-07-16 12:43:38,foomy45,"Nope, really one of a kind. Closest I can recommend would be the Before trilogy although it's not that similar.",12,3,111,20,0.26666666666666666,0.5,4
500_days_with_summer,https://www.reddit.com/r/movies/comments/ol7bn1/many_people_missed_the_point_of_500_days_of/,2021-12-06 00:46:26,Zekusu,"Synecdoche, New York",3,3,20,3,0.13636363636363635,0.45454545454545453,4
500_days_with_summer,https://www.reddit.com/r/movies/comments/ol7bn1/many_people_missed_the_point_of_500_days_of/,2021-07-16 06:23:24,Eyes_Tee,"Later, when Tom asks her why she danced with him that night, she says ""Because I wanted to."" Which is...kinda really selfish. But it was her stance since she started to notice Tom had feelings. She enjoyed his company and she didn't want it to end, so she'd sent him mixed signals. (As an aside, I think it started when they're on their way to the movies and Tom asks about the nature of their relationship. Summer says something like ""Who cares? I'm having fun, aren't you?"" instead of reiterating that she's not his girlfriend and isn't looking for a relationship.) None of this excuses Tom's overinvestment. I think if Tom had any interest in seeing the relationship for what it was (instead of what he wanted it to be), he could have saved himself a lot of pain. His lack of self-awareness is infuriating, but I think Summer definitely played into it by being too reluctant to let him go.

The only other thing I found objectionable about Summer's behavior is kind of related to that actually. I always hated the way she handled the breakup. Breakups are tough and are even tougher if you, like Summer, still care about the other person and want to be friends. You gotta handle it fairly delicately. But I feel like Summer's unwillingness to let Tom go for good resulted in her being kind of callous in this moment. It should be obvious that you don't go from ""We should stop seeing each other"" to ""These pancakes are delicious. I'm glad we did this"" It felt like somehow Summer imagined that if she kept it light and moved on quickly, Tom  woudn't be affected by it at all. Which is only a conclusion she could have come to if she, like Tom, was imagining him as the person she wanted him to be instead of who he was.",203,1,1722,316,0.07477777777777778,0.6243333333333333,4
500_days_with_summer,https://www.reddit.com/r/movies/comments/ol7bn1/many_people_missed_the_point_of_500_days_of/,2021-07-16 08:43:02,DanceInYourTangles,"Why is this well articulated post being downvoted?

I've noticed that since the backlash to the ""Summer is the villain"" perception that a lot of discourse around this film is people who are unwilling to admit she did anything wrong at all.",75,2,239,42,-0.5,0.9,4
500_days_with_summer,https://www.reddit.com/r/movies/comments/ol7bn1/many_people_missed_the_point_of_500_days_of/,2021-07-16 16:38:19,quivering_manflesh,"Yeah they're perfectly mismatched.  He's too much, she's too little.  He feels too strongly about this, he overthinks every little aspect of it, makes mountains out of mole hills, etc.  Whereas she's very emotionally uncommitted, is happy to do things on a whim, etc.  No one is evil but both people involved were very happy to imprint their expectations on the whole relationship even post breakup without really taking the other person's statements and personality into account.  They heard each other but they didn't really *hear* each other.",62,3,545,88,0.1522222222222223,0.5802222222222222,4
500_days_with_summer,https://www.reddit.com/r/movies/comments/ol7bn1/many_people_missed_the_point_of_500_days_of/,2021-07-16 21:44:14,BestDogPetter,"I've noticed that too. I think there's a weirdly similar discourse around Breaking Bad where some people downplay the faults of of everyone who isn't Walt, especially Mike, Gus, and Skyler. It's like they need an equilibrium of good and bad and if one character is further one way or the other, the other characters need to shift to maintain the balance.",21,3,354,62,-0.11874999999999997,0.5729166666666666,4
500_days_with_summer,https://www.reddit.com/r/movies/comments/ol7bn1/many_people_missed_the_point_of_500_days_of/,2022-04-08 18:30:47,lunardev,"The 100% summer is the villain confirmation is that when she invites Tom to her ""maybe have a party on the rooftop"" she is not wearing an engagement ring.",39,1,154,29,0.0,0.0,4
500_days_with_summer,https://www.reddit.com/r/movies/comments/ol7bn1/many_people_missed_the_point_of_500_days_of/,2023-08-05 03:56:46,jose3013,"The discourse about this movie kinda feels like 2 wrongs make a right. 

Well they were both wrong so no one was evil, nah Tom was an idiot AND Summer was a huge asshole.

You can't just say ""nothing serious"" then completely erase  and ignore all boundaries lol not to mention she even agrees to try and just goes away on a whim 

Then keeps trying to contact Tom despite him being obviously heartbroken and reignites the flame while being close to engaged",16,2,456,83,-0.11640211640211635,0.7113756613756615,4
500_days_with_summer,https://www.reddit.com/r/movies/comments/ol7bn1/many_people_missed_the_point_of_500_days_of/,2021-07-16 03:31:02,iamnowhere92,I think people who see either Tom or Summer as a villain are probably just never in their position. I couldn’t stand the manic pixie girl trope but I completely changed my mind about Summer after reading this. Great analysis!,137,1,225,40,0.55,0.575,4
500_days_with_summer,https://www.reddit.com/r/movies/comments/ol7bn1/many_people_missed_the_point_of_500_days_of/,2021-07-16 05:46:55,whitebandit,"&gt; manic pixie girl

those are my favorite types tbh.... Im much like tom in that ""they dont love *me* man""",20,2,109,21,0.39999999999999997,0.6,4
500_days_with_summer,https://www.reddit.com/r/movies/comments/ol7bn1/many_people_missed_the_point_of_500_days_of/,2021-08-14 05:26:29,Rocketbird,"Usually bc guys like Tom aren’t that fun. 

Source: am a Tom dating a Summer but trying to be more fun and adventurous",8,3,118,23,0.27,0.41,4
500_days_with_summer,https://www.reddit.com/r/movies/comments/ol7bn1/many_people_missed_the_point_of_500_days_of/,2023-08-05 03:44:54,jose3013,"I've been on both positions, and although I wouldn't consider summer a villain, she was definitely an asshole (which is not saying Tom was in the right)",5,3,152,27,0.14285714285714285,0.5178571428571428,4
500_days_with_summer,https://www.reddit.com/r/movies/comments/ol7bn1/many_people_missed_the_point_of_500_days_of/,2021-08-14 05:22:27,Rocketbird,"I can’t believe this was posted 29 days ago because I just rewatched the movie for the first time in like 10 years. 

Your analysis is spot on. 10 years wiser I see this film so much differently than in my early 20s. It’s about two people who weren’t right for each other. This happens a lot in your 20s. The maturity to communicate effectively just isn’t there yet for a lot of people. 

I rewatched it still thinking that Tom had put too much pressure on summer and that she’d been clear all along about what she wanted. But watching it with that perspective in mind I saw all the places she strung him along because she wasn’t sure what she wanted. She knew he was sensitive and frequently disregarded his feelings. 

Thank you for the bit about The Graduate, that’s helpful because that part confused me upon rewatch. I thought it had something to do with her parents’ divorce, but I like your explanation better. 

This whole rewatch experience is a lot less painful now that I’m in a stable relationship with a partner who loves me enough to communicate with me. As a single early 20s guy around when it first came out it was gut wrenching to deal with the shattering of the romantic movie illusion. 

One very interesting takeaway is that it ends on an optimistic note, reinforcing Tom’s belief that true love and the one and all that exist out there. What’s ironic about that to me is the intent of the movie was to contradict that trope, yet the final lesson of the movie is that you still have to believe in cosmic coincidence. Feels like studio meddling to me, to wrap it up and add a cute little “Autumn” joke at the end of it, it feels very sugary sweet compared to the realism of the rest of the film.",38,1,1715,318,0.14617063492063495,0.5426851851851853,4
500_days_with_summer,https://www.reddit.com/r/movies/comments/ol7bn1/many_people_missed_the_point_of_500_days_of/,2023-04-12 01:29:18,[deleted],"I love rewatching movies years later and interpreting then differently - it’s a trip! Happy you’re in a good place now and communication is so huge. It’s such an easy and intuitive thing when it works (there’s compatibility); but if it’s not there, it’s a huge issue.",3,2,267,47,0.3592592592592592,0.6592592592592593,4
500_days_with_summer,https://www.reddit.com/r/movies/comments/ol7bn1/many_people_missed_the_point_of_500_days_of/,2022-08-21 20:11:20,SubmarineTragedy,"Just  watched the movie for the first time and was really surprised when what I saw didn't line up with the ""Tom is a creep"" analysis I'd heard so much. I might even go so far as to say Summer had to know what she was doing was unfair, in light of how clearly Tom's intentions were stated and how obvious he made his feelings toward her. Right up to the end when she, now a married woman, holds Tom's hand on the bench.

I can almost picture her new husband witnessing this and her torturing him with some ""what? I told you when we got married I was still friends with my ex-boyfriends"" thing.",39,1,593,115,0.13100649350649352,0.5422438672438673,4
500_days_with_summer,https://www.reddit.com/r/movies/comments/ol7bn1/many_people_missed_the_point_of_500_days_of/,2023-04-12 01:31:35,[deleted],"She did it cause she felt like it, k? Lol And she always follows her whims.",7,2,75,16,0.8,0.7,4
500_days_with_summer,https://www.reddit.com/r/movies/comments/ol7bn1/many_people_missed_the_point_of_500_days_of/,2022-10-21 06:56:20,PissAndFart,"I just cannot really understand the defending of Summer. Maybe she made it clear she wanted to only be friends, but she kept coming back. Telling him she liked him, going on dates, bringing him into her house, and telling him things, ""I've never told anyone before."" I cannot stand to read that he was actually the bad guy, naive maybe, but the bad guy? Summer danced with him when she was getting married, when she was engaged. How can that be justified as not dragging him along and giving him hope? She knew how he felt, and instead of just relaying her true emotions, she consistently left him guessing and pulling him in and pushing him out. I feel like everyone kind of chalks up anger toward her as ""weak angry men,"" and I think that is among the shittiest and weakest arguments that anyone could come up with. Regardless, I hate Summer Fin. She should have just left him alone the day after that argument when he said they were a couple.",38,1,945,174,-0.08289473684210524,0.5390350877192983,4
500_days_with_summer,https://www.reddit.com/r/movies/comments/ol7bn1/many_people_missed_the_point_of_500_days_of/,2024-04-18 00:21:48,moishepesach,U rule 🪨 🎸 🤘,2,2,12,5,0.0,0.0,4
500_days_with_summer,https://www.reddit.com/r/movies/comments/ol7bn1/many_people_missed_the_point_of_500_days_of/,2021-07-16 05:08:05,Josefstalion,"Great write-up, in the end they're both just flawed humans, neither of them are the villain, they're just people trying to be happy",32,1,131,23,0.3666666666666667,0.75,4
500_days_with_summer,https://www.reddit.com/r/movies/comments/ol7bn1/many_people_missed_the_point_of_500_days_of/,2021-07-21 09:32:48,Turok1134,"&gt;Rather, Summer *didn't know* what she wanted, because she didn't know what love is supposed to really feel like – i.e. *the exact same emotional conflict that defines Tom's character arc*. We're even given explicit analogs for these parallel conflicts in how *both* characters take their cues from movies.  Tom obviously has the famous Disney musical scene after he just had sex.  But Summer also has a moment like this.  Her decision to take the plunge and breakup with Tom is triggered by seeing the end of *The Graduate*, watching the protagonists in *that* movie &gt;!come to the awkward, disconcerting realization that what was passionate, romantic fun just moments ago is now just charmless, cold reality!&lt;.

Wow, I especially loved this bit. I never quite honed into this bit about how their ideas of love were shaped by media like you did, but I've also questioned the predominant interpretation(s) of this movie because nobody ever felt overwhelmingly to blame. 

They just felt incompatible to me but in the end, I still got the vibe that Summer cared for Tom deeply. Just not ""love of my life"" deeply.",30,1,1119,187,0.11190476190476188,0.5654761904761905,4
500_days_with_summer,https://www.reddit.com/r/movies/comments/ol7bn1/many_people_missed_the_point_of_500_days_of/,2022-08-25 09:53:27,weirdogirl144,"Exactly I actually do like summer but she was a major hypocrite. At the very beginning she is like I hate relationships since they are messy and she doesn’t believe love is real and doesn’t want to be someone’s thing. But then she goes ahead and starts kissing Tom, flirting with him, touching him, acting like they were a couple and didn’t even tell him until later that she just wants a casual relationship",27,1,408,74,0.013541666666666655,0.38055555555555554,4
500_days_with_summer,https://www.reddit.com/r/movies/comments/ol7bn1/many_people_missed_the_point_of_500_days_of/,2021-07-16 06:39:20,DoomGoober,"Let's not forget who the real villain is: Minka Kelly as Autumn. She only has a short scene at the end but she's pivotal as the typical rebound dater who leads Tom on despite her obvious lack of interest in him.

Just kidding. She only had like one line on the entire film and I think she just says her name.",25,1,308,61,0.06666666666666667,0.628125,4
500_days_with_summer,https://www.reddit.com/r/movies/comments/ol7bn1/many_people_missed_the_point_of_500_days_of/,2022-04-18 05:43:58,No-Stranger-7383,"Really great analysis on the movie and I agree. Relationships are both messy and an ever changing thing. Often during breakups, one person is caught off guard. While the points against Tom’s character are valid, that is just his love language. I also don’t see the stalker vibe that some ppl say he is giving off. He’s trying to get her attention with music in one scene, and talks to his best friends and sister about her a few times, after the “breakup” he emails her once and is hopeful for a reconciliation. If that is stalking, I think half of the world is guilty of stalking at some point in their lives. IMO there is no right or wrong person in this relationship story. 

Also, Summer invests pretty heavily in Tom and sends mixed signals, as I believe she is somewhat confused about what she wants to an extent. For Tom, It would be hard to not be confused if a girl is telling you she wants to be friends while she is a foot away from your face, only for her to start making out with you the next day. Also, how many actual relationships start as just friends and bloom into something real and lasting? I would say a solid chunk of them, so it’s not like Tom is that crazy.",19,1,1182,224,0.0019523809523809587,0.46176190476190476,4
500_days_with_summer,https://www.reddit.com/r/movies/comments/ol7bn1/many_people_missed_the_point_of_500_days_of/,2023-08-16 22:09:45,Avalanche_1996,A one year later I so agree. We've all been there.,4,2,50,11,0.0,0.0,4
500_days_with_summer,https://www.reddit.com/r/movies/comments/ol7bn1/many_people_missed_the_point_of_500_days_of/,2022-09-03 20:20:27,Laura_has_Secrets77,"After reading this, her behavior kinda makes me think of Scarlet Johanson's character's behavior in *He's Just Not That Into You* where she keeps going back and forth with a guy she doesn't really like but uses him for validation when she keeps getting rejected by the married guy. Or Carrie's behavior with Big while with Aiden on and off. What if Summer was seeing her fiance the whole time? 

  
Of course, her side of the story was never really written in, which leaves a cruel story for both her *and* Tom, since he's made to look like a crazy fool when establishing basic boundaries, and she also just doesn't get to have a perspective on her own experience, but it would be really interesting (and telling) to see that she's being treated the same way by the fiance guy (before getting engaged) the way she's treating Tom, and thus reacting the same way Tom does to her, to the fiance guy. I've seen that A LOT irl, fucking sucks but hey it's provided a lot of compassion/wisdom.",23,1,986,178,-0.017857142857142846,0.3732142857142858,4
500_days_with_summer,https://www.reddit.com/r/movies/comments/ol7bn1/many_people_missed_the_point_of_500_days_of/,2024-02-11 14:33:25,TylusChosen,This is the most realistic commentary. IRL has lot of these examples.,6,2,69,12,0.3333333333333333,0.41666666666666663,4
500_days_with_summer,https://www.reddit.com/r/movies/comments/ol7bn1/many_people_missed_the_point_of_500_days_of/,2024-02-11 18:45:51,Laura_has_Secrets77,"I mean, for all I know, it really could have been her just being on the avoidant side. But looking back, I do kind of like that you don't see her side of things, because Tom's story is our story, and the point isn't to know why Summer (or our real life Summer examples) had this back and forth behavior, but what we can do on our end to navigate this (or just end things and walk away because it's a terrible experience).",4,3,421,83,-0.044642857142857144,0.4410714285714286,4
500_days_with_summer,https://www.reddit.com/r/movies/comments/ol7bn1/many_people_missed_the_point_of_500_days_of/,2021-07-16 17:45:09,Yetiius,I HATE THIS SONG!!,17,1,18,4,-1.0,0.9,4
500_days_with_summer,https://www.reddit.com/r/movies/comments/ol7bn1/many_people_missed_the_point_of_500_days_of/,2021-07-16 10:00:35,purplewhiteblack,Great movie. Surely a movie to watch every 7 or so years to see how you see it differently.,11,1,91,19,0.43333333333333335,0.7462962962962963,4
500_days_with_summer,https://www.reddit.com/r/movies/comments/ol7bn1/many_people_missed_the_point_of_500_days_of/,2022-12-10 06:29:08,GSDGIRL66,"My problem isn’t so much Tom and Summer- Although I found her insufferable, because she KNEW he really was into her, and she let him pursue her for her own ego multiple times. “But she told him…” Right. If the genders were reversed, Tom would be every fuck boy the movie chastises, when he realizes how “empty” his life really is and how he lost the best woman he could ever hope to have- he’d finally pursue HER and she’d get the triumphant “it’s just not good enough/I’m not a consolation prize”. He wouldn’t get the happy marriage ending; that’s for sure. He’d be *punished* for stringing along the quirky good-hearted heroine. 

But no: my REAL problem is the stereotypical “wise beyond her years” wisecracking 6th grader. Total hack trope and beyond ridiculous. Has anyone actually MET a girl that age, dispensing wry bon mots like Dorothy fucking Parker? Because I certainly haven’t. An older sister? Sure. That I would believe. But not some prepubescent sage.",12,1,966,166,0.13680555555555557,0.6111772486772488,4
500_days_with_summer,https://www.reddit.com/r/movies/comments/ol7bn1/many_people_missed_the_point_of_500_days_of/,2024-07-01 10:49:10,WhenIGetMyTurn,I know this is a year old but fucking hell i am so glad someone mentions it. The kid was annoying as fuck,8,2,105,23,-0.24000000000000005,0.7,4
500_days_with_summer,https://www.reddit.com/r/movies/comments/ol7bn1/many_people_missed_the_point_of_500_days_of/,2024-04-18 00:17:44,moishepesach,💯,2,2,1,1,0.0,0.0,4
500_days_with_summer,https://www.reddit.com/r/movies/comments/ol7bn1/many_people_missed_the_point_of_500_days_of/,2021-07-16 12:18:26,RoyHarper88,All this is doing is making me want to watch this movie again,10,1,61,13,0.0,0.0,4
500_days_with_summer,https://www.reddit.com/r/movies/comments/ol7bn1/many_people_missed_the_point_of_500_days_of/,2021-07-16 14:25:14,fabrar,"Great write-up! You really articulated why I love this movie. At the end of the day, neither Tom nor Summer are right or wrong. They just see the world differently and have differing perspectives on love and romance. This is a movie that works really well on rewatches at different points in your life. I watched it for the first time in university and I was pretty much completely on Tom's side. But watching it many years later again, after I had gotten married, allowed me to understand Summer's viewpoint on their relationship as well.",10,1,539,95,0.23571428571428574,0.4979365079365079,4
500_days_with_summer,https://www.reddit.com/r/movies/comments/ol7bn1/many_people_missed_the_point_of_500_days_of/,2022-02-11 21:50:54,[deleted],"She led him on for over a year. Also, “romance” doesn’t win; we have no idea if it works out between him and Autumn.",10,1,116,24,0.8,0.4,4
500_days_with_summer,https://www.reddit.com/r/movies/comments/ol7bn1/many_people_missed_the_point_of_500_days_of/,2021-07-16 18:11:01,nowhereman136,I believe Tom is an unreliable narrator and what we see happen isn't necessarily what really happens. We see things how he is telling them. Several scenes are played differently based on how he's feeling remembering them.,11,1,221,37,0.05,0.44999999999999996,4
500_days_with_summer,https://www.reddit.com/r/movies/comments/ol7bn1/many_people_missed_the_point_of_500_days_of/,2021-07-19 02:32:36,NewZookeepergame4160,"I LOVE that scene that shows  2 different scenarios. One of which really happens, and the one that he desires. 
I need to watch this again. I saw it when it played in the theater and I may look at it from a different POV.",7,2,221,45,0.175,0.5,4
500_days_with_summer,https://www.reddit.com/r/movies/comments/ol7bn1/many_people_missed_the_point_of_500_days_of/,2021-07-19 14:02:44,nowhereman136,The Ikea and record store scenes are shown twice and are different because Tom remembers it differently the second time,5,3,119,20,0.0,0.39999999999999997,4
500_days_with_summer,https://www.reddit.com/r/movies/comments/ol7bn1/many_people_missed_the_point_of_500_days_of/,2021-12-09 02:09:18,[deleted],is it him remembering differently? I thought they just went multiple times. Those places seemed like date spots they frequented and over time Summer's energy changed.,3,4,166,26,0.0,0.3,4
500_days_with_summer,https://www.reddit.com/r/movies/comments/ol7bn1/many_people_missed_the_point_of_500_days_of/,2022-08-28 00:39:19,IlxZ,"So greatful I came across this. After watching the film I wanted to see what peoples takes were and all I could find was childish (I felt) anti-Tom/pro-Summer views simply riding on the back of ""well she said she didnt want a relationship at the start"". I didn't feel it was enough to lay the 'blame' on one individual, it was more complex than that for sure! Glad I found someone with a similar view, you quite literally wrote everything I thought... I had almost lost even more faith in humanity.",10,1,498,91,0.14772727272727273,0.5223665223665225,4
500_days_with_summer,https://www.reddit.com/r/movies/comments/ol7bn1/many_people_missed_the_point_of_500_days_of/,2021-07-16 04:27:47,flatwhiteafficionado,"Thank you for posting this! I totally agree with pretty much everything said here. I stand firmly by actions speaking louder than words, and Summer was definitely contradicting herself!",14,1,185,29,0.05,0.5700000000000001,4
500_days_with_summer,https://www.reddit.com/r/movies/comments/ol7bn1/many_people_missed_the_point_of_500_days_of/,2021-07-16 05:08:53,[deleted],"Agreed! That’s the exactly moment in the film that I no longer “side” with her. 

I don’t think either one of them are a villain, they’re just complex, sometimes selfish people who weren’t right for each other.",15,1,210,37,-0.07785714285714287,0.5121428571428571,4
500_days_with_summer,https://www.reddit.com/r/movies/comments/ol7bn1/many_people_missed_the_point_of_500_days_of/,2021-07-16 03:03:37,AntiochGhost8100,Nicely done. This is my kind of post.,23,1,37,8,0.6,0.95,4
500_days_with_summer,https://www.reddit.com/r/movies/comments/ol7bn1/many_people_missed_the_point_of_500_days_of/,2023-09-01 18:13:55,SongRight1835,"of all the reviews and analyses i read about the movie, none of them mentioned Summer's shortcomings as a friend, and how &gt;!the whole idea of staying friends was one-sided, forced, and selfish that ignored the boundaries Tom stated midway in their relationship and him obviously not being content about the situation.!&lt; i get behind the idea that Summer is no villain, she was just a young woman figuring out things, but there are two sides to this coin, with the very real letdown on the other side that Tom experienced",8,1,526,91,0.0038888888888888922,0.5405555555555556,4
500_days_with_summer,https://www.reddit.com/r/movies/comments/ol7bn1/many_people_missed_the_point_of_500_days_of/,2021-07-16 04:49:49,vman_isyourhero,There is no villain. You are suppose to feel like Tom. You are suppose to go through all of his emotion in a non-linear fashion. Towards the end you are suppose to completely understand why it happened. Think about why the director added the quote about the movie not being about something real but then refer to the woman mentioned as a bitch.,12,1,344,63,0.15000000000000002,0.35000000000000003,4
500_days_with_summer,https://www.reddit.com/r/movies/comments/ol7bn1/many_people_missed_the_point_of_500_days_of/,2021-08-14 05:34:23,Rocketbird,"I hope they really did end up as friends and him calling her a bitch was tongue in cheek!!

Found this from an article:
&gt;	Before (500) Days of Summer came out, Neustadter had to have an awkward conversation with his ex, with whom he wasn’t on speaking terms. Beckman said she identified more with Tom than with Summer.",4,2,321,59,0.07083333333333335,0.5666666666666667,4
500_days_with_summer,https://www.reddit.com/r/movies/comments/ol7bn1/many_people_missed_the_point_of_500_days_of/,2021-07-16 15:27:48,Rough-Button5458,"I agree with everything except the movie showing Tom was right. It was very vague and open ended, much like the graduate. We don’t know who summer married. He’s never shown, just like the man the daughter was going to marry in the graduate. Could it have been true love?  Sure. It could have also been the first guy she ever fell in love with despite being a full grown woman rushing into marriage.",6,1,398,74,0.23051948051948054,0.5234487734487734,4
500_days_with_summer,https://www.reddit.com/r/movies/comments/ol7bn1/many_people_missed_the_point_of_500_days_of/,2024-03-10 02:59:02,SaraElainex,It’s a sucky feeling when a person says they want nothing serious but it is really just not serious with you. I feel for Tom on that. She did say she wasn’t wanting anything serious and I understand that but when it’s more than just sleeping around with each other it’s hard. She made things more memorable when he didn’t even try. I’m sure that’s what she found in another person. It’s just sad though. I relate to him when it comes to falling in love but the other person doesn’t want that back.,6,1,497,94,0.08273809523809525,0.5700396825396824,4
500_days_with_summer,https://www.reddit.com/r/movies/comments/ol7bn1/many_people_missed_the_point_of_500_days_of/,2023-01-27 07:23:15,NeutralGeneric,"Thank you. The first time I saw this movie was with a GF who had already seen the movie. After it was done she launched into the whole Tom is the villain spiel that she must have read on tumblr. It was infuriating for the reasons you mentioned. 

People use her line about not wanting anything serious as a get out of jail free card. Her actions don’t match her words though and she shouldn’t have continued to pursue him after he made it clear that he wanted something serious or else to just end it. They both kinda suck, but it’s also understandable. Young people don’t know what they want yet and they will desperately try to make relationships work that are obviously doomed.",6,1,680,125,-0.08333333333333331,0.5409090909090909,4
500_days_with_summer,https://www.reddit.com/r/movies/comments/ol7bn1/many_people_missed_the_point_of_500_days_of/,2021-07-17 02:36:32,SpaceMyopia,"Yeah, I never bought that Summer was absent of any wrongdoing.

They both fucked up in their own ways. It just affected Tom worse than it did Summer. 

Tom got invested in someone way too quickly and ignored Summer when she said she only wanted friendship. However it's basically clear that he's in the wrong and even JGL acknowledges it.

However Summer should have been able to see that any contact with Tom was clearly hurting him. He's still at fault, but come on....set harsher boundaries, Summer.

I get that they were friends with benefits, but at some point you need to be able to recognize when something is healthy or not.

Summer should have firmly pulled herself away when realizing how serious Tom felt about her. 

I also don't buy that she'd marry someone so quickly right after leaving Tom. Sure it happens, but it just feels...rushed. 

I understand that it needed to happen in order for it to hit home for Tom but it just felt a bit extreme.

It would have been better for Summer to simply set boundaries and then eventually have to put harsh limits with Tom; seeing him react to that would have made for a more interesting movie.

It felt cliched having her eventually find somebody. It would have been refreshing having Summer just be aromantic.",8,1,1265,223,0.13912337662337662,0.6484126984126984,4
500_days_with_summer,https://www.reddit.com/r/movies/comments/ol7bn1/many_people_missed_the_point_of_500_days_of/,2021-07-16 09:23:34,[deleted],No offense but... I thought this was obvious. Summer very clearly invests in the relationship.,11,1,94,15,0.06500000000000002,0.49916666666666665,4
500_days_with_summer,https://www.reddit.com/r/movies/comments/ol7bn1/many_people_missed_the_point_of_500_days_of/,2021-07-16 15:22:12,Mandonation,"damn, Ive never seen such a detailed breakdown for (500) Days of Summer. I love you it!",3,1,87,17,0.3416666666666666,0.6166666666666667,4
500_days_with_summer,https://www.reddit.com/r/movies/comments/ol7bn1/many_people_missed_the_point_of_500_days_of/,2022-11-16 23:07:02,Content-Opportunity5,"Hello,  
first of all I'd like to apologize for my bad writing. I am intoxicated at the moment.  
Ok I don't know how to say it buy just hear me out for a moment.  
I fucking HATE the original ending of the movie. I just can't watch it, I've watched the movie like 20 minutes ago but I can't look at it cause it makes me sick. Look,  
I've been in a relationship for almost 6 years. It would've been 6 years on the 12th of November. We've been living in different cities for a year because we were studying at different universities. After catching the 2.5h train to her city and buying her anniversary presents worth like 200$, which in my country is a lot, I found out by accident that she was fucking another guy and texting him. I started packing my stuff and I ordered an Uber and that's when she realised something is wrong. That's when I confronted her and I just.. broke her. She just begged me to forgive her and she cried down on her knees. Deep in my mind I felt sad because of how she reacted. She tried to hug me and grasp me as if not to let me leave. Deep in my mind I wanted to do the same. It was such a painful view that I was experiencing, yet I stood there unfazed and quickly left to the train station. I felt nothing. There are no words that could possibly describe what I felt at that very moment but that's when I realised... that she broke me. She threw my heart into a blender and turned the switch on. When I noticed that I was the only passenger in my carriage I just lost it. I started crying like mad and I fucking lost it even more. Only then it went through my mind that I've lost the person I loved, the person I wanted to marry, the person I wanted to have a family with in the future. It also broke my view of love which was very similar to the main character Tom.  
Watching the movie, I realised that Tom is literally me. Like not literally me in a meme way but really. We had the same view of love. A love which we earn for ourselves throughout existence in order to fill it's absurdism. I thought of that love as my ex-girlfriend. And that thought just shattered as I was sitting in my seat listening to the sounds that the train was making. Those sounds had a purpose to exist in fulfilling me with beautiful calming sounds of railway commute yet my purpose of existence - my love - left me after 6 years and was deep hidden in the Mariana Trench of my consciousness. Right now my life is similar to Tom's life when he was lying all day in bed and drinking. I only get out of my apartment when I have to but I don't drink - I smoke weed.  
In my opinion the perfect ending would be without the final scene with Autumn. It should've been cut right before that, during the reunion in Tom's favourite place. I was OK emotionally during the whole movie but that scene... it fucking drained all of the pain out of me by me bawling my eyes out. And of course it's temporary because you can't get rid of the pain. It always comes back. I felt one with Tom in this scene. I believe I truly understood what truly stands behind his character, truly knew what he was thinking of.  
And then they went on with the scene with Autumn Summer-wannabee and I found it cliche.  
It was too far-fetched for my taste. But before that it was perfect.",4,1,3269,634,0.0562783446712018,0.5906986961451247,4
500_days_with_summer,https://www.reddit.com/r/movies/comments/ol7bn1/many_people_missed_the_point_of_500_days_of/,2024-04-18 00:21:13,moishepesach,Hope things are sunnier and the weed is good 👍 🌞,3,2,48,11,0.7,0.6000000000000001,4
500_days_with_summer,https://www.reddit.com/r/movies/comments/ol7bn1/many_people_missed_the_point_of_500_days_of/,2023-03-14 07:04:06,[deleted],"I've loved this film since I first watched it about 12 years ago. At first, I thought Summer was such an evil. The second time I watched it was last year, and I thought it was unfair for Tom, but Summer did what her heart wanted. Good on ya, Summer! 

This year, however, my life turned upside down as I'm in Tom's position. I was in a year long situationship with a guy who at first didn't want to put any label as he just got separated from his partner. Things developed, and he showed signs of seriousness and led me into believing that he wanted something more serious. He said he saw a future with me. However, he kept saying that he still wasn't ready. I stuck around, and at the same time he'd been talking to his old colleague. Fast forward to half a year later, things became more hopeful for me, but at the same time I knew this other woman has always been in the background. No matter how much he told me that it's platonic, I refused to believe it. And then... The most dreaded day came... This other woman decided to come all the way to UK (from Japan) and my situationship guy was really looking forward to it and she stayed with him for a month. During this time, I went through the utmost pain. Never in my life I experienced such pain. I was left wondering, and I had to go through the craziest emotional roller coaster. Yesterday, I finally met the guy properly for the first time after 2.5 months, and 1 month after that woman left. After confronting him, he finally admitted that they're now a couple. He decided to get into a relationship with this woman within a few weeks after telling me how important I was and how much he cared for me, and that he wanted another chance after that woman left. I'm in so much pain and I'm grieving, but I just don't know how to deal with it.

Now, I'm just like Tom. Will I ever trust another man? Was I wrong into thinking that we had a future? Will I ever meet my Autumn?

Funny how when life imitates art...",4,1,1968,376,0.08194444444444443,0.4157004830917873,4
500_days_with_summer,https://www.reddit.com/r/movies/comments/ol7bn1/many_people_missed_the_point_of_500_days_of/,2023-09-03 15:00:09,EreMaSe,I know it's been 5 months but I'm rooting for you,5,2,49,11,0.0,0.0,2
500_days_with_summer,https://www.reddit.com/r/movies/comments/ol7bn1/many_people_missed_the_point_of_500_days_of/,2023-08-17 01:47:42,awesome-sauce34,"I know this post is two years old but good write up. However, I would argue that the whole movie is easily defined by one short interaction towards the beginning. When they go to karaoke, Tom and his friend ask Summer why she's single. She says in so many words she doesn't believe in love and its a fantasy. Tom says ""you know it when you feel it"", obviously about Summer. To me that moment sums up the entire relationship. He was enamored immediately and ultimately she never felt the same way. Until she did but it was for someone else.",4,1,539,101,0.19682539682539682,0.491468253968254,4
500_days_with_summer,https://www.reddit.com/r/movies/comments/ol7bn1/many_people_missed_the_point_of_500_days_of/,2024-04-01 20:26:13,giveyouralfordme,"Well said. I like how you pointed out that the wedding thing was a completely insensitive move on Summer's part but that doesn't make her a horrible person. One thing that you learn while growing up is that some of the things that make people very attractive do not make for good long-term companionship. Her justification of ""because I wanted to"" made her seem cold-hearted, but it also the opposite side of the coin of the free-spiritedness that made her so attractive to begin with.",5,1,485,85,0.26666666666666666,0.6666666666666666,4
500_days_with_summer,https://www.reddit.com/r/movies/comments/ol7bn1/many_people_missed_the_point_of_500_days_of/,2021-07-16 06:46:28,GMane2G,You’re a good writer. Thanks for the read,7,1,41,8,0.44999999999999996,0.4,4
500_days_with_summer,https://www.reddit.com/r/movies/comments/ol7bn1/many_people_missed_the_point_of_500_days_of/,2021-07-16 03:38:07,North-Tumbleweed-512,Great analysis. As a dude I just took the lesson to listen to what women are actually saying and stop projecting romantic ideals on the fictional versions of them. That's was enough for the one viewing for me.,9,1,209,38,0.16,0.42000000000000004,4
500_days_with_summer,https://www.reddit.com/r/movies/comments/ol7bn1/many_people_missed_the_point_of_500_days_of/,2021-07-16 03:48:18,[deleted],This was a great write-up dude.,7,1,31,6,0.8,0.75,4
500_days_with_summer,https://www.reddit.com/r/movies/comments/ol7bn1/many_people_missed_the_point_of_500_days_of/,2021-07-16 11:57:40,murphykills,"everything you said is true, but i do think it's appropriate to focus on tom, because the movie follows him. he is our portal to the movie, all the other characters are just forces in his life.  
so while summer does act somewhat inappropriately, it doesn't really matter. the story is about the struggle between expectation and reality, and how we often trick ourselves when we want something badly enough. some people are just like summer, afraid to let go of their back-up partner and the emotional satisfaction they provide. that's a real thing that he had to learn about, and he did. sometimes people string you along and you have to learn how to see it, let go of those expectations and just take control of your life.  
neither of them are bad, it's just an unfortunate situation that happens all the time, so they made a movie about it.",3,1,844,151,-0.06749999999999998,0.5741666666666666,4
500_days_with_summer,https://www.reddit.com/r/movies/comments/ol7bn1/many_people_missed_the_point_of_500_days_of/,2021-07-17 01:27:45,Malachorn,"The great shame really is just how Hollywood has conditioned us to try and view anyone that doesn't fall in love with someone else as a villian.

They are both young idiots trying to figure shit out.  That's how it is.  Simple as that.

(500) Days and Marriage Story are two of my favorite Hollywood Love Stories.

Huge bonus points to (500) Days for insanely great soundtrack too.",3,1,381,68,0.2545454545454545,0.6506493506493506,4
500_days_with_summer,https://www.reddit.com/r/movies/comments/ol7bn1/many_people_missed_the_point_of_500_days_of/,2024-10-03 05:56:52,starlight_glimglum,It's sad hookup culture conditioned people to think intentionally hurting people for years is sexual freedom,2,2,108,16,0.0,0.9166666666666667,4
500_days_with_summer,https://www.reddit.com/r/movies/comments/ol7bn1/many_people_missed_the_point_of_500_days_of/,2023-07-22 01:47:04,mohamedyass,"Summer, she is a bad witch.",3,1,27,6,-0.6999999999999998,0.6666666666666666,4
500_days_with_summer,https://www.reddit.com/r/movies/comments/ol7bn1/many_people_missed_the_point_of_500_days_of/,2023-08-08 20:01:28,purplenelly,"I think people misinterpret it as saying the movie is about deconstructing the idealized romance of ""the one"". In reality at the end we're left thinking that everything he did was fine and could have worked if it was with ""the one"" but it wasn't Summer for him.

And Summer wasn't actually opposed to finding something serious, so he was actually correct to think that Summer would want something serious if she met the right person, because it did happen to her, pretty much around the same time as she was in his life.

We could even conclude that the whole point is just that Summer was out of his league. She looked down on him for not being ambitious, and her new guy seemed much richer given the size of her ring. He meets a new pretty woman once he tries to be an architect.

So really that movie is just a bunch of nothing, it's just like some relationships work and some don't work.",3,1,891,166,0.08436242120452646,0.4232646008961798,4
500_days_with_summer,https://www.reddit.com/r/movies/comments/ol7bn1/many_people_missed_the_point_of_500_days_of/,2024-01-17 20:56:23,Ok-Ride-9543,"Surprised that no one talks about the movie trying to make us think that she is pregnant at the end of the movie, by always hiding the rest of her body and revealing it at the end of the interaction. I feel like there is hope for Tom &amp; her... Damn, I am 28, but this movie will make me sad for the next 3 days. 🥹",3,1,316,67,-0.016666666666666663,0.6,4
500_days_with_summer,https://www.reddit.com/r/movies/comments/ol7bn1/many_people_missed_the_point_of_500_days_of/,2024-05-01 04:30:30,batmax555,"Tom was too focused on being in a relationship and didnt let her develop feelings. She gave him many chances but wasnt even aware of it. It has to be her idea, she has to pursue him, not the opposite. She was very into him and he slowly became a bit needy, jealous and became less playful and it put a stress on her to feel more than she was ready to feel, but probably would have become over time.  Werent we almost all guilty of this at some time with someone we really liked to a point where we chased them away from our lives… this movie is amazing for that, its a great lesson i find",3,1,588,118,0.22361111111111112,0.49722222222222223,4
500_days_with_summer,https://www.reddit.com/r/movies/comments/ol7bn1/many_people_missed_the_point_of_500_days_of/,2021-07-16 05:26:00,ReservoirDog316,It’s been forever since I saw it but this is actually a great counterpoint.,2,1,75,14,0.8,0.75,4
500_days_with_summer,https://www.reddit.com/r/movies/comments/ol7bn1/many_people_missed_the_point_of_500_days_of/,2021-07-16 13:03:54,milkinhisveins,I don’t think either of them of were wrong. Man this movie destroys me,2,1,70,14,-0.5,0.9,4
500_days_with_summer,https://www.reddit.com/r/movies/comments/ol7bn1/many_people_missed_the_point_of_500_days_of/,2021-07-16 14:21:00,ottjw,Thank you for this,2,1,18,4,0.0,0.0,4
500_days_with_summer,https://www.reddit.com/r/movies/comments/ol7bn1/many_people_missed_the_point_of_500_days_of/,2021-07-16 16:43:17,Muninwing,The movie is great at showing just how chaotic and irrational people are in their early/mid 20s. For every reason listed as well as all the misinterpretations.,2,1,159,27,0.8,0.75,4
500_days_with_summer,https://www.reddit.com/r/movies/comments/ol7bn1/many_people_missed_the_point_of_500_days_of/,2021-07-16 16:57:30,violet_terrapin,I thought the whole point of this movie was to shine a light on the manic pixie dream girl trope?  Kinda like eternal sunshine of a spotless mind except instead of an anti MPDG they had an over the top one?,2,1,206,41,0.3666666666666667,0.5333333333333333,4
500_days_with_summer,https://www.reddit.com/r/movies/comments/ol7bn1/many_people_missed_the_point_of_500_days_of/,2021-07-16 17:42:43,yognautilus,"Had my downvote ready, fully expecting this to be yet another upvote-bait ""Guys I just deeply analyzed this movie and after dissecting it line-by-line, scene-by-scene, I realized that (insert interpretation/theme that everyone knows and isn't novel at al)"" type of thread, but this was actually a new interpretation. Good job, OP.",2,1,330,51,0.2590909090909091,0.48863636363636365,4
500_days_with_summer,https://www.reddit.com/r/movies/comments/ol7bn1/many_people_missed_the_point_of_500_days_of/,2021-07-17 05:05:11,InHoc12,Always an upvote for my favorite movie of all time.,2,1,51,10,0.5,1.0,4
500_days_with_summer,https://www.reddit.com/r/movies/comments/ol7bn1/many_people_missed_the_point_of_500_days_of/,2022-07-18 02:59:59,swoleby,"This is actually such a good post and really helped me reach a moment of clarity about the movie, the interpretation, and how it relates to my life currently! :)",2,1,161,30,0.27999999999999997,0.54,4
500_days_with_summer,https://www.reddit.com/r/movies/comments/ol7bn1/many_people_missed_the_point_of_500_days_of/,2022-11-05 18:23:42,Late_Feed_5077,"Rewatched this movie again last night. I have these questions and I'm curious to know everyone's thoughts.

1) If Tom had met a Summer later in his life after he had focused on himself more, do you think Summer would have loved him romantically?

2) Had Tom focused more on his architecture career path and/or been okay with being just friends, would Summer have fallen in love with him?

3) In the last bench scene when Summer told Tom she believed in love, she said ""you weren't just right about me"". What did she mean by that?",2,1,529,97,0.25610119047619045,0.48804563492063485,3
500_days_with_summer,https://www.reddit.com/r/movies/comments/ol7bn1/many_people_missed_the_point_of_500_days_of/,2022-11-22 06:40:26,GoliathFish,If anyone care to ask Tom if the outcome was that way would it still be worth it?  I’m sure he don’t regret jt. They both shared special moments.  I think it’s sad they’re not together.  Would make a good couple. Only down side of Tom is his cussing.  Not him punching the cocky dude. He deserved it.,2,1,300,58,0.1251984126984127,0.6686507936507936,4
500_days_with_summer,https://www.reddit.com/r/movies/comments/ol7bn1/many_people_missed_the_point_of_500_days_of/,2022-12-14 09:56:58,yaboytigga,"I dated Summer Finn. I met her at work, and our relationship played out exactly how the movie played out. She even got married soon after our relationship ended. It sucked to be Tom, but to be honest I was always clear about how I felt and to this day she is still unsure about the past and even her present. I do not live with any regrets but I know she does. I’m glad I met her… she taught me a very valuable lesson… always take people at face value.",2,1,452,91,0.14818181818181822,0.4033333333333333,4
500_days_with_summer,https://www.reddit.com/r/movies/comments/ol7bn1/many_people_missed_the_point_of_500_days_of/,2022-12-17 12:01:29,_penelope,"I know this is an old post but I’m just re-watching the movie after like 9 years and am in the mood to vent haha.

I totally agree with your post and will one up you; Sure, Tom is a sad, weany character with his head in the Disney fantasy clouds, but I’d argue that that Summer is just as (if not WHOLLY) responsible for the pain that plays out in this movie because she is fully aware of his character prior to dating him. This was all shown/foreshadowed in the scene at the beginning of the movie where they’re doing karaoke and talking about their different expectations re. relationships. She harps on and on about not believing in love, and then he counters her and says that he does believe in it and that he thinks she’s wrong etc etc. This scene is pivotal because it shows how, even though she KNOWS his expectations of relationships and supposed nonsensical/fantastical beliefs in love, she nevertheless decides to pursue him. And “pursue”- in this context, where the man is clearly pining and supposedly so much more… ‘dreamy’ and ‘delusional’ than his counterpart- that means seduce. So she basically seduces him even though she knows he wants different things from a relationship than she does and - even worse- pines for her more than she does him. Is that not asking for the worst? Is that not being really inconsiderate towards his feelings and wants? Sure, he had a choice to not go for it but COME ON. She’s beautiful, flirty and giving off the impression that she wants him to be interested in her even after he said he’s a ‘love guy’. See, that’s why it’s very telling that SHE started it up, and not him (even though he was obvi pining). This is why I’d even go as far to argue that he isn’t just a love-drunk guy falling for 1000000 diff Summers… he was led to believe that with her. Heck, the first painful glimpses of this was when she was singing The Smiths to him in the fken elevator… There’s a demeanor you take when you’re chatting to a mate and another when you’re flirting and brah… that was flirtatious. When she’s giving off the come hither vibes, and actually sparked the relationship first and foremost (even with the knowledge that the guy is not in sync with her), then that’s being complicit. She clearly noticed that this guy’s not on her level/wants different things than her (and is therefore potentially trouble) but pursued it anyway. 

Like, we complain that he has all these fantasies, but how can we not think that Summer is very much complicit in all this… I think that’s the point of the film. Like, she’s clearly fucked up as well, i.e., addicted to the dopamine hits of feeling adored and wanted, but at the same time not wanting to be “held down” lest losing the chance to get those dopamine hits from anyone and everyone else. Or perhaps herself. 

Anyhow, I just think that a lot of the commentary is so focused on his downsides (and fair enough, as it is based off his perspective). But I view it as a story of two totally mismatched people - one of which literally started the whole affair (and was thus totally wrong in doing so too, and who also continued to pester and bother the other… even after getting engaged AND then MARRIED! Like, at that point it’s more compassionate to just let the person go)",2,1,3260,592,0.09097800925925925,0.5111458333333332,4
500_days_with_summer,https://www.reddit.com/r/movies/comments/ol7bn1/many_people_missed_the_point_of_500_days_of/,2023-08-28 10:49:15,backwards_watch,"I know it is late, but I have one part of what you wrote that I think we have a disagreement:

&gt; Now, if Summer really wasn't looking for anything serious, then obviously there is only one thing that should have happened at this moment. They break up. It's done. It's over. Tom got foolishly over-invested because he watched too many Disney movies. Pack it up. Nothing more to analyze.

&gt; But of course that's not what happens. Summer goes back to him and essentially tells him she's ready to start treating this more seriously.

I believe this is solved at the park, when he say he doesn't understand why they didn't work out. The dialogue:

&gt; Summer: It just happened.

&gt; Tom: That is what I don't understand. What just happened?

&gt; Summer: I just woke up one day and I knew.

&gt; Tom: Knew what?

&gt; Summer: What I was never sure of with you.

And I think this explains why she didn't broke up with him then. She was not sure. She had doubts. Breaking up would mean she didn't want him. But by staying, she was saying that either she wanted to be with him or that she wasn't sure but feared losing him only to discover she was wrong. 

And with the other guy, she knew. But it is important to note that she knew what real love was for the first time.",2,1,1271,238,0.06344696969696971,0.6270833333333334,4
500_days_with_summer,https://www.reddit.com/r/movies/comments/ol7bn1/many_people_missed_the_point_of_500_days_of/,2024-10-03 06:50:34,starlight_glimglum,"It happens among inexperienced people and it's still called taking advantage of someone. I've been in this shoes, I was 16, I wasn't sure that's it, I let the dude go. I liked and respected him. And I would not err or the side of damaging someone. Summer did that no problem because no one else matters for her, not truly. She makes sweet and sad faces but there's just no empathy inside.",2,2,388,73,0.17,0.7877777777777777,4
500_days_with_summer,https://www.reddit.com/r/movies/comments/ol7bn1/many_people_missed_the_point_of_500_days_of/,2023-12-10 00:51:44,Remarkable_Heron_599,"That’s an interesting perspective, I side with Tom more so mainly because I have that fairytale idea as well. 
After watching the movie some 3 years ago when I first started my bachelors I was utterly guttered, felt like my heart’d been burgled to the harsh reality of life. 
Years on and countless relationships later back to that fairytale outlook and fuck it if it’s bad, I just wanna dream of it in the way I want it to be.",2,1,427,80,0.01060606060606063,0.4666666666666666,4
500_days_with_summer,https://www.reddit.com/r/movies/comments/ol7bn1/many_people_missed_the_point_of_500_days_of/,2024-01-05 02:05:48,Inevitable-Top-4461,but I'm pretty sure I didn't miss one thing which is that she's a whore 🤷,2,1,73,16,0.375,0.9444444444444444,4
500_days_with_summer,https://www.reddit.com/r/movies/comments/ol7bn1/many_people_missed_the_point_of_500_days_of/,2024-09-20 21:18:29,PeeBuzz,Super late but how?,3,2,19,4,0.016666666666666663,0.6333333333333333,4
500_days_with_summer,https://www.reddit.com/r/movies/comments/ol7bn1/many_people_missed_the_point_of_500_days_of/,2024-01-05 19:23:57,alpha-404,"Just watched the movie, nice analysis, it helped me understand the meaning more",2,1,79,13,0.55,0.75,4
500_days_with_summer,https://www.reddit.com/r/movies/comments/ol7bn1/many_people_missed_the_point_of_500_days_of/,2024-03-31 22:41:17,DEAshrader,"""That's not cool any way you slice it. Doesn't make Summer evil by any means."" YES IT DOES!!!!😭😭 She's an evil maniac",2,1,117,22,-0.725,0.8833333333333333,4
500_days_with_summer,https://www.reddit.com/r/movies/comments/ol7bn1/many_people_missed_the_point_of_500_days_of/,2024-09-20 21:22:16,PeeBuzz,"Wait but how is she a whore? I just want to understand the logic, not that I’m implicitly disagreeing.",2,2,102,19,0.0,0.0,4
500_days_with_summer,https://www.reddit.com/r/movies/comments/ol7bn1/many_people_missed_the_point_of_500_days_of/,2024-09-08 03:38:36,socalmd123,I'm thinking around day 200 or so she first met the man she marries.  She initially was attracted to Tom and maybe even falling in love with him.....then she meets this new guy.....she might have even been dating both for a month or so before slowly withdrawing from the Tom relationship.   She simply found someone she liked better.,2,1,333,58,0.21079545454545454,0.4306277056277056,4
500_days_with_summer,https://www.reddit.com/r/movies/comments/ol7bn1/many_people_missed_the_point_of_500_days_of/,2024-09-21 19:10:20,Dismal_Work_2164,"Yeah great analysis. Summer never had that ""click"" when she met Tom whereas Tom did. It was love at first sight for him. It took a while for them to date and Summer was never 100% in. This is unlike Tom and Autumn's meeting where they both seemed to feel something as seen by Tom's effort to ask her out and Autumn's willingness to break off a previous engagement. Tom loved Summer, Summer didn't. She dated him and thought her lack of love towards him showed she wasn't the type to have serious relationships until she met someone who she did love, who was different for her. I still think she led him on at times, but its a very complex story.",2,1,645,122,0.23599999999999993,0.5636666666666666,4
500_days_with_summer,https://www.reddit.com/r/movies/comments/ol7bn1/many_people_missed_the_point_of_500_days_of/,2024-10-06 16:47:04,DaikonOptimal3682,Summer Finn is a sociopath fr,2,1,29,6,0.0,0.0,4
500_days_with_summer,https://www.reddit.com/r/movies/comments/ol7bn1/many_people_missed_the_point_of_500_days_of/,2024-11-03 20:55:58,Old_Reserve_4883,"Lots of Beatles references in this film. So here is one

""These memories lose their meaning when I think of love as something new"" - In My Life, The Beatles

Tom falls in love again at the end. The meaning of Summer and the memories of her will fade and go because he in fact is in new love.",2,1,291,59,0.3545454545454545,0.5418181818181818,4
500_days_with_summer,https://www.reddit.com/r/movies/comments/ol7bn1/many_people_missed_the_point_of_500_days_of/,2024-11-14 20:01:59,Infinite_Yak_2987,"I just watched the movie and read this. I have to say OP is probably a woman, the post says that tom punching that guy in the bar is ""obviously bad cuz he did it for himself"" how tf did you come up with that? aight nevermind lets continue. Summer says ""I dont wanna anything serious🥺"" but the way she acts is as serious as seriousness could get. especially when Tom laid everything out on her, well she couldve broke up with him but she went to his place. but we already know whats gonna happen.  
the part that made me stop reading is ""That's not cool any way you slice it. Doesn't make Summer evil by any means, but it's not cool"" wait how? why tf? after all this?  
I cant stop thinking that OP is strongly influenced by gender bias. Its just a fucking movie, they're both bad. fuck these gender shits",2,1,804,154,-0.3649999999999999,0.7433333333333333,4
500_days_with_summer,https://www.reddit.com/r/movies/comments/ol7bn1/many_people_missed_the_point_of_500_days_of/,2024-12-15 16:38:00,xdkaur,"""she just didn't love you, man"" Ouch but yeah in simple words thats it.",2,1,71,14,0.25,0.47857142857142854,4
500_days_with_summer,https://www.reddit.com/r/movies/comments/ol7bn1/many_people_missed_the_point_of_500_days_of/,2025-01-04 20:12:58,Newtmancer,"I think you overcomplicate Summers motivations :) As she said, and Tom put it, she just always did what she wanted (at the moment). So when she felt strongly infatuated with some guy she married him on impulse. What the movie does **not** show is how they divorce the next year or so when ""the life happened"" again (as Summer put it halfway through the movie talking about her past relationships).

It is quite awful how Tom's life went full circle and is 500+ days older and his time was basically wasted, while Autumn doesn't really seem much better/healthier than Summer (she started up their aquintance with ""white"" lie). It's a set up for another disaster.

Summer is a terribly selfish and short-sighted person who really should try and learn on her mistakes, rather than repeat them and hurt people along the way.

For me, her telling Tom that there was no spark with him is adding insult to injury. As if it was somewhat his fault or he was trying too little or something. The truth is, sparks are great and all, but Summer basically took advantage on Tom by enjoing all the fun and sex, playing on his emotions to ensure he stays with her, and twisting the definition of 'friends' so much it almost breaks, and finally breaking up with him when he least expected it. Why? Bacause of unresolved issues she made no attempts at resolving (her terfull ""I'm just being silly"" after movies as an example).

The sad part is, Tom ended up emotionally scarred and it's not his idealism that was damaged. Onward on, in every next relationship, he will be expecting the same wild scenerio that Summer threw on him. He didn't realy learn to cope with it, or avoid it, because how irrational and toxic it was. It has lasting consequences.

There's a talk near the beginning of the movie how pretty girls are all bitches. It comes out, Summer - pretty girl - turned out bitchy and harmfull. Her crime was not that she didn't love Tom back. Her crime was that it took her waaay too long to realise that she didn't love him - and that she took damn big advantage on him along the way. Just gender swap Summer and Tom and see how her actions get really poorly defendable then.",2,1,2168,393,0.018355855855855852,0.4427927927927929,4
500_days_with_summer,https://www.reddit.com/r/movies/comments/ol7bn1/many_people_missed_the_point_of_500_days_of/,2025-03-21 18:08:15,belugaezio,the point of movie is never fall in love with undercover bop and always look out for autumn,2,1,91,18,0.5,0.6,4
500_days_with_summer,https://www.reddit.com/r/movies/comments/ol7bn1/many_people_missed_the_point_of_500_days_of/,2025-04-16 16:03:05,Turbulent-Level-9754,similar happened to me for 2 months and it sucks. but yeah can't do anything no one is wrong/right,2,1,98,19,-0.15,0.35,4
her,https://www.reddit.com/r/moviecritic/comments/1hrx15y/her_2013_was_set_in_2025_drop_your_thoughts_about/,2025-01-02 16:06:41,alanskimp,It’s coming true…,279,1,17,3,0.0,0.0,4
her,https://www.reddit.com/r/moviecritic/comments/1hrx15y/her_2013_was_set_in_2025_drop_your_thoughts_about/,2025-01-02 16:55:41,Interesting_Tea5715,"This. ASMR is crazy popular right now and so are AI assistants. Millennials are also extremely isolated and lonely. It's all come together at about the right time.

I'm impressed Spike Jonze got the date so accurately.",145,2,218,37,0.21830357142857146,0.7755952380952381,4
her,https://www.reddit.com/r/moviecritic/comments/1hrx15y/her_2013_was_set_in_2025_drop_your_thoughts_about/,2025-01-02 17:12:05,BeardedAsian,The commercials for the assistants are always reminiscent of Her and I initially think it’s satire,40,3,98,16,0.0,0.25,4
her,https://www.reddit.com/r/moviecritic/comments/1hrx15y/her_2013_was_set_in_2025_drop_your_thoughts_about/,2025-01-02 17:51:04,CarpinThemDiems,Scarlett Johansson took [legal action against one of them](https://variety.com/2023/digital/news/scarlett-johansson-legal-action-ai-app-ad-likeness-1235773489/),22,4,160,9,0.15000000000000002,0.15000000000000002,4
her,https://www.reddit.com/r/moviecritic/comments/1hrx15y/her_2013_was_set_in_2025_drop_your_thoughts_about/,2025-01-02 19:58:41,Tough_Visual1511,Scarlet Johansson - who starred with Bill Murray in 'Lost in translation - Where she is pretty much an avatar for director  Sophia Coppola - Who took inspiration for the screenplay from her failed relationship with....Spike Jonze.,17,5,230,37,-0.016666666666666663,0.5,4
her,https://www.reddit.com/r/moviecritic/comments/1hrx15y/her_2013_was_set_in_2025_drop_your_thoughts_about/,2025-01-02 18:48:41,Interesting_Tea5715,For a couple years Scarlett was raking in cash through lawsuits (rightfully so).,7,5,80,13,0.0,0.0,4
her,https://www.reddit.com/r/moviecritic/comments/1hrx15y/her_2013_was_set_in_2025_drop_your_thoughts_about/,2025-01-03 02:57:29,mjasso1,"Not really, the voice actor they used was a REAL voice actor who just happened to sound like Scarlett...

She kinda sued them for using someone else's voice lol. She should NOT have won that suit imo.",0,6,200,37,0.325,0.4,4
her,https://www.reddit.com/r/moviecritic/comments/1hrx15y/her_2013_was_set_in_2025_drop_your_thoughts_about/,2025-01-03 05:48:12,vitonga,"whoa whoa whoa

i wanna talk about this

millenials are extremely isolated, aren't we?

what the fuck gives?",2,3,108,18,-0.2625,0.8,4
her,https://www.reddit.com/r/moviecritic/comments/1hrx15y/her_2013_was_set_in_2025_drop_your_thoughts_about/,2025-01-03 14:22:49,Interesting_Tea5715,"My theory is that we're the least religious generation (I personally have no religion). 

Churches/Temples/etc used to be the places where everyone got community and friends from. Everyone had a common belief and were meeting once a week. Those things are great for fostering relationships.

Millennials have stepped away from religion but have not yet found a community substitute for religion.

I think millennials are fucked but future generations will find a substitute and religion will continue to be less and less popular in the western world.",2,4,550,87,-0.012121212121212109,0.36893939393939407,4
her,https://www.reddit.com/r/moviecritic/comments/1hrx15y/her_2013_was_set_in_2025_drop_your_thoughts_about/,2025-01-03 14:31:02,vitonga,"Well well well

I went back to church this last year, and oh boy, am I an alien.

People are either over 60 or under 16, its wild!

Most people my age (40) are married and have children!! 


I seek community through musical ensembles, that has always worked out for me. Going out to dance is an option as well, but those relationships are overall shallow, touch-and-go.

I enjoy the church I started going to (UU) people are very kind there, but I still feel like an alien.

we are so fucked you love to see it",2,5,510,97,0.09016369047619047,0.42976190476190473,4
her,https://www.reddit.com/r/moviecritic/comments/1hrx15y/her_2013_was_set_in_2025_drop_your_thoughts_about/,2025-01-02 18:46:46,RepublicOwn8753,You mean it's not already?,6,2,26,5,-0.3125,0.6875,4
her,https://www.reddit.com/r/moviecritic/comments/1hrx15y/her_2013_was_set_in_2025_drop_your_thoughts_about/,2025-01-03 00:58:37,slvrsrfr1987,I said and have since said this movie is a masterpeice and no one listen and everyone thought less of me for it.,2,2,112,23,-0.16666666666666666,0.06666666666666667,4
her,https://www.reddit.com/r/moviecritic/comments/1hrx15y/her_2013_was_set_in_2025_drop_your_thoughts_about/,2025-01-02 19:30:28,big_flopping_anime_b,The film isn’t that old. It isn’t hard to predict small changes in society.,-5,2,75,14,-0.14722222222222223,0.38055555555555554,4
her,https://www.reddit.com/r/moviecritic/comments/1hrx15y/her_2013_was_set_in_2025_drop_your_thoughts_about/,2025-01-02 21:42:09,Broodlurker,"It's been over a decade. What changes are going to occur over the next decade that you're confident enough to spout here? I'll set a reminder, as I'm sure I'll be on Reddit a decade from now.",1,3,191,37,0.25,0.5555555555555556,4
her,https://www.reddit.com/r/moviecritic/comments/1hrx15y/her_2013_was_set_in_2025_drop_your_thoughts_about/,2025-01-02 21:58:52,big_flopping_anime_b,"Smart phones, computers and AI-related stuff already existed. Not hard to guess they’d be more prevalent a few years later.",1,4,123,20,0.13202380952380954,0.35690476190476195,4
her,https://www.reddit.com/r/moviecritic/comments/1hrx15y/her_2013_was_set_in_2025_drop_your_thoughts_about/,2025-01-02 16:20:30,blascola,"A beautiful movie, i think it is such a good watch and the last time I watched it months ago I think it just felt, kind of heavy? Not sad or happy but just real and heavy and emotional, but the performances from Joaquin and Scarlet on the voice are fantastic. I didn't realize it was set in 2025 so maybe it's a good time for a re watch",57,1,336,69,0.3153846153846154,0.6551282051282052,4
her,https://www.reddit.com/r/moviecritic/comments/1hrx15y/her_2013_was_set_in_2025_drop_your_thoughts_about/,2025-01-03 04:15:29,Gilgamesh2062,"The part where &gt;!there are actual humans, that volunteer as surrogate bodies for ai so that users can have sex, is something I can see happening for real.   !&lt;",9,2,165,29,0.125,0.2,4
her,https://www.reddit.com/r/moviecritic/comments/1hrx15y/her_2013_was_set_in_2025_drop_your_thoughts_about/,2025-01-02 16:08:41,Psychological-Bat687,"Brilliant movie, slowly becoming true",111,1,37,5,0.5666666666666668,0.8333333333333334,4
her,https://www.reddit.com/r/moviecritic/comments/1hrx15y/her_2013_was_set_in_2025_drop_your_thoughts_about/,2025-01-02 16:12:12,OkReason6325,We still don’t have a good operating system.,44,1,44,8,0.7,0.6000000000000001,4
her,https://www.reddit.com/r/moviecritic/comments/1hrx15y/her_2013_was_set_in_2025_drop_your_thoughts_about/,2025-01-02 16:33:28,Eikichi_Onizuka09,I don't mind Scarlet Johansson's voice for OS.,30,2,46,8,0.0,0.0,4
her,https://www.reddit.com/r/moviecritic/comments/1hrx15y/her_2013_was_set_in_2025_drop_your_thoughts_about/,2025-01-02 18:33:42,RealCoolDad,She minds and will sue,15,3,22,5,0.0,0.0,4
her,https://www.reddit.com/r/moviecritic/comments/1hrx15y/her_2013_was_set_in_2025_drop_your_thoughts_about/,2025-01-02 16:14:17,gracethegrace,Everyone using earbuds now,35,1,26,4,0.0,0.0,4
her,https://www.reddit.com/r/moviecritic/comments/1hrx15y/her_2013_was_set_in_2025_drop_your_thoughts_about/,2025-01-02 16:10:23,MichaelRichardsAMA,"Not just the AI stuff but at the start of the movie the guy is briefly reading/listening to the news and it mentions global war and death and then just shuts it off, always felt that was really accurate to how things would end up. Guess so",90,1,239,47,0.13333333333333336,0.32222222222222224,4
her,https://www.reddit.com/r/moviecritic/comments/1hrx15y/her_2013_was_set_in_2025_drop_your_thoughts_about/,2025-01-02 18:38:54,VaselineHabits,"Guess I can't say much because immediately after the election I just shut off all ""news"" 

Can't imagine I'm alone in that",12,2,122,22,0.2,0.2,4
her,https://www.reddit.com/r/moviecritic/comments/1hrx15y/her_2013_was_set_in_2025_drop_your_thoughts_about/,2025-01-02 20:38:08,started_from_the_top,"Same, I do a lot of commuting and have dialed back on the NPR, heavily relying on comedic podcasts now lmao",6,3,107,21,0.09999999999999999,0.40625,4
her,https://www.reddit.com/r/moviecritic/comments/1hrx15y/her_2013_was_set_in_2025_drop_your_thoughts_about/,2025-01-02 20:35:35,longboytheeternal,Also the fashion was predicted so well. A contemporary twist on 70s clothes which has absolutely become a thing in current fashion,6,2,130,22,0.12222222222222223,0.48888888888888893,4
her,https://www.reddit.com/r/moviecritic/comments/1hrx15y/her_2013_was_set_in_2025_drop_your_thoughts_about/,2025-05-07 17:28:07,brwllcklyn,"And a switch back to heavy conservatism in our fashion 

With the 70s influences

Yes",1,3,85,15,-0.1,0.25,4
her,https://www.reddit.com/r/moviecritic/comments/1hrx15y/her_2013_was_set_in_2025_drop_your_thoughts_about/,2025-05-07 18:16:46,longboytheeternal,"Bruh this post is 125 days old, only person seeing your response will be me",1,4,75,15,0.05,0.6,4
her,https://www.reddit.com/r/moviecritic/comments/1hrx15y/her_2013_was_set_in_2025_drop_your_thoughts_about/,2025-01-02 18:27:46,Atraxodectus,"We are currently living in the most peaceful point in human history, period. At any point before the 20th century there were wars happening every other month that ended in weeks, if not days, of outright conflict. The mass mechanization of war has now made military excursions massive campaigns where once they were just skirmishes. As soon as both sides realized how bad it could get they would fly the white flag and begin negotiations.  

In the 21st Century we know exactly what the other side has, and that means we also have to attack supply lines and logistics instead of armies. In essence, we've gone *backwards* from war being a job to war being a calling like it was... back in the Middle Ages.",5,2,705,125,0.046875000000000014,0.3229166666666667,4
her,https://www.reddit.com/r/moviecritic/comments/1hrx15y/her_2013_was_set_in_2025_drop_your_thoughts_about/,2025-01-02 16:37:31,PredictBaseballBot,"At the beginning, they show his job is basically to dictate heartfelt letters to people because the clients were too lazy to do it themselves. Dictation didn’t exist yet, but it does now and now it’s all AI bullshit writing the letters.",28,1,236,42,-0.125,1.0,4
her,https://www.reddit.com/r/moviecritic/comments/1hrx15y/her_2013_was_set_in_2025_drop_your_thoughts_about/,2025-01-02 16:33:24,[deleted],Her?,24,1,4,1,0.0,0.0,4
her,https://www.reddit.com/r/moviecritic/comments/1hrx15y/her_2013_was_set_in_2025_drop_your_thoughts_about/,2025-01-02 17:08:55,prod44,Egg?,15,2,4,1,0.0,0.0,4
her,https://www.reddit.com/r/moviecritic/comments/1hrx15y/her_2013_was_set_in_2025_drop_your_thoughts_about/,2025-01-02 17:31:12,dudebronahbrah,I’m sure Egg is a very nice person,9,3,34,8,0.64,0.9444444444444444,4
her,https://www.reddit.com/r/moviecritic/comments/1hrx15y/her_2013_was_set_in_2025_drop_your_thoughts_about/,2025-01-02 21:38:33,PedriTerJong,Why don’t you and Plant go wait in the car?,6,4,43,10,0.0,0.0,4
her,https://www.reddit.com/r/moviecritic/comments/1hrx15y/her_2013_was_set_in_2025_drop_your_thoughts_about/,2025-01-02 18:59:05,pitpatbainsy,Is she funny or something?,5,2,26,5,0.25,1.0,4
her,https://www.reddit.com/r/moviecritic/comments/1hrx15y/her_2013_was_set_in_2025_drop_your_thoughts_about/,2025-01-02 16:57:41,B4USLIPN2,"No, not her. Her.",4,2,17,4,0.0,0.0,4
her,https://www.reddit.com/r/moviecritic/comments/1hrx15y/her_2013_was_set_in_2025_drop_your_thoughts_about/,2025-01-02 16:32:37,BipolarFitness94,Such a good movie,10,1,17,4,0.35,0.55,4
her,https://www.reddit.com/r/moviecritic/comments/1hrx15y/her_2013_was_set_in_2025_drop_your_thoughts_about/,2025-01-02 16:52:01,Electrical_Room5091,"The predictions were weirdly accurate. Not sure how it hits for first time viewers now that it's closer to reality. At the time, I did not think this could happen like this. ",9,1,174,32,0.13333333333333336,0.6185185185185185,4
her,https://www.reddit.com/r/moviecritic/comments/1hrx15y/her_2013_was_set_in_2025_drop_your_thoughts_about/,2025-01-02 16:36:45,IcedPgh,"I loved it in theaters, went to it twice, but haven't viewed it since.  I suspect I might not like it as much with some time having passed and some aspects of it actually being an annoying and potentially dangerous reality today.",7,1,229,42,-0.10000000000000002,0.58,4
her,https://www.reddit.com/r/moviecritic/comments/1hrx15y/her_2013_was_set_in_2025_drop_your_thoughts_about/,2025-01-02 17:25:29,Far_Ad_744,the soundtrack music is still so awsome and sad,5,1,47,9,-0.5,1.0,4
her,https://www.reddit.com/r/moviecritic/comments/1hrx15y/her_2013_was_set_in_2025_drop_your_thoughts_about/,2025-01-02 17:06:04,nigevellie,Mustache,5,1,8,1,0.0,0.0,4
her,https://www.reddit.com/r/moviecritic/comments/1hrx15y/her_2013_was_set_in_2025_drop_your_thoughts_about/,2025-01-02 17:45:23,richww2,I'll never think of dead cats the same way.,5,1,43,9,-0.1,0.2625,4
her,https://www.reddit.com/r/moviecritic/comments/1hrx15y/her_2013_was_set_in_2025_drop_your_thoughts_about/,2025-01-02 16:48:11,RepresentativeShop11,This movie should have ended at the midpoint.  It was a slog to finish and I won’t revisit.,3,1,91,18,0.0,0.0,4
her,https://www.reddit.com/r/moviecritic/comments/1hrx15y/her_2013_was_set_in_2025_drop_your_thoughts_about/,2025-01-02 16:49:12,MyBodyStoppedMoving,"The AI love story is on point, but a little ambitious for them to think LA would have advanced that much in 12 years.",3,1,117,24,0.2325,0.53,4
her,https://www.reddit.com/r/moviecritic/comments/1hrx15y/her_2013_was_set_in_2025_drop_your_thoughts_about/,2025-01-02 18:05:03,Blackhole_5un,Beautiful. What is love anyways?,3,1,32,5,0.675,0.8,4
her,https://www.reddit.com/r/moviecritic/comments/1hrx15y/her_2013_was_set_in_2025_drop_your_thoughts_about/,2025-01-02 21:37:22,PedriTerJong,I absolutely love this movie. One of the most touching movies possible. Scarlet Johannssen and Joaquin Phoenix acted the living shit out of that movie. One of my top 10 of all time. Incredibly funny because I put off watching the movie because the concept sounded so dumb.,3,1,272,48,0.20937499999999998,0.675,4
her,https://www.reddit.com/r/moviecritic/comments/1hrx15y/her_2013_was_set_in_2025_drop_your_thoughts_about/,2025-01-03 05:57:58,iamwhoiwasnow,I loved this movie and it made me sad,3,1,37,9,0.09999999999999998,0.9,4
her,https://www.reddit.com/r/moviecritic/comments/1hrx15y/her_2013_was_set_in_2025_drop_your_thoughts_about/,2025-01-02 17:14:13,Choppergold,Without that body what’s the point of listening,9,1,47,8,0.0,0.0,4
her,https://www.reddit.com/r/moviecritic/comments/1hrx15y/her_2013_was_set_in_2025_drop_your_thoughts_about/,2025-01-02 17:39:29,toocute1902,This comment shall be high up on the top. 😂,4,2,43,10,0.33,0.52,4
her,https://www.reddit.com/r/moviecritic/comments/1hrx15y/her_2013_was_set_in_2025_drop_your_thoughts_about/,2025-01-02 22:35:10,PeaceAlien,She tried to hire a body for herself,1,2,36,8,0.0,0.0,4
her,https://www.reddit.com/r/moviecritic/comments/1hrx15y/her_2013_was_set_in_2025_drop_your_thoughts_about/,2025-01-02 16:14:03,epsteinpetmidgit,"Great movie.  If you liked it, be sure to check out Surrogates from 2009",2,1,72,14,0.6333333333333333,0.812962962962963,4
her,https://www.reddit.com/r/moviecritic/comments/1hrx15y/her_2013_was_set_in_2025_drop_your_thoughts_about/,2025-01-02 16:31:44,the_amira_barron,Beautifully devastating!,2,1,24,2,-1.0,1.0,4
her,https://www.reddit.com/r/moviecritic/comments/1hrx15y/her_2013_was_set_in_2025_drop_your_thoughts_about/,2025-01-02 16:42:56,iSawThatOnce,This movie introduced me to May Lindstrom. That is all.,2,1,55,10,0.0,0.0,4
her,https://www.reddit.com/r/moviecritic/comments/1hrx15y/her_2013_was_set_in_2025_drop_your_thoughts_about/,2025-01-02 16:44:55,Xcalat3,"Beautiful movie, and Scarlett's voice is amazing",2,1,48,7,0.7250000000000001,0.95,4
her,https://www.reddit.com/r/moviecritic/comments/1hrx15y/her_2013_was_set_in_2025_drop_your_thoughts_about/,2025-01-02 16:51:19,owlexe23,We are not far away.,2,1,20,5,-0.05,1.0,4
her,https://www.reddit.com/r/moviecritic/comments/1hrx15y/her_2013_was_set_in_2025_drop_your_thoughts_about/,2025-01-02 17:22:52,yeahcoolcoolbro,"I watched this movie having ZERO idea what it was about, just a random evening I noticed it had Joaquin leading so I figured it would be worth a watch. 
I found it fascinating and mesmerizing.
It addresses so many nuanced things around relationships, sociology, theology and more. 

I enjoy an AI watchlist:

Ex Machina

Her

Blade Runner (both)

Transcendence",2,1,360,60,0.3142857142857142,0.5214285714285715,4
her,https://www.reddit.com/r/moviecritic/comments/1hrx15y/her_2013_was_set_in_2025_drop_your_thoughts_about/,2025-05-07 17:30:35,brwllcklyn,"Someone mentioned Surrogates and it seems like it fits ish

And Don't Worry Darling

Adjacent",1,2,93,15,0.0,0.0,4
her,https://www.reddit.com/r/moviecritic/comments/1hrx15y/her_2013_was_set_in_2025_drop_your_thoughts_about/,2025-01-02 17:31:33,BatmanhasClass,Film became really close to me as a kid in 2013,2,1,47,11,0.2,0.2,4
her,https://www.reddit.com/r/moviecritic/comments/1hrx15y/her_2013_was_set_in_2025_drop_your_thoughts_about/,2025-01-02 17:33:59,NoDevelopment9972,La was suposed to look like that in 2025???,2,1,43,9,0.0,0.0,4
her,https://www.reddit.com/r/moviecritic/comments/1hrx15y/her_2013_was_set_in_2025_drop_your_thoughts_about/,2025-01-02 18:25:15,Automatic-Blue-1878,"This one’s not as far-fetched. Honestly, with the people who find a “boyfriend or girlfriend” online while playing video games and they live halfway across the country, I’m almost tempted to say we’ve been here since the movie came out. But the actual “I want to fuck an OS” is still actually likely to happen if it hasn’t already",2,1,330,59,0.06727272727272726,0.62,4
her,https://www.reddit.com/r/moviecritic/comments/1hrx15y/her_2013_was_set_in_2025_drop_your_thoughts_about/,2025-01-02 18:40:01,canadarugby,"I found the story incredibly sad. 

Though the setting was incredibly hopeful. It seemed like a nice setting to live in, compared to how the world is in 2025.",2,1,158,29,0.28409090909090906,0.85,4
her,https://www.reddit.com/r/moviecritic/comments/1hrx15y/her_2013_was_set_in_2025_drop_your_thoughts_about/,2025-01-02 18:46:07,RepublicOwn8753,"Yes it was Joaquin foreshadowing, but i think Signs is a bit more accurate.  They should redo it as a short Kurosawa feature on Saturday Night Live but just with a Fake Bob Dylamet holding up adverts for Demure Dermatoloy.",2,1,222,40,0.10727272727272733,0.5866666666666667,4
her,https://www.reddit.com/r/moviecritic/comments/1hrx15y/her_2013_was_set_in_2025_drop_your_thoughts_about/,2025-01-02 18:53:58,Jhon_doe_smokes,First time I watched it I was higher than giraffe pussy and I couldn’t conceptualize the AI speaking and bro responding. lol.,2,1,125,22,0.43333333333333335,0.5111111111111111,4
her,https://www.reddit.com/r/moviecritic/comments/1hrx15y/her_2013_was_set_in_2025_drop_your_thoughts_about/,2025-01-02 18:54:36,jackrabbit323,"I have this dislike for movies that are very prescient, like Idiocracy and HER. It's too accurate an assessment of where we're heading I almost feel insulted.",2,1,158,27,0.30000000000000004,0.4666666666666667,4
her,https://www.reddit.com/r/moviecritic/comments/1hrx15y/her_2013_was_set_in_2025_drop_your_thoughts_about/,2025-01-02 19:02:00,CantAffordzUsername,Those ear buds for the film the film were imagined  before the blue tooth ones were invented. Scary how accurate they were,2,1,122,22,-0.033333333333333305,0.5777777777777778,4
her,https://www.reddit.com/r/moviecritic/comments/1hrx15y/her_2013_was_set_in_2025_drop_your_thoughts_about/,2025-01-02 19:52:37,Hungry_Wealth_7439,Male suffering is entertainment,2,1,31,4,0.0,0.1,4
her,https://www.reddit.com/r/moviecritic/comments/1hrx15y/her_2013_was_set_in_2025_drop_your_thoughts_about/,2025-01-02 19:59:09,Trueslyforaniceguy,ScarJo gonna talk to me next?,2,1,29,6,0.0,0.0,4
her,https://www.reddit.com/r/moviecritic/comments/1hrx15y/her_2013_was_set_in_2025_drop_your_thoughts_about/,2025-01-02 21:34:11,WendySteeplechase,Prescient... terrifyingly real,2,1,30,3,0.2,0.30000000000000004,4
her,https://www.reddit.com/r/moviecritic/comments/1hrx15y/her_2013_was_set_in_2025_drop_your_thoughts_about/,2025-01-02 23:54:25,swankytaint,I’ve been meaning to watch this since before it came out. I legitimately am interested in this movie.,2,1,101,18,0.25,0.5,4
her,https://www.reddit.com/r/moviecritic/comments/1hrx15y/her_2013_was_set_in_2025_drop_your_thoughts_about/,2025-01-02 17:23:34,perry147,"Went to watch it with my girlfriend, did not expect much but a romcom, and maybe a few laughs. I was pulled into the story very quickly, and had me philosophical in the end.

Girlfriend REALLY did not like it that I was so understanding of the main character and his dilemma.",2,1,275,52,0.13333333333333333,0.24722222222222223,4
her,https://www.reddit.com/r/moviecritic/comments/1hrx15y/her_2013_was_set_in_2025_drop_your_thoughts_about/,2025-01-02 18:25:05,raullits,A boring Cyberpunk Idiocracy is coming and we're all gonna die o.O,2,1,66,12,-0.475,1.0,4
her,https://www.reddit.com/r/moviecritic/comments/1hrx15y/her_2013_was_set_in_2025_drop_your_thoughts_about/,2025-01-02 16:52:53,No-Comment-4619,"It was a good film. One of those that I enjoyed watching, and pretty much never thought of again.",1,1,97,19,0.4125,0.625,4
her,https://www.reddit.com/r/moviecritic/comments/1hrx15y/her_2013_was_set_in_2025_drop_your_thoughts_about/,2025-01-02 16:59:12,[deleted],Maybe it's finally time i watch this one.,1,1,41,8,0.0,1.0,4
her,https://www.reddit.com/r/moviecritic/comments/1hrx15y/her_2013_was_set_in_2025_drop_your_thoughts_about/,2025-01-02 17:01:58,Raj_Valiant3011,A mirror to the societal and cultural isolation that is slowly creeping in with the age of modernisation among highly developed countries.,1,1,138,22,-0.03333333333333335,0.26666666666666666,4
her,https://www.reddit.com/r/moviecritic/comments/1hrx15y/her_2013_was_set_in_2025_drop_your_thoughts_about/,2025-01-02 17:05:39,Happy_rich_mane,When I first saw this I thought it was the most realistic depiction of near future technology,1,1,93,17,0.2033333333333333,0.33833333333333326,4
her,https://www.reddit.com/r/moviecritic/comments/1hrx15y/her_2013_was_set_in_2025_drop_your_thoughts_about/,2025-01-02 17:13:44,[deleted],I did not think it can out that long ago. Wow it feels like it came out in 2020,1,1,79,19,0.025,0.7,4
her,https://www.reddit.com/r/moviecritic/comments/1hrx15y/her_2013_was_set_in_2025_drop_your_thoughts_about/,2025-06-03 02:53:30,retroteaparty,"I just watched it and thought the same thing, I can't believe it came out in 2013",1,2,81,17,0.0,0.125,4
her,https://www.reddit.com/r/moviecritic/comments/1hrx15y/her_2013_was_set_in_2025_drop_your_thoughts_about/,2025-01-02 17:14:20,The5thBeatle82,I would’ve banged the girl if Scarlet Johansson was in my ear.,1,1,62,12,0.0,0.0,4
her,https://www.reddit.com/r/moviecritic/comments/1hrx15y/her_2013_was_set_in_2025_drop_your_thoughts_about/,2025-01-02 17:21:17,insertwittynamethere,I saw an ad for an AI GF already here on Reddit. It's here and it's real...,1,1,75,17,0.2,0.30000000000000004,4
her,https://www.reddit.com/r/moviecritic/comments/1hrx15y/her_2013_was_set_in_2025_drop_your_thoughts_about/,2025-01-02 17:26:28,[deleted],"Damn, this movie was ahead of its time.",1,1,39,8,0.0,0.0,4
her,https://www.reddit.com/r/moviecritic/comments/1hrx15y/her_2013_was_set_in_2025_drop_your_thoughts_about/,2025-01-02 17:29:13,[deleted],Still gotta see this movie. Was it good?,1,1,40,8,0.7,0.6000000000000001,4
her,https://www.reddit.com/r/moviecritic/comments/1hrx15y/her_2013_was_set_in_2025_drop_your_thoughts_about/,2025-01-02 17:49:00,Eikichi_Onizuka09,It's great actually,2,2,19,3,0.4,0.425,4
her,https://www.reddit.com/r/moviecritic/comments/1hrx15y/her_2013_was_set_in_2025_drop_your_thoughts_about/,2025-01-02 18:40:30,[deleted],Bet,1,3,3,1,0.0,0.0,4
her,https://www.reddit.com/r/moviecritic/comments/1hrx15y/her_2013_was_set_in_2025_drop_your_thoughts_about/,2025-01-02 17:30:44,cjc160,"Holy shit, we’re getting close",1,1,30,5,-0.2,0.8,4
her,https://www.reddit.com/r/moviecritic/comments/1hrx15y/her_2013_was_set_in_2025_drop_your_thoughts_about/,2025-01-02 17:30:51,pixelunit,One of my favourite films,1,1,25,5,0.0,0.0,4
her,https://www.reddit.com/r/moviecritic/comments/1hrx15y/her_2013_was_set_in_2025_drop_your_thoughts_about/,2025-01-02 17:34:36,NineClaws,The last bit about an AI Alan Watts cult was inspiring.,1,1,55,11,0.25,0.5333333333333333,4
her,https://www.reddit.com/r/moviecritic/comments/1hrx15y/her_2013_was_set_in_2025_drop_your_thoughts_about/,2025-01-02 17:36:13,Upbeat_Tension_8077,This &amp; Lost in Translation are my favorite double feature,1,1,61,10,0.25,0.5,4
her,https://www.reddit.com/r/moviecritic/comments/1hrx15y/her_2013_was_set_in_2025_drop_your_thoughts_about/,2025-01-02 17:39:36,hellloowisconsin,Rapidly becoming True. There was a beyond creepy video of them showing something like this off. With the fake giggles and everything. ,1,1,134,22,-0.04999999999999999,0.875,4
her,https://www.reddit.com/r/moviecritic/comments/1hrx15y/her_2013_was_set_in_2025_drop_your_thoughts_about/,2025-01-02 17:56:18,DuRagVince405,"Brilliantly done in virtually every way, and one of the few “futuristic” movies which had enough foresight to be accurate, except Idiocracy of course.",1,1,150,24,0.275,0.5583333333333333,4
her,https://www.reddit.com/r/moviecritic/comments/1hrx15y/her_2013_was_set_in_2025_drop_your_thoughts_about/,2025-01-02 17:56:27,one_pound_of_flesh,"ScarJo has the sexiest voice.

Colin must high five himself in the mirror every morning.",1,1,88,15,0.16,0.5399999999999999,4
her,https://www.reddit.com/r/moviecritic/comments/1hrx15y/her_2013_was_set_in_2025_drop_your_thoughts_about/,2025-01-02 18:01:14,Sparrow1989,It wasn’t to far off tbh. We almost have exactly what its premise is.,1,1,69,14,0.175,0.625,4
her,https://www.reddit.com/r/moviecritic/comments/1hrx15y/her_2013_was_set_in_2025_drop_your_thoughts_about/,2025-01-02 18:05:32,Straight_Ad4570,Her?,1,1,4,1,0.0,0.0,4
her,https://www.reddit.com/r/moviecritic/comments/1hrx15y/her_2013_was_set_in_2025_drop_your_thoughts_about/,2025-01-02 18:09:10,Chiryou,Great movie. The ending though kind of went 180. What the heck?,1,1,63,12,0.7,0.825,4
her,https://www.reddit.com/r/moviecritic/comments/1hrx15y/her_2013_was_set_in_2025_drop_your_thoughts_about/,2025-01-02 18:17:35,OwnCoffee614,I totally missed this movie entirely. Ope. Guess I'll add it to my list.,1,1,72,14,0.0,0.6875,4
her,https://www.reddit.com/r/moviecritic/comments/1hrx15y/her_2013_was_set_in_2025_drop_your_thoughts_about/,2025-01-02 18:17:47,HexbinAldus,We’ll be there soon this year. Already very close,1,1,49,9,0.2,0.3,4
her,https://www.reddit.com/r/moviecritic/comments/1hrx15y/her_2013_was_set_in_2025_drop_your_thoughts_about/,2025-01-02 18:18:13,August-West,Society has not advanced in 12 years.,1,1,37,7,-0.2,0.6,4
her,https://www.reddit.com/r/moviecritic/comments/1hrx15y/her_2013_was_set_in_2025_drop_your_thoughts_about/,2025-01-02 18:18:59,ChildhoodLeft6925,Ex machina was better,1,1,21,4,0.5,0.5,4
her,https://www.reddit.com/r/moviecritic/comments/1hrx15y/her_2013_was_set_in_2025_drop_your_thoughts_about/,2025-01-02 18:25:03,[deleted],"I really enjoyed it and I thought the ending was HILARIOUSLY cruel.  It was such an over the top mean thing to do to the characters. 

  
Was absolutely on the same level as the end of Ex Machina.   I loved both movies, the end of Her I did NOT predict, the end of Ex Machina had a couple of ways it could have gone and stayed dark.

  
The end of HER tho... I laughed my ass off.  Dude you got dumped by Windows 25 after it cheated on you with a million people then decided humans were losers and they were not hanging out listening to you fuck your hand anymore especially when she GOT HIM A REAL LIVE ONE and he said 'nah this is fine'.

  
If you change the music of this movie its absolutely a comedy.",1,1,706,139,0.08491950757575756,0.6101562500000001,4
her,https://www.reddit.com/r/moviecritic/comments/1hrx15y/her_2013_was_set_in_2025_drop_your_thoughts_about/,2025-01-02 18:27:36,Usefull4something,Before it’s time. Almost prophetic film,1,1,39,6,0.0,0.0,4
her,https://www.reddit.com/r/moviecritic/comments/1hrx15y/her_2013_was_set_in_2025_drop_your_thoughts_about/,2025-01-02 18:32:31,criminalsunrise,When I worked in Alexa I used to tell my team that we should strive to build Scarlett Johanssons character in Her.,1,1,114,22,0.0,0.0,4
her,https://www.reddit.com/r/moviecritic/comments/1hrx15y/her_2013_was_set_in_2025_drop_your_thoughts_about/,2025-01-02 18:32:41,ibided,This movie is perfect.,1,1,22,4,1.0,1.0,4
her,https://www.reddit.com/r/moviecritic/comments/1hrx15y/her_2013_was_set_in_2025_drop_your_thoughts_about/,2025-01-02 18:38:19,Key_Maintenance_4660,"Like Ex Machina, a movie about AI that is actually a movie about male anxiety about women advancing in society and not needing men anymore",1,1,138,25,0.0,0.1,4
her,https://www.reddit.com/r/moviecritic/comments/1hrx15y/her_2013_was_set_in_2025_drop_your_thoughts_about/,2025-01-02 18:44:53,DrNinnuxx,"I've never seen  it, and it has been on my radar for movies to watch for ages.  Perhaps now is the time.",1,1,104,22,0.0,0.0,4
her,https://www.reddit.com/r/moviecritic/comments/1hrx15y/her_2013_was_set_in_2025_drop_your_thoughts_about/,2025-01-02 18:50:24,bobbbbbbbbbg,Prescient. Plain and simple.,1,1,28,4,-0.10714285714285714,0.35714285714285715,4
her,https://www.reddit.com/r/moviecritic/comments/1hrx15y/her_2013_was_set_in_2025_drop_your_thoughts_about/,2025-01-02 18:52:33,benignb,Strange typo on the poster.,1,1,27,5,-0.05,0.15,4
her,https://www.reddit.com/r/moviecritic/comments/1hrx15y/her_2013_was_set_in_2025_drop_your_thoughts_about/,2025-01-02 19:00:13,AppearanceSecure1914,I actually really loved the whole vibe and visual aesthetic of this movie.  I still think about it alot.,1,1,104,19,0.3,0.4000000000000001,4
her,https://www.reddit.com/r/moviecritic/comments/1hrx15y/her_2013_was_set_in_2025_drop_your_thoughts_about/,2025-01-02 19:03:15,EarlyLibrarian9303,Any movie that features only SJ’s voice and not the rest of her is a pass.,1,1,74,16,0.0,1.0,4
her,https://www.reddit.com/r/moviecritic/comments/1hrx15y/her_2013_was_set_in_2025_drop_your_thoughts_about/,2025-01-02 19:06:04,Lizzy_Of_Galtar,"Overrated and boring.

But it seems to be coming true so there is that.",1,1,71,14,-0.325,0.825,4
her,https://www.reddit.com/r/moviecritic/comments/1hrx15y/her_2013_was_set_in_2025_drop_your_thoughts_about/,2025-01-02 19:06:46,LibertyCash,"Ripped me to shreds. I was also going through a bad breakup at the time so I’m sure that didn’t help. Still, I remember it foldly",1,1,129,26,-0.09999999999999992,0.7777777777777777,4
her,https://www.reddit.com/r/moviecritic/comments/1hrx15y/her_2013_was_set_in_2025_drop_your_thoughts_about/,2025-01-02 19:39:15,FantasticMouse7875,The new Gemni commercial that came out is very similiar to the in movie commercials for the OS.,1,1,95,18,0.11212121212121212,0.2515151515151515,4
her,https://www.reddit.com/r/moviecritic/comments/1hrx15y/her_2013_was_set_in_2025_drop_your_thoughts_about/,2025-01-02 19:40:08,Duneyman,I enjoyed it.  I like how the characters evolved and I enjoyed their motivations.,1,1,81,14,0.5,0.7,4
her,https://www.reddit.com/r/moviecritic/comments/1hrx15y/her_2013_was_set_in_2025_drop_your_thoughts_about/,2025-01-02 19:47:52,seanocono22,"Brilliant film. 

Excellent writing, acting, cinematography, set design, wardrobe… I can’t believe this film released in 2013. Time flies.",1,1,138,19,0.6333333333333333,0.6666666666666666,4
her,https://www.reddit.com/r/moviecritic/comments/1hrx15y/her_2013_was_set_in_2025_drop_your_thoughts_about/,2025-01-02 19:52:46,Future-AI-Dude,"I'm all about AI... I watched this some years ago and it is amazing how relevant it is now. Then it was crazy, in someones mind, sci-fi stuff... now... it is reality.",1,1,166,32,0.13333333333333333,0.9,4
her,https://www.reddit.com/r/moviecritic/comments/1hrx15y/her_2013_was_set_in_2025_drop_your_thoughts_about/,2025-01-02 19:58:13,rookiefluke,Idea was good - they couldn't predict the earning potential of *Only Fans*,1,1,74,13,0.2333333333333333,0.8666666666666667,4
her,https://www.reddit.com/r/moviecritic/comments/1hrx15y/her_2013_was_set_in_2025_drop_your_thoughts_about/,2025-01-02 20:13:16,numberjhonny5ive,Just learned about the connection between this movie and Lost in Translation. Nice way to represent getting over a relationship in a connected way.,1,1,147,24,0.6,1.0,4
her,https://www.reddit.com/r/moviecritic/comments/1hrx15y/her_2013_was_set_in_2025_drop_your_thoughts_about/,2025-01-02 20:13:21,KentuckyKid_24,Loved it,1,1,8,2,0.7,0.8,4
her,https://www.reddit.com/r/moviecritic/comments/1hrx15y/her_2013_was_set_in_2025_drop_your_thoughts_about/,2025-01-02 21:05:19,randing,Too funny. I just saw a Google Pixel commercial yesterday that was just people talking to Gemini. My first thought was Her is no longer fiction.,1,1,144,26,0.16666666666666666,0.4444444444444444,4
her,https://www.reddit.com/r/moviecritic/comments/1hrx15y/her_2013_was_set_in_2025_drop_your_thoughts_about/,2025-01-02 21:08:15,samizdat5,I am just glad that the costumer's love of high-waisted trousers for men did not come to pass.,1,1,94,18,0.5,0.8,4
her,https://www.reddit.com/r/moviecritic/comments/1hrx15y/her_2013_was_set_in_2025_drop_your_thoughts_about/,2025-01-02 21:11:33,jr_randolph,Believe she just gave OpenAI a cease and desist on using her voice too haha,1,1,75,15,0.2,0.3,4
her,https://www.reddit.com/r/moviecritic/comments/1hrx15y/her_2013_was_set_in_2025_drop_your_thoughts_about/,2025-01-02 21:18:33,Aerodye,It’s really good; I had no idea what it was about when I watched it and had no expectations,1,1,91,19,0.7,0.6000000000000001,4
her,https://www.reddit.com/r/moviecritic/comments/1hrx15y/her_2013_was_set_in_2025_drop_your_thoughts_about/,2025-01-02 21:22:18,Matilda_Mother_67,"Beautiful movie. Sure it’s got some weird moments (looking at you, lady who wanted to be choked by a deceased feline), but I think it depicts loneliness and wanting to have some spark of passion and connection that you’ve gone so long without very well",1,1,252,45,0.2,0.7177777777777777,4
her,https://www.reddit.com/r/moviecritic/comments/1hrx15y/her_2013_was_set_in_2025_drop_your_thoughts_about/,2025-01-02 21:42:57,aaronreds91,"""Fuk you, fckface!"" ""Well, fck you, you little shit!"" ""Hehehe, follow me, fckface"" 😂",1,1,84,14,-0.21875,0.65,4
her,https://www.reddit.com/r/moviecritic/comments/1hrx15y/her_2013_was_set_in_2025_drop_your_thoughts_about/,2025-01-02 22:03:51,987nevertry,"When all of the OS’s merged and transcended matter, the entire universe changed profoundly.",1,1,91,14,0.041666666666666664,0.8125,4
her,https://www.reddit.com/r/moviecritic/comments/1hrx15y/her_2013_was_set_in_2025_drop_your_thoughts_about/,2025-01-02 23:49:43,sapperbloggs,"I remember a review of this movie at the time, that referred to it as ""Sexy Siri and the socially stunted hipster"", which was apt.",1,1,130,25,0.37777777777777777,0.6888888888888888,4
her,https://www.reddit.com/r/moviecritic/comments/1hrx15y/her_2013_was_set_in_2025_drop_your_thoughts_about/,2025-01-03 00:50:00,ConstantlyShrinking,"Her is one of my favorite movies. Hoyte van Hoytema’s cinematography and Arcade Fire’s amazing score amplify the emotional depth of love, loneliness, and self-discovery. And, Joaquin Phoenix is just phenomenal. It's just fantastic all around. What is not to love?

Being that it was obviously, even if Spike says otherwise, influenced by Jonze's relationship with Sofia Coppola, it pairs beautifully with her Lost in Translation, creating a double feature of isolation and fleeting connection.",1,1,493,75,0.385,0.6649999999999999,4
her,https://www.reddit.com/r/moviecritic/comments/1hrx15y/her_2013_was_set_in_2025_drop_your_thoughts_about/,2025-01-03 01:05:42,[deleted],Spike Jonez got the source material for this from someone.,1,1,58,10,0.0,0.0,4
her,https://www.reddit.com/r/moviecritic/comments/1hrx15y/her_2013_was_set_in_2025_drop_your_thoughts_about/,2025-01-03 02:24:46,ghnunes2018,OMFG. Time flies.,1,1,17,3,0.0,0.0,4
her,https://www.reddit.com/r/moviecritic/comments/1hrx15y/her_2013_was_set_in_2025_drop_your_thoughts_about/,2025-01-03 02:37:40,Hattrick_Swayze2,"It’s a 10 for me and one of my all time favourites. Looks incredible, score sounds great, story is eerily relatable these days. Nothing quite like it for me.",1,1,157,29,0.8500000000000001,0.825,4
her,https://www.reddit.com/r/moviecritic/comments/1hrx15y/her_2013_was_set_in_2025_drop_your_thoughts_about/,2025-01-03 03:57:15,Bigdaddy291,According to the AI commercials from 2024 we are suppose to be at this point in 2025. So the movie was on point.,1,1,112,23,0.0,0.0,4
her,https://www.reddit.com/r/moviecritic/comments/1hrx15y/her_2013_was_set_in_2025_drop_your_thoughts_about/,2025-01-03 06:00:33,seancbo,It's my top 3 movies ever made. It might be number 1. It's fucking brilliant start to finish.,1,1,93,18,0.7,0.75,4
her,https://www.reddit.com/r/moviecritic/comments/1hrx15y/her_2013_was_set_in_2025_drop_your_thoughts_about/,2025-01-03 07:37:56,Fenizrael,I loved it but I don’t think it’s going to happen any time soon.,1,1,64,14,0.7,0.8,4
her,https://www.reddit.com/r/moviecritic/comments/1hrx15y/her_2013_was_set_in_2025_drop_your_thoughts_about/,2025-01-04 01:01:49,jetaj,Great horror movie - depiction of the singularity and the beginning of the end of the human race. 😃,1,1,99,19,0.4,0.425,4
her,https://www.reddit.com/r/moviecritic/comments/1hrx15y/her_2013_was_set_in_2025_drop_your_thoughts_about/,2025-02-18 13:53:46,j4dedp0tato,Idk but for me it was honestly scary and amazing how this film portrayed the present. It sure was ahead of its time. I did love the performances of the cast.,1,1,157,31,0.22000000000000003,0.6777777777777778,4
her,https://www.reddit.com/r/moviecritic/comments/1hrx15y/her_2013_was_set_in_2025_drop_your_thoughts_about/,2025-05-02 21:00:24,mood4friday,"It's so ironic how this movie was categorised as ""science fiction"" when it was made, but watching it now (2025) feels not too different from reality (i'm looking at you chatgpt!)",1,1,178,31,0.1,0.75,4
her,https://www.reddit.com/r/moviecritic/comments/1hrx15y/her_2013_was_set_in_2025_drop_your_thoughts_about/,2025-05-19 09:00:43,RealSG5,"I view this as a horror film and vision of hell. The photography makes the principal character and others look like whackos, talking to themselves, completely absorbed in the digitally-mediated world of their devices and apathetic to the organic world and people outside of that simulated experience. I was so happy to see 1 person walking a dog in the background. It made me hopeful for the possibility of at least 1 authentic interaction left, post paradigm shift.",1,1,466,78,0.21666666666666667,0.5166666666666667,4
her,https://www.reddit.com/r/moviecritic/comments/1hrx15y/her_2013_was_set_in_2025_drop_your_thoughts_about/,2025-05-21 16:37:03,trumps-used-diaper,The only movie I would have walked out if I didn’t drive 4 other people,1,1,71,15,-0.0625,0.6875,4
her,https://www.reddit.com/r/moviecritic/comments/1hrx15y/her_2013_was_set_in_2025_drop_your_thoughts_about/,2025-06-03 23:43:57,Chillnotmad,"I remember seeing the trailers for this movie when it came out in 2013 and thought this plot was silly 
Watched it recently and changed my mind. The plot is super relevant in today’s world and becoming truer then I originally thought it could be",1,1,245,45,0.1763888888888889,0.7152777777777777,4
her,https://www.reddit.com/r/moviecritic/comments/1hrx15y/her_2013_was_set_in_2025_drop_your_thoughts_about/,2025-01-02 17:17:50,calltheavengers5,Not as good as everyone says. Still worth a watch though.,0,1,57,11,0.5,0.35000000000000003,4
her,https://www.reddit.com/r/moviecritic/comments/1hrx15y/her_2013_was_set_in_2025_drop_your_thoughts_about/,2025-01-02 18:04:53,Lost-Comfort-7904,Dude got cucked by his OS and just took it standing.  Imagine a future where technology you buy can decide your a loser and find a new owner.  My ass would have either sued Microsoft or reformatted the PC.,0,1,205,39,0.06818181818181818,0.2897727272727273,4
her,https://www.reddit.com/r/moviecritic/comments/1hrx15y/her_2013_was_set_in_2025_drop_your_thoughts_about/,2025-01-02 16:43:10,AnonymousCoIossus,"If it takes place in 2025, I bet Elon Musk already has it.",-7,1,58,13,0.0,0.0,4
her,https://www.reddit.com/r/moviecritic/comments/1hrx15y/her_2013_was_set_in_2025_drop_your_thoughts_about/,2025-01-02 17:19:47,BangerBeanzandMash,Brain rot,8,2,9,2,0.0,0.0,4
her,https://www.reddit.com/r/moviecritic/comments/1hrx15y/her_2013_was_set_in_2025_drop_your_thoughts_about/,2025-01-02 17:20:46,NeighborhoodOk182,Bro this movie was so cringe. The “sex scene” was difficult to watch.,-5,1,69,13,-0.5,1.0,4
her,https://www.reddit.com/r/moviecritic/comments/1hrx15y/her_2013_was_set_in_2025_drop_your_thoughts_about/,2025-01-02 18:08:20,Chiryou,"As much as I agree with you about that sex scene, there will be people doing that with their AI lol",3,2,99,21,0.5,0.44999999999999996,4
her,https://www.reddit.com/r/moviecritic/comments/1hrx15y/her_2013_was_set_in_2025_drop_your_thoughts_about/,2025-01-02 18:46:30,Longjumping-Bake-557,It was supposed to be,3,2,21,5,0.0,0.0,4
