Movie,URL,Fecha UTC,Autor,Comentario,Puntaje,Nivel,NumChars,NumWords,Polarity,Subjectivity,Cluster
eternal_sunshine_of_the_spotless_mind,https://www.reddit.com/r/movies/comments/195s51j/eternal_sunshine_of_the_spotless_mind,2024-08-09 02:42:55,RealNoodles221,wow,14,3,3,1,0.1,1.0,4
eternal_sunshine_of_the_spotless_mind,https://www.reddit.com/r/movies/comments/195s51j/eternal_sunshine_of_the_spotless_mind,2024-11-19 09:33:38,Zestyclose-Sir-851,Agreed! Lovely and astounding ending!,5,2,37,5,0.625,0.875,4
eternal_sunshine_of_the_spotless_mind,https://www.reddit.com/r/movies/comments/195s51j/eternal_sunshine_of_the_spotless_mind,2024-11-20 01:23:04,Confident-City-3108,"Yes! It hit me too, look on te other side of a bad breakup, or any breakup, if I ever wanted to erase a memory, made me reflect on how important all of them are...",3,2,163,35,-0.1416666666666666,0.6805555555555555,4
eternal_sunshine_of_the_spotless_mind,https://www.reddit.com/r/movies/comments/195s51j/eternal_sunshine_of_the_spotless_mind,2025-03-14 13:56:34,ilovetyrol,"Yes.  That final ""okay.""  Best ending to a wonderful movie.",3,2,59,10,0.625,0.7,4
eternal_sunshine_of_the_spotless_mind,https://www.reddit.com/r/movies/comments/195s51j/eternal_sunshine_of_the_spotless_mind,2024-01-13 17:01:53,[deleted],Yeah. The scene where he can’t accept his decision and want her to not erased is so convincing.,39,2,95,18,0.5,1.0,4
eternal_sunshine_of_the_spotless_mind,https://www.reddit.com/r/movies/comments/195s51j/eternal_sunshine_of_the_spotless_mind,2024-01-13 17:50:30,Korbas,"While the premise of the movie is completely science fictional the personal drama can’t be more real and grounded.

I bought this movie for a birthday gift for my then girlfriend but I bought it something else instead and I kept it. She finally got it since we married :P",45,3,271,50,0.225,0.5,4
eternal_sunshine_of_the_spotless_mind,https://www.reddit.com/r/movies/comments/195s51j/eternal_sunshine_of_the_spotless_mind,2024-04-14 18:58:08,RadiantCauliflower92,">for my then girlfriend

oh no

>She finally got it since we married :P

yessssssss

You got me, not gonna lie.",21,4,111,21,0.3333333333333333,0.75,4
eternal_sunshine_of_the_spotless_mind,https://www.reddit.com/r/movies/comments/195s51j/eternal_sunshine_of_the_spotless_mind,2025-02-17 11:36:53,Lost_Adeptness3291,"a year later and here i am bamboozled, just as you were",5,5,55,12,0.0,0.0,4
eternal_sunshine_of_the_spotless_mind,https://www.reddit.com/r/movies/comments/195s51j/eternal_sunshine_of_the_spotless_mind,2024-01-14 02:56:01,HGrande,Same. Top 5 all time for me. I’ve lost count of how many times I’ve rewatched it. ,5,2,82,17,0.3333333333333333,0.375,4
eternal_sunshine_of_the_spotless_mind,https://www.reddit.com/r/movies/comments/195s51j/eternal_sunshine_of_the_spotless_mind,2025-02-23 18:36:43,Xtess1999,"Está película la odio porque el director quería que en todo momento jim Carrey se sintiera mal, lo dejo con secuelas, que enfermo le gusta esta clase de películas que destruyen a un hombre, bastardos sin corazón, mejor vean mierda a ver si les gusta",1,2,249,45,0.0,0.0,4
eternal_sunshine_of_the_spotless_mind,https://www.reddit.com/r/movies/comments/195s51j/eternal_sunshine_of_the_spotless_mind,2024-01-14 23:51:21,TheJesseClark,100% agreed. I genuinely think it’s in the running for best screenplay ever written.,10,3,84,14,0.7,0.4,4
eternal_sunshine_of_the_spotless_mind,https://www.reddit.com/r/movies/comments/195s51j/eternal_sunshine_of_the_spotless_mind,2024-01-15 00:09:24,bjankles,"Probably not the only Kaufman screenplay in that running, either.",5,4,65,10,0.0,1.0,4
eternal_sunshine_of_the_spotless_mind,https://www.reddit.com/r/movies/comments/195s51j/eternal_sunshine_of_the_spotless_mind,2025-05-25 19:35:11,sevohanian,"This is my #1 favorite movie of all time, and you perfectly articulated in a few sentences what makes it so special to me. Going to borrow this, thank you.",3,2,155,30,0.4142857142857143,0.6678571428571429,4
eternal_sunshine_of_the_spotless_mind,https://www.reddit.com/r/movies/comments/195s51j/eternal_sunshine_of_the_spotless_mind,2025-05-28 17:06:16,ahuangb,The man himself. When's the next Ohanian & Chaganty original coming out? Been patiently waiting,3,3,95,15,0.1875,0.375,4
eternal_sunshine_of_the_spotless_mind,https://www.reddit.com/r/movies/comments/195s51j/eternal_sunshine_of_the_spotless_mind,2025-05-28 17:23:14,sevohanian,"Haha thanks man! I have a movie out in theaters right now SINNERS! If you haven’t checked it out I highly recommend. 

As for Aneesh Natalie and I… you might see an announcement about it next week 😜. 

Thanks for the support 🙏",3,4,226,43,0.19452380952380954,0.2959523809523809,4
eternal_sunshine_of_the_spotless_mind,https://www.reddit.com/r/movies/comments/195s51j/eternal_sunshine_of_the_spotless_mind,2024-01-13 18:50:44,TheAlexPlus,“…okay.”,50,2,8,1,0.0,0.0,4
eternal_sunshine_of_the_spotless_mind,https://www.reddit.com/r/movies/comments/195s51j/eternal_sunshine_of_the_spotless_mind,2025-03-01 19:46:39,ComprehensiveAge65,"Man, I never expected the word ""Okay"" to hit me like it did. But man, that word had me bawling.",4,3,95,20,0.275,0.45,4
eternal_sunshine_of_the_spotless_mind,https://www.reddit.com/r/movies/comments/195s51j/eternal_sunshine_of_the_spotless_mind,2024-01-13 17:07:30,Cool_Captain07,It’s poetic for me,20,2,18,4,0.375,0.75,4
eternal_sunshine_of_the_spotless_mind,https://www.reddit.com/r/movies/comments/195s51j/eternal_sunshine_of_the_spotless_mind,2024-01-14 03:17:12,MoonDaddy,You may be interested in [Amor Fati](https://en.wikipedia.org/wiki/Amor_fati).,3,3,78,7,0.25,0.5,4
eternal_sunshine_of_the_spotless_mind,https://www.reddit.com/r/movies/comments/195s51j/eternal_sunshine_of_the_spotless_mind,2024-01-14 05:08:10,mikeweasy,Yeah I hope I can do that as well.,3,2,34,9,0.0,0.0,4
eternal_sunshine_of_the_spotless_mind,https://www.reddit.com/r/movies/comments/195s51j/eternal_sunshine_of_the_spotless_mind,2025-04-07 03:28:27,PublicAlternative452,"Did u forget about it bro ?
Asking because I’m in the same situation now",1,3,72,15,0.0,0.125,4
eternal_sunshine_of_the_spotless_mind,https://www.reddit.com/r/movies/comments/195s51j/eternal_sunshine_of_the_spotless_mind,2024-01-13 23:13:18,multijoy,It was astonishing in the cinema - there's no reverb at all which makes it incredibly striking.,9,2,95,17,0.5,1.0,4
eternal_sunshine_of_the_spotless_mind,https://www.reddit.com/r/movies/comments/195s51j/eternal_sunshine_of_the_spotless_mind,2024-01-13 18:09:14,[deleted],Added a new song for my playlist. ,8,2,34,7,0.13636363636363635,0.45454545454545453,4
eternal_sunshine_of_the_spotless_mind,https://www.reddit.com/r/movies/comments/195s51j/eternal_sunshine_of_the_spotless_mind,2024-01-13 18:26:15,drehventil,"Yes, I was also pleased when it was available on Spotify again about a year ago, after you couldn't listen to it there for a long time.",7,3,135,27,0.2833333333333333,0.6,4
eternal_sunshine_of_the_spotless_mind,https://www.reddit.com/r/movies/comments/195s51j/eternal_sunshine_of_the_spotless_mind,2024-01-13 23:52:32,chiefgareth,Very much a cover,4,3,17,4,0.26,0.26,4
eternal_sunshine_of_the_spotless_mind,https://www.reddit.com/r/movies/comments/195s51j/eternal_sunshine_of_the_spotless_mind,2024-01-14 00:07:13,Jrobmn,A 1981 single by The Korgis.,4,3,28,6,-0.07142857142857142,0.21428571428571427,4
eternal_sunshine_of_the_spotless_mind,https://www.reddit.com/r/movies/comments/195s51j/eternal_sunshine_of_the_spotless_mind,2024-01-14 00:11:53,Secular-Flesh,"Oh wow. Who knew?

This Entire Sub: “Everyone but you, dingbat!”

I just listened to the original. It’s lovely but I’m emotionally attached to the Beck version.",4,4,160,27,0.195,0.755,4
eternal_sunshine_of_the_spotless_mind,https://www.reddit.com/r/movies/comments/195s51j/eternal_sunshine_of_the_spotless_mind,2024-01-14 02:34:50,Jrobmn,They both have things to recommend them. But the Korgis had 20+ years to set the hook for me before Beck got there.,2,5,115,23,0.0,0.0,4
eternal_sunshine_of_the_spotless_mind,https://www.reddit.com/r/movies/comments/195s51j/eternal_sunshine_of_the_spotless_mind,2024-01-13 18:59:16,video-kid,"Again, I've seen this movie over twenty times. I have an Eternal Sunshine tattoo, and I wrote an essay on it in college when I was like 17 (College is 16-18 here). I also studied film at University so I just picked up on a lot of stuff, especially after repeated viewing. Again, though, the more you watch it the more you'll find new things, and it's probably the single most influential movies to my writing style (albeit I'm more focused on fiction than screenplays).",18,3,469,85,0.2949907235621521,0.5241187384044527,4
eternal_sunshine_of_the_spotless_mind,https://www.reddit.com/r/movies/comments/195s51j/eternal_sunshine_of_the_spotless_mind,2024-01-13 19:04:27,Cool_Captain07,"I heard about Michel Gondry after this movie on my research, he liked to play with layers on optical illusion more than animation.",2,4,130,23,0.55,0.65,4
eternal_sunshine_of_the_spotless_mind,https://www.reddit.com/r/movies/comments/195s51j/eternal_sunshine_of_the_spotless_mind,2024-10-29 19:20:14,Outside_Lavishness13,TWENTY TIMES? WHAT,2,4,18,3,0.0,0.0,4
eternal_sunshine_of_the_spotless_mind,https://www.reddit.com/r/movies/comments/195s51j/eternal_sunshine_of_the_spotless_mind,2024-12-09 19:57:43,aos-,I just finished watching this for the first time and needed to rewatch for the one-legged scene you mentioned. seriously did not notice!,3,2,136,23,-0.08333333333333331,0.5,4
eternal_sunshine_of_the_spotless_mind,https://www.reddit.com/r/movies/comments/195s51j/eternal_sunshine_of_the_spotless_mind,2024-01-13 22:05:28,[deleted],Should have been the movie Kate Winslet won the Oscar for.,25,2,58,11,0.0,0.0,4
eternal_sunshine_of_the_spotless_mind,https://www.reddit.com/r/movies/comments/195s51j/eternal_sunshine_of_the_spotless_mind,2024-01-13 18:30:07,BeExcellentPartyOn,"People on /r/movies think that if there isn't a thread about a particular movie on this specific platform 3 times a week it's a hidden gem. That's why you get people constantly commenting on average movies that don't really need to be remembered forever like Dredd, Annihilation or Moon in every single thread.",53,2,310,53,-0.0030612244897959156,0.2770408163265306,4
eternal_sunshine_of_the_spotless_mind,https://www.reddit.com/r/movies/comments/195s51j/eternal_sunshine_of_the_spotless_mind,2024-01-13 18:47:18,ObviousIndependent76,Whoa. Moon is average??,12,3,23,4,-0.15,0.39999999999999997,4
eternal_sunshine_of_the_spotless_mind,https://www.reddit.com/r/movies/comments/195s51j/eternal_sunshine_of_the_spotless_mind,2024-01-13 19:08:31,BeExcellentPartyOn,"I think it's a decent, bit above average film similar to Dredd, but ultimately it's not a film that must stay in the zeitgeist forever like many people here want them to be is my point. It's fine for just good movies to come and go.",8,4,232,46,0.20416666666666666,0.5208333333333333,4
eternal_sunshine_of_the_spotless_mind,https://www.reddit.com/r/movies/comments/195s51j/eternal_sunshine_of_the_spotless_mind,2024-04-21 12:12:08,wolveslair,Whoa. Annihilation is average??,2,3,31,4,-0.15,0.39999999999999997,4
eternal_sunshine_of_the_spotless_mind,https://www.reddit.com/r/movies/comments/195s51j/eternal_sunshine_of_the_spotless_mind,2024-11-19 09:38:12,Zestyclose-Sir-851,Sadly should have been even better.,1,4,35,6,0.0,0.75,4
eternal_sunshine_of_the_spotless_mind,https://www.reddit.com/r/movies/comments/195s51j/eternal_sunshine_of_the_spotless_mind,2024-01-13 17:26:21,qtx,You need new friends then.,12,3,26,5,0.13636363636363635,0.45454545454545453,4
eternal_sunshine_of_the_spotless_mind,https://www.reddit.com/r/movies/comments/195s51j/eternal_sunshine_of_the_spotless_mind,2024-01-13 20:58:24,neverfoil,"I mean, it's been mentioned just on this sub nine times in the last 24 days.",25,3,76,16,-0.15625,0.3770833333333333,4
eternal_sunshine_of_the_spotless_mind,https://www.reddit.com/r/movies/comments/195s51j/eternal_sunshine_of_the_spotless_mind,2024-01-14 02:57:38,reubal,You think people working in film are running around talking about Eternal Sunshine all day?,3,3,91,15,0.0,0.0,4
eternal_sunshine_of_the_spotless_mind,https://www.reddit.com/r/movies/comments/195s51j/eternal_sunshine_of_the_spotless_mind,2024-01-14 10:32:36,OwlOfC1nder,No I don't but according th OP there is a place where people are so I'm just trying to figure it out,3,4,100,22,0.0,0.0,4
eternal_sunshine_of_the_spotless_mind,https://www.reddit.com/r/movies/comments/195s51j/eternal_sunshine_of_the_spotless_mind,2024-01-13 18:40:36,Cool_Captain07,Im a beginner myself and wasn’t aware of this.,32,2,46,9,0.25,0.25,4
eternal_sunshine_of_the_spotless_mind,https://www.reddit.com/r/movies/comments/195s51j/eternal_sunshine_of_the_spotless_mind,2024-04-04 01:13:10,-SwanGoose-,I mean dude. That's rough but 100% worth it. He literally created one of the best pieces of art to ever exist.. that's fucking worth dude,17,4,137,26,0.2375,0.3175,4
eternal_sunshine_of_the_spotless_mind,https://www.reddit.com/r/movies/comments/195s51j/eternal_sunshine_of_the_spotless_mind,2024-01-13 19:09:26,Cool_Captain07,“Its nice”,8,4,10,2,0.6,1.0,4
eternal_sunshine_of_the_spotless_mind,https://www.reddit.com/r/movies/comments/195s51j/eternal_sunshine_of_the_spotless_mind,2024-01-14 02:23:23,Phonejadaris,"Shitty r/movies poster click bait. ""Underrated"" ""more popular"" ""hidden gem"" are all phrases that need to be hard banned here",9,2,124,20,0.1604166666666667,0.56875,4
eternal_sunshine_of_the_spotless_mind,https://www.reddit.com/r/movies/comments/195s51j/eternal_sunshine_of_the_spotless_mind,2024-01-14 10:11:15,jonnemesis,I can't believe you're being downvoted for this,5,3,47,8,0.0,0.0,4
eternal_sunshine_of_the_spotless_mind,https://www.reddit.com/r/movies/comments/195s51j/eternal_sunshine_of_the_spotless_mind,2024-01-13 18:32:29,50R14,"I watched this movie in fall 2004 as my senior year of high school started. It literally changed my life and paved my path towards film journalism/criticism. It’s been about 8 years since I stopped writing about films, but every once in awhile, I get the itch when I rewatch Eternal Sunshine.",37,1,292,52,0.16,0.5399999999999999,4
eternal_sunshine_of_the_spotless_mind,https://www.reddit.com/r/movies/comments/195s51j/eternal_sunshine_of_the_spotless_mind,2024-01-13 18:39:06,Cool_Captain07,This movie inspired me to explore unpopular movies.,1,2,51,8,0.0,0.0,4
eternal_sunshine_of_the_spotless_mind,https://www.reddit.com/r/movies/comments/195s51j/eternal_sunshine_of_the_spotless_mind,2024-01-13 18:51:07,50R14,"I'd reframe that. Eternal Sunshine was a very popular movie when it came out, especially considering who it starred.

Reframe that towards ""exploring independent movies.""",21,3,170,25,0.26,0.7083333333333334,4
eternal_sunshine_of_the_spotless_mind,https://www.reddit.com/r/movies/comments/195s51j/eternal_sunshine_of_the_spotless_mind,2024-01-13 20:11:30,Tigerfluff23,"The whole damn thing was beautiful from start to finish, but its only in the last memory, as he says ""I ran back to the bonfire, I was trying to outrun my humiliation"" and saying ""I wish I had stayed"" Now as an adult, after having gone through what I have, I can't hear those words without hearing myself in them. Things left unspoken and broken. 

It truly is an amazing film and in my top 10 list still sits at the top.",37,1,421,83,0.21363636363636365,0.4606060606060606,4
eternal_sunshine_of_the_spotless_mind,https://www.reddit.com/r/movies/comments/195s51j/eternal_sunshine_of_the_spotless_mind,2024-01-14 04:57:56,mikeweasy,"""Please let me keep this memory, just this one""",37,1,47,9,0.0,0.0,4
eternal_sunshine_of_the_spotless_mind,https://www.reddit.com/r/movies/comments/195s51j/eternal_sunshine_of_the_spotless_mind,2024-12-31 05:05:49,SimpleSea2112,"Yeah. It reminds me of how relationships make up our best and worst memories, so he can't erase the worst without also erasing the best.",9,2,136,25,0.0,0.6499999999999999,4
eternal_sunshine_of_the_spotless_mind,https://www.reddit.com/r/movies/comments/195s51j/eternal_sunshine_of_the_spotless_mind,2024-01-13 17:41:36,insiboy,This has been my number one movie for years. The piano piece on the elephant parade is one of my favorites ever. Wish it had a longer version,56,1,141,28,-0.25,0.23333333333333334,4
eternal_sunshine_of_the_spotless_mind,https://www.reddit.com/r/movies/comments/195s51j/eternal_sunshine_of_the_spotless_mind,2024-01-13 18:14:59,macmann69,That’s my favorite scene also.  She states that she wants to be an elephant in her next life… always remember elephants never forget.  It’s a deep film….,54,2,153,27,0.175,0.375,4
eternal_sunshine_of_the_spotless_mind,https://www.reddit.com/r/movies/comments/195s51j/eternal_sunshine_of_the_spotless_mind,2024-01-13 19:23:05,thaddeus423,"Still, even now, this movie finds new ways to break my heart. 

An elephant never forgets, and she’s been forgetting the love of her life for her entire existence. 

I wonder if they knew, at some level? That they’d been here before. That they were just repeating history over and over again.",19,3,292,52,0.21212121212121213,0.5598484848484848,4
eternal_sunshine_of_the_spotless_mind,https://www.reddit.com/r/movies/comments/195s51j/eternal_sunshine_of_the_spotless_mind,2024-12-31 05:01:37,SimpleSea2112,"Isn't that how it always feels when you meet someone you really connect with? The feeling that you've been there before, over and over again.",6,4,141,25,0.2,0.2,4
eternal_sunshine_of_the_spotless_mind,https://www.reddit.com/r/movies/comments/195s51j/eternal_sunshine_of_the_spotless_mind,2025-02-09 02:18:51,BugsBunning,that’s what hurts most about this film. I honestly believe you can only truly appreciate how it represents romance if you have met someone and it feels like you’ve always known each other.,5,5,188,33,0.24375000000000002,0.69375,4
eternal_sunshine_of_the_spotless_mind,https://www.reddit.com/r/movies/comments/195s51j/eternal_sunshine_of_the_spotless_mind,2024-01-13 17:44:22,[deleted],Its subtle and simple. Wish to had some like this on new movies.,3,2,64,13,-0.06565656565656565,0.43722943722943725,4
eternal_sunshine_of_the_spotless_mind,https://www.reddit.com/r/movies/comments/195s51j/eternal_sunshine_of_the_spotless_mind,2024-01-13 21:06:46,infinitytomorrow,">  why isn’t this film more popular?

It’s extremely popular, you’re just 20 years late",25,1,87,15,0.35000000000000003,0.725,4
eternal_sunshine_of_the_spotless_mind,https://www.reddit.com/r/movies/comments/195s51j/eternal_sunshine_of_the_spotless_mind,2024-10-16 20:58:26,Artpunk00,"Now that you mention dogs, there's a scene at the reception of the mind-erasing company in which an old woman is crying carrying her presumambly dead dog, to get her memories of it erased. Hit hard when I saw that.",11,2,214,40,-0.1479166666666667,0.4354166666666667,4
eternal_sunshine_of_the_spotless_mind,https://www.reddit.com/r/movies/comments/195s51j/eternal_sunshine_of_the_spotless_mind,2024-10-17 03:34:14,laowaixiabi,"Wasn't expecting a reply to a 9 month old comment but here we are!


Not the dead dog itself, but yes, pictures of the dog, and all of the dog's paraphernalia- toys, food bowl etc.",5,3,180,35,-0.037500000000000006,0.30000000000000004,4
eternal_sunshine_of_the_spotless_mind,https://www.reddit.com/r/movies/comments/195s51j/eternal_sunshine_of_the_spotless_mind,2024-01-13 17:09:11,ticklemesatan,"Can’t watch anymore, too close to home.",49,1,39,7,0.0,0.0,4
eternal_sunshine_of_the_spotless_mind,https://www.reddit.com/r/movies/comments/195s51j/eternal_sunshine_of_the_spotless_mind,2024-01-14 01:23:09,ootant,"""Meet me in montauk""....I love this movie",23,1,41,7,0.5,0.6,4
eternal_sunshine_of_the_spotless_mind,https://www.reddit.com/r/movies/comments/195s51j/eternal_sunshine_of_the_spotless_mind,2024-07-22 06:34:57,sevenradicals,"my favorite line of the movie, and the direction of the scene of her saying it, and how it comes full circle to the beginning of the movie, so perfect",10,2,150,30,0.6166666666666667,0.85,4
eternal_sunshine_of_the_spotless_mind,https://www.reddit.com/r/movies/comments/195s51j/eternal_sunshine_of_the_spotless_mind,2024-01-13 22:40:51,RedShoesTribute,"It’s mainly because of the writer Charlie Kaufman. He’s one of the best writers of the past 25 years.

Check out Being John Malkovich and Adaptation as well written by him",18,1,171,31,0.3055555555555556,0.29444444444444445,4
eternal_sunshine_of_the_spotless_mind,https://www.reddit.com/r/movies/comments/195s51j/eternal_sunshine_of_the_spotless_mind,2024-01-13 19:47:28,LLDN,"I will say it has over [2M logged views on Letterboxd](https://boxd.it/6YK)  and an average rating of 4.2 so I would argue it actually is fairly popular and very well received. Since it sounds like you are new to movies, it could just be that it’s from a decade or genres you are less familiar with. Would encourage you to check out other Michel Gondry if you like his style and more Charlie Kaufman if you liked the wild nature of the story.",18,1,442,82,0.20696969696969697,0.4696212121212122,4
eternal_sunshine_of_the_spotless_mind,https://www.reddit.com/r/movies/comments/195s51j/eternal_sunshine_of_the_spotless_mind,2024-01-13 17:56:21,pondslider,"What if you stayed this time?

I walked out the door, there’s no memory left

Come back and make up a goodbye at least. Let’s pretend we had one. Bye Joel.",48,1,155,31,-0.09999999999999999,0.13333333333333333,4
eternal_sunshine_of_the_spotless_mind,https://www.reddit.com/r/movies/comments/195s51j/eternal_sunshine_of_the_spotless_mind,2024-01-13 17:59:15,Cool_Captain07,I prefer this kate over titanic,19,2,31,6,0.0,0.0,4
eternal_sunshine_of_the_spotless_mind,https://www.reddit.com/r/movies/comments/195s51j/eternal_sunshine_of_the_spotless_mind,2024-01-13 18:28:44,vinsmokewhoswho,"One of my absolute favorites. I watch it every year. It's funny, it's heartfelt, it's heartbreaking.",17,1,100,16,0.15,0.9666666666666667,4
eternal_sunshine_of_the_spotless_mind,https://www.reddit.com/r/movies/comments/195s51j/eternal_sunshine_of_the_spotless_mind,2024-01-13 18:35:46,Cool_Captain07,I’m glad I followed my instincts and watched it without overthinking.,5,2,69,11,0.5,1.0,4
eternal_sunshine_of_the_spotless_mind,https://www.reddit.com/r/movies/comments/195s51j/eternal_sunshine_of_the_spotless_mind,2024-01-13 16:49:43,fartsmellsbad,I watch it every month or so,27,1,28,7,0.0,0.0,4
eternal_sunshine_of_the_spotless_mind,https://www.reddit.com/r/movies/comments/195s51j/eternal_sunshine_of_the_spotless_mind,2024-01-13 19:44:29,rollerskateginny,Are you doing ok,36,2,16,4,0.5,0.5,4
eternal_sunshine_of_the_spotless_mind,https://www.reddit.com/r/movies/comments/195s51j/eternal_sunshine_of_the_spotless_mind,2024-01-13 19:45:16,fartsmellsbad,No :),47,3,5,2,0.5,1.0,4
eternal_sunshine_of_the_spotless_mind,https://www.reddit.com/r/movies/comments/195s51j/eternal_sunshine_of_the_spotless_mind,2024-01-13 16:54:52,Cool_Captain07,"I completely agree; it’s a movie worthy of repeated viewing. However, my regret is that this film isn’t as widely popular as other mediocre romantic or sci-fi movies.",10,2,166,28,0.06805555555555554,0.6958333333333333,4
eternal_sunshine_of_the_spotless_mind,https://www.reddit.com/r/movies/comments/195s51j/eternal_sunshine_of_the_spotless_mind,2024-01-13 17:01:00,fartsmellsbad,It is popular among cinephiles for sure,17,3,39,7,0.55,0.8944444444444444,4
eternal_sunshine_of_the_spotless_mind,https://www.reddit.com/r/movies/comments/195s51j/eternal_sunshine_of_the_spotless_mind,2024-01-13 17:03:38,Cool_Captain07,Im a beginner.,1,4,14,3,0.0,0.0,4
eternal_sunshine_of_the_spotless_mind,https://www.reddit.com/r/movies/comments/195s51j/eternal_sunshine_of_the_spotless_mind,2024-01-14 02:26:23,Phonejadaris,And that excuses you to say things that are flat out wrong?,1,5,59,12,-0.2625,0.5125,4
eternal_sunshine_of_the_spotless_mind,https://www.reddit.com/r/movies/comments/195s51j/eternal_sunshine_of_the_spotless_mind,2024-01-14 09:32:57,[deleted],"What is wrong with being a beginner ? You should wrap your sad ass and shit somewhere else, prick. Don’t make this sub a bitch place.",2,6,133,26,-0.39999999999999997,0.9,4
eternal_sunshine_of_the_spotless_mind,https://www.reddit.com/r/movies/comments/195s51j/eternal_sunshine_of_the_spotless_mind,2024-01-13 16:59:06,teebalicious,"Because the promotional art says “A smart, sexy, and seriously funny comedy - Peter Travers, Rolling Stone” on it? Heh.

But seriously. That’s how little the studio trusted people to watch Jim Carrey in a dramatic role, even after The Truman Show. Wild.",29,1,253,43,0.015731292517006806,0.6870748299319728,4
eternal_sunshine_of_the_spotless_mind,https://www.reddit.com/r/movies/comments/195s51j/eternal_sunshine_of_the_spotless_mind,2024-01-13 17:21:27,[deleted],"Oh yeah, one of Jim’s most hilarious movies! Studio was spot on.",9,2,64,12,0.5625,0.75,4
eternal_sunshine_of_the_spotless_mind,https://www.reddit.com/r/movies/comments/195s51j/eternal_sunshine_of_the_spotless_mind,2024-01-13 18:59:37,bambinoquinn,I avoided watching it for years because I didn't think i could handle what I thought the plot was going to be. Just thought it was gonna break me. Eventually watched it 3 years ago and absolutely adored it. I think I sang 'Everybody's gotta learn sometimes' around the house for a week,12,1,285,53,0.2,0.9,4
eternal_sunshine_of_the_spotless_mind,https://www.reddit.com/r/movies/comments/195s51j/eternal_sunshine_of_the_spotless_mind,2024-07-22 06:37:30,sevenradicals,"> but just seemed a bit mis cast

I walked away thinking that role couldn't have been played better by anyone else on the planet",12,2,128,25,0.5,0.5,4
eternal_sunshine_of_the_spotless_mind,https://www.reddit.com/r/movies/comments/195s51j/eternal_sunshine_of_the_spotless_mind,2024-12-30 06:12:37,World71Racer,"Kate Winslet being a predominantly-dramatic actress playing a happy-go-lucky 20-something woman, who has a beautiful, albeit deeply-flawed love to herself, is such a compelling combination. She and Jim Carrey have beautiful chemistry in those scenes where they are realizing what they are doing to their memories, where you start to really feel their connection that builds to the scene where the house comes crumbling down. No two actors could've sold that better than them.",4,3,475,74,0.3805555555555556,0.5861111111111111,4
eternal_sunshine_of_the_spotless_mind,https://www.reddit.com/r/movies/comments/195s51j/eternal_sunshine_of_the_spotless_mind,2024-01-13 20:18:15,grokabilly,It’s my favorite movie ever,12,1,27,5,0.5,1.0,4
eternal_sunshine_of_the_spotless_mind,https://www.reddit.com/r/movies/comments/195s51j/eternal_sunshine_of_the_spotless_mind,2024-01-14 00:20:40,Saturn_Ascension,"Were you able to watch the making of and behind the scenes stuff?    All of those special effects are practical and done 'in camera.'    The forced perspective stuff when 'young Joel' is under the table, hidden doors and short sprints when he's chasing her through the kitchen and out the apartment and even when people/things start to blur and fade as the memories are torn away...    It's well worth watching and I've found just makes the movie all the better on a rewatch.",11,1,475,83,0.09894179894179894,0.4144179894179894,4
eternal_sunshine_of_the_spotless_mind,https://www.reddit.com/r/movies/comments/195s51j/eternal_sunshine_of_the_spotless_mind,2024-01-16 02:02:43,Brunch_Hopkins,"Some other movies you might like that I think are a little bit *Eternal Sunshine* coded: 

*Her (2013)* 

*Fingernails (2023)* 

*Lars and the Real Girl (2007)*

*Im Thinking of Ending Things (2020)*

*Nine Days (2020)*",10,1,219,35,-0.0375,0.39166666666666666,4
eternal_sunshine_of_the_spotless_mind,https://www.reddit.com/r/movies/comments/195s51j/eternal_sunshine_of_the_spotless_mind,2024-01-16 05:12:56,Cool_Captain07,Thanks buddy,2,2,12,2,0.2,0.2,4
eternal_sunshine_of_the_spotless_mind,https://www.reddit.com/r/movies/comments/195s51j/eternal_sunshine_of_the_spotless_mind,2024-11-19 09:47:29,Zestyclose-Sir-851,Nine Days is astounding. I’m teaching ESOTSM now and Nine Days at the end of the semester.,1,2,90,17,0.6,1.0,4
eternal_sunshine_of_the_spotless_mind,https://www.reddit.com/r/movies/comments/195s51j/eternal_sunshine_of_the_spotless_mind,2025-04-21 04:27:20,Pomegranate_Planet01,"Fun fact for those who don't know, *I'm Thinking of Ending Things* is actually directed by Charlie Kaufman!",1,2,107,18,0.15,0.15000000000000002,4
eternal_sunshine_of_the_spotless_mind,https://www.reddit.com/r/movies/comments/195s51j/eternal_sunshine_of_the_spotless_mind,2024-01-13 22:06:31,[deleted],March 2004. Not April.,3,2,22,4,0.0,0.0,4
eternal_sunshine_of_the_spotless_mind,https://www.reddit.com/r/movies/comments/195s51j/eternal_sunshine_of_the_spotless_mind,2024-01-14 04:31:12,ObviousIndependent76,Corrected…and that’s worse.,2,3,27,3,-0.4,0.6,4
eternal_sunshine_of_the_spotless_mind,https://www.reddit.com/r/movies/comments/195s51j/eternal_sunshine_of_the_spotless_mind,2024-01-13 18:57:46,Cool_Captain07,The detailing on this movie is outstanding. It will be certainly discussed in the future.,2,2,89,15,0.2380952380952381,0.5238095238095238,4
eternal_sunshine_of_the_spotless_mind,https://www.reddit.com/r/movies/comments/195s51j/eternal_sunshine_of_the_spotless_mind,2024-01-13 21:38:21,superredditer6900,"i literally just watched it, loved it, joined the reddit just to see if somebody else thought it was as fantastic as i thought. what a coincidence you watched just 5 hours before me...",9,1,184,34,0.55,0.8500000000000001,4
eternal_sunshine_of_the_spotless_mind,https://www.reddit.com/r/movies/comments/195s51j/eternal_sunshine_of_the_spotless_mind,2024-01-14 04:04:45,Cool_Captain07,"I too thought like that, and made a post.",3,2,41,9,0.0,0.0,4
eternal_sunshine_of_the_spotless_mind,https://www.reddit.com/r/movies/comments/195s51j/eternal_sunshine_of_the_spotless_mind,2024-01-13 22:08:16,[deleted],"My favorite Valentine's Day movie. 

Early Ruffalo. A preview of who Kirsten Dunst would become today as an actress. Winslet's best role. Carey's best role. Quintessential NYC movie. Absolute classic. 

What's Michel Gondry been up to lately?",8,1,242,37,0.380952380952381,0.5095238095238096,4
eternal_sunshine_of_the_spotless_mind,https://www.reddit.com/r/movies/comments/195s51j/eternal_sunshine_of_the_spotless_mind,2024-04-21 19:29:54,kevinsharp808,the scene in the rain when joel was a kid makes me cry in the best way possible. the music + a pause in the romantic storyline for a moment to witness joel reliving a happy experience is so amazing im getting choked up thinking about it,8,1,236,47,0.4800000000000001,0.74,4
eternal_sunshine_of_the_spotless_mind,https://www.reddit.com/r/movies/comments/195s51j/eternal_sunshine_of_the_spotless_mind,2024-01-13 17:06:55,Pretend-Window-5376,Beautiful film. I think it isn’t more popular because the ending is a bit melancholy.,26,1,85,15,0.65,0.7999999999999999,4
eternal_sunshine_of_the_spotless_mind,https://www.reddit.com/r/movies/comments/195s51j/eternal_sunshine_of_the_spotless_mind,2024-01-14 14:14:11,bjankles,"Depends on how you interpret it. You could see it as they’re doomed to repeat the mistakes of their past. You could also see it as there’s something there that will never go away and this experience has made them ready to embrace that despite the flaws they both bring. 

I prefer the latter. I think that’s the weight of Joel’s “Okay.” The single word accepting Clementine for who she is this time and not who he wanted her to be last time.",34,2,441,83,0.0630952380952381,0.25515873015873014,4
eternal_sunshine_of_the_spotless_mind,https://www.reddit.com/r/movies/comments/195s51j/eternal_sunshine_of_the_spotless_mind,2024-01-15 00:50:06,Pretend-Window-5376,"Oh absolutely. I actually think it’s an optimistic ending. But it’s not optimistic in that “Love, Actually” way that’s easy to get.",10,3,131,22,0.23333333333333334,0.4083333333333333,4
eternal_sunshine_of_the_spotless_mind,https://www.reddit.com/r/movies/comments/195s51j/eternal_sunshine_of_the_spotless_mind,2024-05-09 15:44:56,tiggyqt,"I need to watch this movie again. I remember my first impression of the ending was optimistic too, with hopeless ideals thrown away and nothing but realism left after the fact.",3,3,176,31,0.125,0.16666666666666666,4
eternal_sunshine_of_the_spotless_mind,https://www.reddit.com/r/movies/comments/195s51j/eternal_sunshine_of_the_spotless_mind,2024-01-13 17:23:28,[deleted],I liked the cold tone.,5,2,22,5,0.0,0.9,4
eternal_sunshine_of_the_spotless_mind,https://www.reddit.com/r/movies/comments/195s51j/eternal_sunshine_of_the_spotless_mind,2025-05-21 08:01:16,Any-Ad-4948,"I saw it as maybe we're doomed to repeat the same mistakes and it won't work out. But ""okay"" I accept that and I'm willing to try again bc at least I get to be with you longer. The good moments will be just as real as the bad. It's like an optimistic acceptance",1,2,261,54,0.09285714285714286,0.47738095238095235,4
eternal_sunshine_of_the_spotless_mind,https://www.reddit.com/r/movies/comments/195s51j/eternal_sunshine_of_the_spotless_mind,2024-01-13 21:51:54,ioweej,Its going to become popular again soon. Ariana Grande is rumored to have titled her upcoming album 'Eternal Sunshine'. She also had the coordinates for Montauk in the promo trailer for her newest video.,13,1,202,34,0.6,0.9,4
eternal_sunshine_of_the_spotless_mind,https://www.reddit.com/r/movies/comments/195s51j/eternal_sunshine_of_the_spotless_mind,2024-03-12 06:38:50,jasey-rae,Annnd that's why I'm here 58 days later. 🙋🏽‍♀️ I think I read that the views for the movie doubled on Vudu since the release of the album.,3,2,138,28,0.0,0.0,4
eternal_sunshine_of_the_spotless_mind,https://www.reddit.com/r/movies/comments/195s51j/eternal_sunshine_of_the_spotless_mind,2024-01-13 20:50:47,mattnogames,"Patrriiiiiccckkk, baaabbby boy",16,2,30,3,0.0,0.0,4
eternal_sunshine_of_the_spotless_mind,https://www.reddit.com/r/movies/comments/195s51j/eternal_sunshine_of_the_spotless_mind,2024-01-13 17:13:24,Cool_Captain07,"Thanks buddy, now i learned the reason.",3,2,39,7,0.2,0.2,4
eternal_sunshine_of_the_spotless_mind,https://www.reddit.com/r/movies/comments/195s51j/eternal_sunshine_of_the_spotless_mind,2024-11-19 09:46:13,Zestyclose-Sir-851,"Geeky I know, but I have that tee shirt. ;)",1,2,43,10,0.25,1.0,2
eternal_sunshine_of_the_spotless_mind,https://www.reddit.com/r/movies/comments/195s51j/eternal_sunshine_of_the_spotless_mind,2024-01-13 20:21:20,mavis___beacon,My favorite movie. Truly heartfelt and creative.,5,1,48,7,0.3333333333333333,1.0,4
eternal_sunshine_of_the_spotless_mind,https://www.reddit.com/r/movies/comments/195s51j/eternal_sunshine_of_the_spotless_mind,2024-01-13 22:46:43,Jaives,you also have to remember that a lot of the effects were practical,5,1,66,13,0.0,0.0,4
eternal_sunshine_of_the_spotless_mind,https://www.reddit.com/r/movies/comments/195s51j/eternal_sunshine_of_the_spotless_mind,2024-01-14 04:12:49,Cool_Captain07,"Im fascinated by that, how they disappeared from the frame without cg?",3,2,70,12,0.0,0.0,4
eternal_sunshine_of_the_spotless_mind,https://www.reddit.com/r/movies/comments/195s51j/eternal_sunshine_of_the_spotless_mind,2024-01-14 05:06:14,Jaives,"there's a bit of CGI in some of them but they do practical when they can.  


here's corridor crew with some BTS: [https://www.youtube.com/watch?v=MSGIcB0CqaQ](https://www.youtube.com/watch?v=MSGIcB0CqaQ)  


there's that scene near the end where the camera is spinning and we see two different jim carreys. Jim is just running behind the camera, changing costumes.",7,3,365,50,-0.2625,0.675,4
eternal_sunshine_of_the_spotless_mind,https://www.reddit.com/r/movies/comments/195s51j/eternal_sunshine_of_the_spotless_mind,2024-01-14 05:22:57,Cool_Captain07,Thank you for sharing this clever making.,2,4,41,7,0.16666666666666666,0.8333333333333334,4
eternal_sunshine_of_the_spotless_mind,https://www.reddit.com/r/movies/comments/195s51j/eternal_sunshine_of_the_spotless_mind,2024-01-13 20:34:36,[deleted],This movie breaks me in a new way everytime I watch it,4,1,54,12,0.13636363636363635,0.45454545454545453,4
eternal_sunshine_of_the_spotless_mind,https://www.reddit.com/r/movies/comments/195s51j/eternal_sunshine_of_the_spotless_mind,2024-01-14 02:16:02,Unevenscore42,It hits different watching it the second time.,3,1,46,8,0.0,0.3,4
eternal_sunshine_of_the_spotless_mind,https://www.reddit.com/r/movies/comments/195s51j/eternal_sunshine_of_the_spotless_mind,2024-11-23 06:14:12,indexring,"Just rewatched for the second time after many years— and I am breathless! I am so stirred with so many emotions. It’s beautiful but mostly so, so sad. Although the film ends on a hopeful note, the film is almost entirely a tragedy unfolded and the thoughts it brought up for me while watching is insane!",2,2,303,56,0.06785714285714287,0.6607142857142857,4
eternal_sunshine_of_the_spotless_mind,https://www.reddit.com/r/movies/comments/195s51j/eternal_sunshine_of_the_spotless_mind,2024-01-30 03:17:31,Cool_Captain07,Is it may 7th ?,2,2,15,5,0.0,0.0,4
eternal_sunshine_of_the_spotless_mind,https://www.reddit.com/r/movies/comments/195s51j/eternal_sunshine_of_the_spotless_mind,2024-01-30 14:44:47,beatricelaus,May 12th!,2,3,9,2,0.0,0.0,4
eternal_sunshine_of_the_spotless_mind,https://www.reddit.com/r/movies/comments/195s51j/eternal_sunshine_of_the_spotless_mind,2024-12-27 21:33:11,TheGreatMalagan,Wasn't it the memory delete guys (Mary and her boyfriend) who drank all of his alcohol while he was unconscious?,7,2,112,20,0.0,0.0,4
eternal_sunshine_of_the_spotless_mind,https://www.reddit.com/r/movies/comments/195s51j/eternal_sunshine_of_the_spotless_mind,2025-02-24 18:23:50,jameskreisler12,Yes,1,3,3,1,0.0,0.0,4
eternal_sunshine_of_the_spotless_mind,https://www.reddit.com/r/movies/comments/195s51j/eternal_sunshine_of_the_spotless_mind,2024-01-13 19:51:13,[deleted],"It’s the #1 movie on IMDb for 2004, but that’s exactly it: it’s 20 years old. It’s like saying why don’t people talk about City of God anymore (which you should see if you haven’t although not similar to ESOTSM at all).

Also, meet me in montauk…",3,1,246,47,0.11666666666666665,0.2833333333333334,4
eternal_sunshine_of_the_spotless_mind,https://www.reddit.com/r/movies/comments/195s51j/eternal_sunshine_of_the_spotless_mind,2024-01-13 20:07:51,joshuawakefield,Remember seeing it in theatres. A school mate of mine went with his mom and we had a couple minutes to chat before the lights went down. He passed away from stomach cancer two weeks after at the age of 16.,3,1,205,41,-0.15555555555555559,0.2888888888888889,4
eternal_sunshine_of_the_spotless_mind,https://www.reddit.com/r/movies/comments/195s51j/eternal_sunshine_of_the_spotless_mind,2024-01-13 20:29:12,piece0fdebri,Watched this when it came out like a week after breaking up with a long time girlfriend. Was devastating haha. Ended up telling her about it and she watched it and agreed. Great movie.,3,1,184,34,-0.012500000000000011,0.6125,4
eternal_sunshine_of_the_spotless_mind,https://www.reddit.com/r/movies/comments/195s51j/eternal_sunshine_of_the_spotless_mind,2024-01-13 21:10:14,schwengy,"One of my favourite films of all time. I absolutely love this movie, it cemented Michel Gondry as one of my fav directors as well. 

Although, when it came out I was working at a video store so I recommended it to everybody.
Sadly, not everyone agreed. One guy came back and complained to my manager exclaiming “Are you on drugs?!” Some people just have a hard time with different ideas or perspectives. It’s quite sad.",3,1,419,76,-0.05952380952380953,0.5630952380952381,4
eternal_sunshine_of_the_spotless_mind,https://www.reddit.com/r/movies/comments/195s51j/eternal_sunshine_of_the_spotless_mind,2024-01-13 21:29:39,Browserof,"It’s my favorite movie and it isn’t really close. Every time I watch it I get a something new from it. It’s truly perfect. Also, a lot of credit is given to Jim Carrey for his amazing performance, but Kate Winslet was just so, so good.",3,1,235,46,0.5227272727272728,0.6924242424242424,4
eternal_sunshine_of_the_spotless_mind,https://www.reddit.com/r/movies/comments/195s51j/eternal_sunshine_of_the_spotless_mind,2024-01-14 00:10:08,DJG513,"I’ll listen to parts of the score occasionally for some beautiful sad nostalgia feelings because of how they tie to moments in the movie. Like these:

[Phone call](https://open.spotify.com/track/7LYeytL8R2fuqnsW1s0k86?si=Gi9bX_qAR4-ptdY4-9sHIA)

[Peer pressure](https://open.spotify.com/track/6zqK3fE8uCRLpZLUj9VGci?si=f1jdxK7gTKKQxojQPS0AiA)

[Elephant parade](https://open.spotify.com/track/2b40pJq5O9M2SPFwFrblqC?si=6wF5H9WhTF2c12Pw76OtlQ)",3,1,442,32,0.11666666666666665,0.7083333333333334,4
eternal_sunshine_of_the_spotless_mind,https://www.reddit.com/r/movies/comments/195s51j/eternal_sunshine_of_the_spotless_mind,2024-01-14 00:17:26,Edorcie,"Not old enough to see it when it came out, but just my luck there was a special screening last year. The bad part was I was going through a break up, and unsurprisingly cried the whole way through lol. At least i got to see it on the big screen, so beautiful",3,1,258,53,0.11571428571428574,0.46047619047619043,4
eternal_sunshine_of_the_spotless_mind,https://www.reddit.com/r/movies/comments/195s51j/eternal_sunshine_of_the_spotless_mind,2024-03-15 11:01:57,Downtown_Candy_4620,Ariana Grande is here to make the newer generations know of this movie,3,1,70,13,0.0,0.0,2
eternal_sunshine_of_the_spotless_mind,https://www.reddit.com/r/movies/comments/195s51j/eternal_sunshine_of_the_spotless_mind,2024-01-13 22:49:56,backfromdeath,This and lost in translation are my favorite movies of all time. I'm a sad person.,5,1,82,16,0.0,1.0,4
eternal_sunshine_of_the_spotless_mind,https://www.reddit.com/r/movies/comments/195s51j/eternal_sunshine_of_the_spotless_mind,2025-01-05 01:54:18,Dangerous-Midnight73,Both mine too! ☺️,1,2,17,4,0.0,0.0,4
eternal_sunshine_of_the_spotless_mind,https://www.reddit.com/r/movies/comments/195s51j/eternal_sunshine_of_the_spotless_mind,2024-01-13 18:01:27,Key-Shirt-2051,https://boxd.it/5wIbHh,2,1,22,1,0.0,0.0,4
eternal_sunshine_of_the_spotless_mind,https://www.reddit.com/r/movies/comments/195s51j/eternal_sunshine_of_the_spotless_mind,2024-01-13 18:57:35,tpw2k3,In my top 5 movies of all time and there isn’t any particular reason why haha,2,1,77,16,0.2888888888888889,0.37777777777777777,4
eternal_sunshine_of_the_spotless_mind,https://www.reddit.com/r/movies/comments/195s51j/eternal_sunshine_of_the_spotless_mind,2024-01-14 01:55:22,flash17k,"I read the leaked script a few weeks before seeing it in the theatre. Reading it was really amazing and bizarre and beautiful and satisfying. Later, I saw it with some friends who knew nothing about it. They thought it was so weird. But I kept telling them to just wait and see how great it was, and they agreed it was worth it. They all loved it afterward.",2,1,357,69,0.34500000000000003,0.6249999999999999,4
eternal_sunshine_of_the_spotless_mind,https://www.reddit.com/r/movies/comments/195s51j/eternal_sunshine_of_the_spotless_mind,2024-01-14 03:49:10,excitement2k,Maybe I’m crazy but 500 Days of Summer always gutted me too. These are the two most painfully romantic movies I can think of personally. I’d love to hear other’s opinions on similar options that are as beautifully painful to watch.,2,1,231,41,-0.06071428571428571,0.5964285714285714,4
eternal_sunshine_of_the_spotless_mind,https://www.reddit.com/r/movies/comments/195s51j/eternal_sunshine_of_the_spotless_mind,2024-11-19 09:50:51,Zestyclose-Sir-851,"Brick
Nine Days",1,2,15,3,0.0,0.0,4
eternal_sunshine_of_the_spotless_mind,https://www.reddit.com/r/movies/comments/195s51j/eternal_sunshine_of_the_spotless_mind,2024-11-19 14:46:12,excitement2k,Thank you-I found Nine Days-is Brick from 2005 and a noir thriller?,1,3,67,12,0.0,0.0,4
eternal_sunshine_of_the_spotless_mind,https://www.reddit.com/r/movies/comments/195s51j/eternal_sunshine_of_the_spotless_mind,2024-01-14 03:54:29,UnsolicitedDogPics,You should check out Charlie Kaufmans other works. He makes some beautiful and complex films.,2,1,93,15,0.14166666666666666,0.5916666666666667,4
eternal_sunshine_of_the_spotless_mind,https://www.reddit.com/r/movies/comments/195s51j/eternal_sunshine_of_the_spotless_mind,2024-01-14 04:07:27,ICU81MI_73,Jon Brion does the music and I love his scores.,2,1,47,10,0.5,0.6,4
eternal_sunshine_of_the_spotless_mind,https://www.reddit.com/r/movies/comments/195s51j/eternal_sunshine_of_the_spotless_mind,2024-01-14 05:38:00,Xeno-xorus,This is definitely Jim Carrey best performance throughout his whole career. I love this movie even more than The Truman Show.,2,1,125,21,0.44000000000000006,0.4600000000000001,4
eternal_sunshine_of_the_spotless_mind,https://www.reddit.com/r/movies/comments/195s51j/eternal_sunshine_of_the_spotless_mind,2024-04-21 04:14:31,Haaail_Sagan,I mean it was huge when it came out. Rewatch it every 5 years or so.  Just magical. Every single thing about it is just.. perfect.,2,1,130,26,0.30321428571428577,0.7603571428571428,4
eternal_sunshine_of_the_spotless_mind,https://www.reddit.com/r/movies/comments/195s51j/eternal_sunshine_of_the_spotless_mind,2024-08-10 05:59:52,Federal_Assignment41,Idk I think that this is overrated Clementine and Joel break up Clementine erases her memory of Joel. Joel tries to do the same. Tries to get back the memories but eventually they get back together that’s out of it.,2,1,215,40,-0.04,0.185,4
eternal_sunshine_of_the_spotless_mind,https://www.reddit.com/r/movies/comments/195s51j/eternal_sunshine_of_the_spotless_mind,2025-03-16 17:19:13,JuanMaP5,"You could describe any movie in that way and every movie would seem stupid, also they do not try to get their memories back.",1,2,124,24,-0.39999999999999997,0.5,4
eternal_sunshine_of_the_spotless_mind,https://www.reddit.com/r/movies/comments/195s51j/eternal_sunshine_of_the_spotless_mind,2024-12-10 05:33:05,GentlePanda123,Just watched this one. Couldn't understand the plot very well. There were parts that made sense and then other parts that threw me for a loop.,2,1,142,26,0.037500000000000006,0.3375,4
eternal_sunshine_of_the_spotless_mind,https://www.reddit.com/r/movies/comments/195s51j/eternal_sunshine_of_the_spotless_mind,2025-02-21 05:13:50,Chemical-Notez,"I watched this in 2016 going through my first divorce, with my very first boyfriend/husband of  5 years,it stung, hurt, demolished me. People around me were looking at me like I was insane. But some understood I was in mourning ofy pst with someone I had built, and just like that I had to fall into someone else's life.....",2,1,324,59,-0.1416666666666667,0.5888888888888889,4
eternal_sunshine_of_the_spotless_mind,https://www.reddit.com/r/movies/comments/195s51j/eternal_sunshine_of_the_spotless_mind,2024-01-13 23:40:13,cajun_vegeta,Jim Carrey should've been nominated ahead of Johnny Depp (finding neverland) and Clint Eastwood (Million Dollar Baby),1,1,117,17,0.0,0.0,4
eternal_sunshine_of_the_spotless_mind,https://www.reddit.com/r/movies/comments/195s51j/eternal_sunshine_of_the_spotless_mind,2024-11-19 09:52:20,Zestyclose-Sir-851,100%.,1,2,5,1,0.0,0.0,4
eternal_sunshine_of_the_spotless_mind,https://www.reddit.com/r/movies/comments/195s51j/eternal_sunshine_of_the_spotless_mind,2024-01-14 02:49:09,naked_avenger,My fav.,1,1,7,2,0.0,0.0,4
eternal_sunshine_of_the_spotless_mind,https://www.reddit.com/r/movies/comments/195s51j/eternal_sunshine_of_the_spotless_mind,2024-07-26 15:39:48,Quick-Seaweed2044,"Fan fiction Friday!  Fin sin and video..
https://youtu.be/OomYPzVbnW8?si=nBiPfC67b-Eycz8q",1,1,89,8,0.0,0.0,4
eternal_sunshine_of_the_spotless_mind,https://www.reddit.com/r/movies/comments/195s51j/eternal_sunshine_of_the_spotless_mind,2024-11-16 20:38:49,Mush_Hats,made me bawl my eyes out. the scene at the beach after that line reminded me so much of the time when it was just me n my ex and its 3 am n we were happy. such a beautiful movie 😭,1,2,179,42,0.4625,0.675,4
eternal_sunshine_of_the_spotless_mind,https://www.reddit.com/r/movies/comments/195s51j/eternal_sunshine_of_the_spotless_mind,2024-11-20 01:20:54,Confident-City-3108,"Just watched this movie, its a rare movie, and learned a lot, i wouldnt want my memories earsed... Kept thinking about erasing one of my two exes and it hit me how much I would miss out, so many good memories! Amazing movie! Buuuuuuuuuut did find there relationship toxic, still woudnt erease it, everything comes with a lession. First time I watched it, its 2024 lol, just didnt expect the main caracters have such disfunctional, unhealthy, toxic relationship",1,1,460,78,0.3441666666666666,0.5666666666666667,4
eternal_sunshine_of_the_spotless_mind,https://www.reddit.com/r/movies/comments/195s51j/eternal_sunshine_of_the_spotless_mind,2025-01-22 21:46:57,proheka,Dont watch this while high asf,1,1,30,6,0.16,0.5399999999999999,4
eternal_sunshine_of_the_spotless_mind,https://www.reddit.com/r/movies/comments/195s51j/eternal_sunshine_of_the_spotless_mind,2025-04-16 22:08:43,DanielArthurVerner,Don’t care that this thread is a year old. This movie was the catalyst for me to break up with a long time live-in girlfriend because I saw myself in miserable pre-breakup Joel in a dying relationship that made me feel like shit.,1,1,229,43,-0.2875,0.6000000000000001,4
eternal_sunshine_of_the_spotless_mind,https://www.reddit.com/r/movies/comments/195s51j/eternal_sunshine_of_the_spotless_mind,2024-01-13 16:59:50,[deleted],"I too felt like this, and watched a year ago. Jim noticeably acted few movies seriously and in India, no one knows about this movie. Its only 1:46 hrs movie, i cannot think of a good movie with this short duration.",0,1,214,41,0.033333333333333326,0.5333333333333333,4
eternal_sunshine_of_the_spotless_mind,https://www.reddit.com/r/movies/comments/195s51j/eternal_sunshine_of_the_spotless_mind,2024-01-13 18:11:07,SonofIndia,Fucks sake dude. Everyone who knows movies in India knows about this one. You can’t just generalize bec you have talked to a few who don’t.,1,2,139,26,-0.2,0.1,4
eternal_sunshine_of_the_spotless_mind,https://www.reddit.com/r/movies/comments/195s51j/eternal_sunshine_of_the_spotless_mind,2024-01-13 18:16:18,[deleted],"you also cant generalize everyone who knows movies would also know about this movie. My side of people didnt know, i apologise for mine, but not fair of u accused me",1,3,165,31,-0.35,0.9,2
mr_nobody,https://www.reddit.com/r/TrueFilm/comments/15gt4gh/mr_nobody_2009,2023-08-03 12:39:20,Maezel,"I remember liking it... However I can't remember absolutely anything about it... I watched it so long ago my mind is blank.

You should enjoy The Fountain as well, check it out if you haven't.",35,1,192,35,0.1375,0.45,4
mr_nobody,https://www.reddit.com/r/TrueFilm/comments/15gt4gh/mr_nobody_2009,2023-08-05 00:09:45,Maezel,"No sorry, lol",1,3,13,3,0.525,0.85,4
mr_nobody,https://www.reddit.com/r/TrueFilm/comments/15gt4gh/mr_nobody_2009,2023-08-03 14:23:18,Unpaid_Movie_Critic,"I felt the same way and enjoyed it much more now than over a decade ago. All I had memories of was a train and the white room with the hospital bed lol. I was too young to appreciate it I think. My favorite movie at the time was Eternal Sunshine of a Spotless Mind. 

The Fountain has similar vibes as well. I have seen it. Thanks for the recommendation anyway!",1,2,361,71,0.2944444444444445,0.4472222222222222,4
mr_nobody,https://www.reddit.com/r/TrueFilm/comments/15gt4gh/mr_nobody_2009,2023-08-03 17:32:27,Thcrtgrphr,"The quote that stuck with me from that film:

>“Choices... We cannot go back. That’s why it’s hard to choose. You have to make the right choice. As long as you don’t choose, everything remains possible.”",31,1,203,36,-0.011190476190476199,0.4954761904761905,4
mr_nobody,https://www.reddit.com/r/TrueFilm/comments/15gt4gh/mr_nobody_2009,2023-08-03 20:27:44,Dioduo,"My favorite quote that summed up the whole movie is this
>“Before he was unable to make a choice because he didn't know what would happen. Now that he knows what will happen, he is unable to make a choice.”",19,2,206,40,-0.07500000000000001,0.6,4
mr_nobody,https://www.reddit.com/r/TrueFilm/comments/15gt4gh/mr_nobody_2009,2023-08-03 17:56:07,Unpaid_Movie_Critic,100% agree and I am 100% this person. I battle myself because I know better. That is the most significant moment for me as well. I suppose some people wouldn't connect with this film if they are decisive in their decision making.,4,2,229,42,0.4583333333333333,0.625,4
mr_nobody,https://www.reddit.com/r/TrueFilm/comments/15gt4gh/mr_nobody_2009,2025-04-11 13:56:13,12bEngie,Not making a choice *is* a choice and possibilities are contingent on time. Not to mention that wondering about something isn’t the same as actually doing it,1,2,157,27,-0.03333333333333333,0.27499999999999997,4
mr_nobody,https://www.reddit.com/r/TrueFilm/comments/15gt4gh/mr_nobody_2009,2024-05-11 20:15:08,Elkhose,"I hate that quote
I've skipped so many choices outnof fear of the outcome ending up missing out.
Make the choice screw the outcome.",0,2,131,24,-0.16666666666666666,0.48333333333333334,4
mr_nobody,https://www.reddit.com/r/TrueFilm/comments/15gt4gh/mr_nobody_2009,2024-11-05 15:59:53,Obtuse_seed,"I agree with you, but also that ""no choice"" IS a choice - We cant escape choice. I think that's what I got out of the film in a way",2,3,131,30,0.0,0.0,4
mr_nobody,https://www.reddit.com/r/TrueFilm/comments/15gt4gh/mr_nobody_2009,2023-08-03 21:10:04,lumpiestspoon3,"It’s been a favorite of mine since I was a kid. One of those 2011 Netflix staples that haunted me until I watched it (Vanilla Sky is another one). I love how “European” it feels, much like Dancer In The Dark.",6,1,208,41,0.21000000000000002,0.44000000000000006,4
mr_nobody,https://www.reddit.com/r/TrueFilm/comments/15gt4gh/mr_nobody_2009,2024-04-14 18:15:18,DantesValjean,EEAAO is just overhyped nonsense and should never be compared to movies like Synecdoche New York and Mr. Nobody,0,2,111,19,0.13636363636363635,0.45454545454545453,4
mr_nobody,https://www.reddit.com/r/TrueFilm/comments/15gt4gh/mr_nobody_2009,2023-08-03 23:09:39,dergster,"is this film worth watching? i started but somehow it's tone seemed really cringey to me, like it was so obviously stating how grandiose and philosophical it was, and also jared leto's acting was pissing me off for some reason, so i shut it off.

at the same time, i loved EEaaO, eternal sunshine, and synechdoche new york. is it worth powering through?",3,1,353,63,0.18181818181818182,0.25328282828282833,4
mr_nobody,https://www.reddit.com/r/TrueFilm/comments/15gt4gh/mr_nobody_2009,2024-12-03 10:48:24,VStramennio1986,"I know this is old…and I’ve only seen the film once, thus far (last night). But, I thought the name *Nemo Nobody* was clever. Because while we each—individually—are *nobody*, we are still…somebody. 

It reminded me of the saying, “We are as special as every other human is.” In regard to some people feeling “special,” and all that. I sort of feel like that was the point in his name. Because that bothered me throughout the movie, and then it clicked. 

Just my $0.02…",2,3,469,83,0.10699404761904763,0.5647321428571429,4
mr_nobody,https://www.reddit.com/r/TrueFilm/comments/15gt4gh/mr_nobody_2009,2024-12-03 10:51:17,VStramennio1986,"The “where is my mind,” cliche…is a philosophical concept, by Descartes…”*I think, therefore I am…*”",1,2,100,15,0.0,0.0,4
mr_nobody,https://www.reddit.com/r/TrueFilm/comments/15gt4gh/mr_nobody_2009,2023-08-03 18:13:09,[deleted],"I'm beginning to tire of movies with super ambitious, grandiose purposes. Love synechdoche new york for it's pacing and recursive story. I enjoy most of those movies you mentioned for a lot of reasons, but I feel like even Barbie tried to shoe in a broad universal moral. 

Life is very granular and diverse, these days I'm feeling movies with more specific missions",8,1,366,63,0.24018308080808082,0.41322601010101007,4
mr_nobody,https://www.reddit.com/r/TrueFilm/comments/15gt4gh/mr_nobody_2009,2023-08-03 18:16:57,Unpaid_Movie_Critic,"If I'm understanding you correctly, Sean Baker's Florida Project or Red Rocket might interest you (if you haven't seen them already). The Florida Project more than the other in my opinion.",5,2,188,31,0.125,0.2916666666666667,4
mr_nobody,https://www.reddit.com/r/TrueFilm/comments/15gt4gh/mr_nobody_2009,2024-08-31 09:37:19,Brilliant_Ad4002,First time watching this movie I was 16. Made me think about life and all the what ifs I had ever encountered. Last time I watched was about 2 years ago or so. I’m 23 now and still is my favorite movie,1,1,201,42,0.25,0.4666666666666666,4
mr_nobody,https://www.reddit.com/r/TrueFilm/comments/15gt4gh/mr_nobody_2009,2025-04-07 23:36:27,ionymous,"I thought it was done impressively and should be commended for that. But in the end, it just leaves me with the idea of the butterfly effect and the infinite possible paths through life. Neat, but a few sentences explain that concept. A few more sentences give some examples of that playing out. I think maybe I'm just movied out. There are few new concepts to excite me. But it was well produced.",1,1,397,73,0.14805194805194807,0.464935064935065,4
mr_nobody,https://www.reddit.com/r/TrueFilm/comments/15gt4gh/mr_nobody_2009,2025-04-11 13:57:52,12bEngie,"It was one of my favorites as a kid in like 2016, but now, as an adult, I cannot buy into the premise that these adults give a shit about things that happened when they were 15. Seriously. The shit with stefano?


Or nemo and anna? bro, they’d both move on. they were 15 and horny. You grow up and the movie seems to think the basis for adulthood is 15 year oldism. It thinks there’s nothing in between being 15, and 30 fucking 3! it’s insane.",1,1,443,87,-0.32666666666666666,0.7133333333333333,4
interestelar,https://www.reddit.com/r/movies/comments/2ljk71/official_discussion_interstellar_wide_release,2014-11-18 10:48:57,skcll,"As soon as they said 7 years for every human hour, I was silently yelling you idiots, that's the riskiest choice you can make.  The person just landed there and hasn't had time to assess the habitability of the planet.",74,2,218,40,-0.26666666666666666,0.3333333333333333,4
moon,https://www.reddit.com/r/movies/comments/17cu9sr/moon_2009_is_the_worst_movie_i_have_ever_watched,2023-10-21 16:39:58,sloppyjo12,I’m so tired of every other post on this sub being “I didn’t like this movie that everybody loves” while spelling out the absolute dumbest criticisms I’ve ever heard,27,3,165,29,-0.10833333333333334,0.6583333333333333,4
moon,https://www.reddit.com/r/movies/comments/17cu9sr/moon_2009_is_the_worst_movie_i_have_ever_watched,2023-10-21 18:35:42,DaMihiAuri,It's been over 4 years since I've seen the movie and I still remember the plot mainly because it two Sam Rockwell's playing off Spacey9000.  It has to be bait to advertise his twitch,5,3,182,34,0.16666666666666666,0.3333333333333333,4
moon,https://www.reddit.com/r/movies/comments/17cu9sr/moon_2009_is_the_worst_movie_i_have_ever_watched,2023-10-21 11:13:47,Worth-Increase118,"""Worst movie I have ever watched"" in the title

""Not everything about this movie is bad"" in the last bit.

OP couldn't even get through their own post without having to dial it back a bit.",27,2,188,36,-0.21999999999999992,0.5466666666666666,4
moon,https://www.reddit.com/r/movies/comments/17cu9sr/moon_2009_is_the_worst_movie_i_have_ever_watched,2023-10-21 05:51:51,DemSocCorvid,...and people like you are allowed to vote. Democracy is doomed.,51,3,64,11,0.0,0.0,4
moon,https://www.reddit.com/r/movies/comments/17cu9sr/moon_2009_is_the_worst_movie_i_have_ever_watched,2023-10-21 05:57:48,DemSocCorvid,Please don't have children,40,5,26,4,0.0,0.0,4
moon,https://www.reddit.com/r/movies/comments/17cu9sr/moon_2009_is_the_worst_movie_i_have_ever_watched,2023-10-21 06:00:45,[deleted],Who would have children when the earth is heating Up at such an alarming rate??,-33,6,79,15,-0.05,0.55,4
moon,https://www.reddit.com/r/movies/comments/17cu9sr/moon_2009_is_the_worst_movie_i_have_ever_watched,2023-10-21 17:54:31,AuntieEvilops,^ This is bait.  Now I know you're trolling.,13,5,44,9,0.0,0.0,2
moon,https://www.reddit.com/r/movies/comments/17cu9sr/moon_2009_is_the_worst_movie_i_have_ever_watched,2023-10-21 06:01:23,Technical_Drawing838,M-O-O-N... that spells Moon...,46,1,30,4,0.0,0.0,4
moon,https://www.reddit.com/r/movies/comments/17cu9sr/moon_2009_is_the_worst_movie_i_have_ever_watched,2023-10-21 08:25:42,skidstud,"M-O-O-N, that spells Kansas City",6,2,32,5,0.0,0.0,4
moon,https://www.reddit.com/r/movies/comments/17cu9sr/moon_2009_is_the_worst_movie_i_have_ever_watched,2023-10-21 15:37:36,flybydenver,Laws yes,6,2,8,2,0.0,0.0,4
moon,https://www.reddit.com/r/movies/comments/17cu9sr/moon_2009_is_the_worst_movie_i_have_ever_watched,2023-10-21 06:02:37,[deleted],Is this Movie like inception that everybody pretends they get so they can act superior?,-14,2,87,15,0.7,0.9,4
moon,https://www.reddit.com/r/movies/comments/17cu9sr/moon_2009_is_the_worst_movie_i_have_ever_watched,2023-10-21 06:38:13,[deleted],Everyone gets it because it’s not complex.,51,3,42,7,0.15,0.4,4
moon,https://www.reddit.com/r/movies/comments/17cu9sr/moon_2009_is_the_worst_movie_i_have_ever_watched,2023-10-21 06:46:02,[deleted],"I was so concerned about why the guy was ill, that the whole ending made no sense to me and the first half hour I had no idea where the movie was going..

I don't think Most of the story was beyond my comprehension, I just think 1 or 2  key moments went over my head, maybe my lack of belief that the clones were actually clones might be the reason I went off course..",-3,4,368,75,0.04047619047619048,0.5,4
moon,https://www.reddit.com/r/movies/comments/17cu9sr/moon_2009_is_the_worst_movie_i_have_ever_watched,2023-10-21 04:35:23,nupper84,"This is a joke right? While it's not an amazing movie, it's certainly not hard to follow.",69,1,89,17,0.3438492063492064,0.6591269841269841,4
moon,https://www.reddit.com/r/movies/comments/17cu9sr/moon_2009_is_the_worst_movie_i_have_ever_watched,2023-10-21 04:41:37,[deleted],for the first half hour nothing happened that's why it wasn't hard to follow,-32,2,76,14,-0.06944444444444445,0.34722222222222215,4
moon,https://www.reddit.com/r/movies/comments/17cu9sr/moon_2009_is_the_worst_movie_i_have_ever_watched,2023-10-21 08:58:52,Ginsoakedboy21,Bay might be a bit much. I would suggest straight to streaming Gerard Butler movies,14,2,83,15,0.2,0.30000000000000004,4
moon,https://www.reddit.com/r/movies/comments/17cu9sr/moon_2009_is_the_worst_movie_i_have_ever_watched,2024-05-16 00:41:32,BotanicalAddiction,I still don’t know what character he played in Phantom of the Opera.,2,3,68,13,0.0,0.0,4
moon,https://www.reddit.com/r/movies/comments/17cu9sr/moon_2009_is_the_worst_movie_i_have_ever_watched,2023-10-21 18:38:27,[deleted],I cringed at the Michael Bay line. I just thought you snobby cunt!,2,3,66,13,0.0,0.0,4
moon,https://www.reddit.com/r/movies/comments/17cu9sr/moon_2009_is_the_worst_movie_i_have_ever_watched,2023-10-21 22:18:41,jamesneysmith,"Sadly it's used all the time on reddit. And agreed, a bunch of snobby (unoriginal and unfunny) cunts.",2,4,101,18,-0.35,0.55,4
moon,https://www.reddit.com/r/movies/comments/17cu9sr/moon_2009_is_the_worst_movie_i_have_ever_watched,2023-10-21 04:54:02,truckturner5164,I would argue that you wouldn't know if Interstellar was more complex since you apparently couldn't follow more than 90% of Moon.,58,5,129,22,0.1875,0.4375,4
moon,https://www.reddit.com/r/movies/comments/17cu9sr/moon_2009_is_the_worst_movie_i_have_ever_watched,2023-10-21 05:01:31,[deleted],I got interstellar just fine thank you and I now get the moon story after some research and interstellar just did everything better than moon.,-30,6,142,25,0.45833333333333337,0.5,4
moon,https://www.reddit.com/r/movies/comments/17cu9sr/moon_2009_is_the_worst_movie_i_have_ever_watched,2023-10-21 06:07:58,truckturner5164,"And yet here you still are, reacting to a post that you started in the first place lol.",21,9,87,18,0.525,0.5166666666666666,4
moon,https://www.reddit.com/r/movies/comments/17cu9sr/moon_2009_is_the_worst_movie_i_have_ever_watched,2023-10-21 06:09:45,[deleted],yep here we are,-6,10,15,4,0.0,0.0,4
moon,https://www.reddit.com/r/movies/comments/17cu9sr/moon_2009_is_the_worst_movie_i_have_ever_watched,2023-10-21 04:51:55,Bright_Ability2025,"Oof. I think Interstellar is highly over rated. 

Moon is a favorite of mine.",12,5,77,14,0.33,0.77,4
moon,https://www.reddit.com/r/movies/comments/17cu9sr/moon_2009_is_the_worst_movie_i_have_ever_watched,2023-10-21 05:09:54,Punkduck79,I agree on Interstellar being overrated. It’s okay but the concepts I find a little silly…,0,6,90,16,0.15625,0.5,4
moon,https://www.reddit.com/r/movies/comments/17cu9sr/moon_2009_is_the_worst_movie_i_have_ever_watched,2023-10-21 05:14:52,[deleted],Apparently everything that happened in interstellar is scientifically possible in principle..,0,7,93,11,0.025,0.675,4
moon,https://www.reddit.com/r/movies/comments/17cu9sr/moon_2009_is_the_worst_movie_i_have_ever_watched,2023-10-21 05:19:07,Punkduck79,The ‘love’ speech and how Matthew Macconhey used the tesseract were the things that bothered me.,7,8,96,16,0.5,0.6,4
moon,https://www.reddit.com/r/movies/comments/17cu9sr/moon_2009_is_the_worst_movie_i_have_ever_watched,2023-10-21 05:34:26,[deleted],"What bothered you about the tesseract?

I thought it was just a visual representation of something scientific that can't actually be seen but could be possible in theory..",0,9,171,28,0.0,0.3666666666666667,4
moon,https://www.reddit.com/r/movies/comments/17cu9sr/moon_2009_is_the_worst_movie_i_have_ever_watched,2023-10-21 05:35:55,Punkduck79,At the time it bothered me that he just understood how to interact with it. It was like he was using an iPad. We can barely even imagine the thing so him just knowing how to use it just didn’t sit right for me.,6,10,210,44,0.16785714285714284,0.31785714285714284,4
moon,https://www.reddit.com/r/movies/comments/17cu9sr/moon_2009_is_the_worst_movie_i_have_ever_watched,2023-10-21 06:36:22,[deleted],I’ve literally never met anyone who’s seen the movie have any kind of confusion about it.,17,7,89,16,0.6,0.9,4
moon,https://www.reddit.com/r/movies/comments/17cu9sr/moon_2009_is_the_worst_movie_i_have_ever_watched,2023-10-21 06:57:18,[deleted],"I've read some other reviews that are almost Identical to mine and I read them after I wrote my own.

I honestly thought I'd have more people agree with me Lol..",0,8,161,31,0.475,0.695,0
moon,https://www.reddit.com/r/movies/comments/17cu9sr/moon_2009_is_the_worst_movie_i_have_ever_watched,2023-10-21 15:43:14,[deleted],"Great effects, good acting, and relatable characters. The story was very cheezy towards the end though.",1,6,103,16,0.425,0.41250000000000003,4
moon,https://www.reddit.com/r/movies/comments/17cu9sr/moon_2009_is_the_worst_movie_i_have_ever_watched,2023-10-21 16:06:05,pinkfloydfan231,"Interstellar is the type of movie that dumb people think is complex then feel proud about how they ""got it""",3,5,107,20,0.041666666666666664,0.6333333333333333,4
moon,https://www.reddit.com/r/movies/comments/17cu9sr/moon_2009_is_the_worst_movie_i_have_ever_watched,2023-10-21 16:16:21,[deleted],That is exactly what I thinks is happening with moon,0,6,52,10,0.25,0.25,4
moon,https://www.reddit.com/r/movies/comments/17cu9sr/moon_2009_is_the_worst_movie_i_have_ever_watched,2023-10-21 04:54:15,casecutty,Your brain never started working,20,3,32,5,0.0,0.0,4
moon,https://www.reddit.com/r/movies/comments/17cu9sr/moon_2009_is_the_worst_movie_i_have_ever_watched,2023-10-21 05:30:27,[deleted],"Well, once you did.",20,2,19,4,0.0,0.0,4
moon,https://www.reddit.com/r/movies/comments/17cu9sr/moon_2009_is_the_worst_movie_i_have_ever_watched,2023-10-21 15:44:12,[deleted],I watched it stoned af and could still follow the plot.,6,2,55,11,0.0,0.0,4
moon,https://www.reddit.com/r/movies/comments/17cu9sr/moon_2009_is_the_worst_movie_i_have_ever_watched,2023-10-21 04:36:11,twinpeaks2112,"Not a stoner movie, not hard to follow, and you’re not a critic. Kids movies might be more your speed.",55,1,102,20,0.3229166666666667,0.5208333333333333,4
moon,https://www.reddit.com/r/movies/comments/17cu9sr/moon_2009_is_the_worst_movie_i_have_ever_watched,2023-10-21 04:45:45,ABeanOnToast,Sometimes I wonder why r/movies is the way it is and then I read posts from people who were filtered by something as easy to follow as Moon and it all makes sense.,46,1,163,33,0.43333333333333335,0.8333333333333334,4
moon,https://www.reddit.com/r/movies/comments/17cu9sr/moon_2009_is_the_worst_movie_i_have_ever_watched,2023-10-21 07:04:41,[deleted],God this is an accurate comment. Like who the fuck gets confused by this movie? Its beauty is in its simplicity.,17,2,112,21,-0.13333333333333333,0.6444444444444445,4
moon,https://www.reddit.com/r/movies/comments/17cu9sr/moon_2009_is_the_worst_movie_i_have_ever_watched,2023-10-21 07:31:06,Tr0nLenon,">!A man working alone on the moon approaches his retirement, but among his last days discovers a clone of himself. Then it's made clear that there is no retirement, he's one of many clones and his retirement is actually his expiration.!< 

It's uh, cut and dry, and wonderfully simplistic.

Mute is a sequel to the universe and has a scene that plays with the ending of Moon. It's not great, sadly, but hey, given your taste, you'd probably enjoy it.",20,1,450,80,-0.05185185185185185,0.48888888888888893,4
moon,https://www.reddit.com/r/movies/comments/17cu9sr/moon_2009_is_the_worst_movie_i_have_ever_watched,2024-04-29 05:06:16,i___love___pancakes,Mute 2018?,1,2,10,2,0.0,0.0,4
moon,https://www.reddit.com/r/movies/comments/17cu9sr/moon_2009_is_the_worst_movie_i_have_ever_watched,2023-10-21 07:27:27,urgasmic,idk how you can say that the movie needs to spell something out when you made up an AIDS diagnosis out of thin air.,19,1,115,24,-0.4,0.8500000000000001,4
moon,https://www.reddit.com/r/movies/comments/17cu9sr/moon_2009_is_the_worst_movie_i_have_ever_watched,2023-10-21 07:28:31,[deleted],It was the only thing that made sense..,-6,2,39,8,0.0,1.0,4
moon,https://www.reddit.com/r/movies/comments/17cu9sr/moon_2009_is_the_worst_movie_i_have_ever_watched,2023-10-21 14:58:26,keysercade,Except for what they clearly spelled out,8,3,40,7,0.10000000000000002,0.3833333333333333,4
moon,https://www.reddit.com/r/movies/comments/17cu9sr/moon_2009_is_the_worst_movie_i_have_ever_watched,2023-10-21 15:09:15,[deleted],"Yeah I know it was mentioned in the movie that he expires, but it didn't do a good job of linking his illness to his expiration and it didn't help the fact that the other clone kept asking him what was wrong..",0,4,209,42,0.024999999999999984,0.625,4
moon,https://www.reddit.com/r/movies/comments/17cu9sr/moon_2009_is_the_worst_movie_i_have_ever_watched,2023-10-21 15:41:36,keysercade,"Ok, you’ve gotten dogpiled enough… sometimes our minds just get stuck on a thought and can’t shake it.",1,5,102,18,0.5,0.5,4
moon,https://www.reddit.com/r/movies/comments/17cu9sr/moon_2009_is_the_worst_movie_i_have_ever_watched,2023-10-21 15:57:22,[deleted],"also loads of stuff was happening in the first 20 to 30 mins and their are absolutely no explanations to what was going on and I accept that as artistic direction..

but what My brain was imagining in that time period was much more extravagant than what proceeded..",1,6,265,48,0.24583333333333332,0.6833333333333333,4
moon,https://www.reddit.com/r/movies/comments/17cu9sr/moon_2009_is_the_worst_movie_i_have_ever_watched,2023-10-21 04:56:42,Onion-Fart,"Is it possible you have a carbon monoxide leak in your home? It affects comprehension, please get help.",39,1,103,18,0.0,1.0,4
moon,https://www.reddit.com/r/movies/comments/17cu9sr/moon_2009_is_the_worst_movie_i_have_ever_watched,2023-10-21 06:35:12,sweet_sweet_can,Put down your goddamned phone and actually pay attention to the movie next time.,18,1,80,14,-0.051851851851851864,0.12962962962962965,4
moon,https://www.reddit.com/r/movies/comments/17cu9sr/moon_2009_is_the_worst_movie_i_have_ever_watched,2023-10-21 07:05:59,[deleted],"Lol I don't watch a lot of movies but when I Always leave my phone upstairs..

Dude I watched this thing, it was just a poorly made movie..",-6,2,139,28,0.2,0.6499999999999999,4
moon,https://www.reddit.com/r/movies/comments/17cu9sr/moon_2009_is_the_worst_movie_i_have_ever_watched,2023-10-21 13:01:38,[deleted],“I didn’t understand this movie despite the very clearly spelled out plot. So it’s bad.”,13,1,88,15,-0.2849999999999999,0.5825,4
moon,https://www.reddit.com/r/movies/comments/17cu9sr/moon_2009_is_the_worst_movie_i_have_ever_watched,2024-04-29 05:06:54,i___love___pancakes,“I couldn’t figure out why the clone was expiring when he clearly stated that clones are set to expire”,6,2,103,19,0.10000000000000002,0.3833333333333333,4
moon,https://www.reddit.com/r/movies/comments/17cu9sr/moon_2009_is_the_worst_movie_i_have_ever_watched,2023-10-21 14:44:58,[deleted],"I wouldn't say it was very clear, I know it has a lot of good reviews, but nearly every bad review is very similar to mine..",-1,2,124,26,0.04600000000000002,0.537,4
moon,https://www.reddit.com/r/movies/comments/17cu9sr/moon_2009_is_the_worst_movie_i_have_ever_watched,2023-10-21 15:34:23,[deleted],It’s almost like everyone that thinks it’s bad shares a fundamental inability to understand a very simple and clear movie.,7,3,122,20,-0.19999999999999996,0.5047619047619047,4
moon,https://www.reddit.com/r/movies/comments/17cu9sr/moon_2009_is_the_worst_movie_i_have_ever_watched,2023-10-21 04:34:31,-WallyWest-,You don't need to smoke to watch this movie.,17,1,44,9,0.0,0.0,4
moon,https://www.reddit.com/r/movies/comments/17cu9sr/moon_2009_is_the_worst_movie_i_have_ever_watched,2024-04-29 05:07:29,i___love___pancakes,I think maybe the problem is he did smoke before watching the movie 😂,2,2,69,14,0.0,0.0,4
moon,https://www.reddit.com/r/movies/comments/17cu9sr/moon_2009_is_the_worst_movie_i_have_ever_watched,2023-10-21 05:34:22,UnevenTrashPanda,">Title: Moon (2009) is the worst movie I've ever watched

You must live a life where you only ever watch movies scoring higher than 90% then...

&#x200B;

>recommended Moon (2009) to Me as the best SC-Fi Stoner Movie ever

This movie is easy to follow if you're actually paying attention instead of looking for some colors on a TV to get high to.",21,1,346,63,0.12246212121212122,0.5966666666666666,4
moon,https://www.reddit.com/r/movies/comments/17cu9sr/moon_2009_is_the_worst_movie_i_have_ever_watched,2023-10-21 05:38:19,[deleted],"I am very selective about movies, I have to say, I went into this one with really high expectations..

Maybe I'd have a different view if I just stumbled across it and my brain was working differently that day.",-4,2,210,39,0.09,0.51,4
moon,https://www.reddit.com/r/movies/comments/17cu9sr/moon_2009_is_the_worst_movie_i_have_ever_watched,2023-10-21 06:39:52,usernamesuggestion44,"So let us know, what movies would make your top 10, let us an idea what you're comparing with",6,3,93,19,0.5,0.5,4
moon,https://www.reddit.com/r/movies/comments/17cu9sr/moon_2009_is_the_worst_movie_i_have_ever_watched,2023-10-21 06:52:57,[deleted],"I can tell you my Top 5

Interstellar

The Core

Armageddon

Star Trek Nemesis

Free Guy",-4,4,88,16,0.45,0.65,4
moon,https://www.reddit.com/r/movies/comments/17cu9sr/moon_2009_is_the_worst_movie_i_have_ever_watched,2023-10-21 06:59:56,Neto_Magnus,That list explains everything.,24,5,30,4,0.0,0.0,4
moon,https://www.reddit.com/r/movies/comments/17cu9sr/moon_2009_is_the_worst_movie_i_have_ever_watched,2023-10-21 07:01:30,[deleted],I like watching good movies??,-3,6,29,5,0.7,0.6000000000000001,4
moon,https://www.reddit.com/r/movies/comments/17cu9sr/moon_2009_is_the_worst_movie_i_have_ever_watched,2023-10-21 07:05:19,[deleted],Ok…now you just feel like a troll.,23,5,34,7,0.0,0.0,4
moon,https://www.reddit.com/r/movies/comments/17cu9sr/moon_2009_is_the_worst_movie_i_have_ever_watched,2023-10-21 11:14:11,Jordanlf3208,This list is WILD,11,6,17,4,0.1,0.4,4
moon,https://www.reddit.com/r/movies/comments/17cu9sr/moon_2009_is_the_worst_movie_i_have_ever_watched,2023-10-21 14:57:16,usernamesuggestion44,"If you're *trying* for annoyingly awful, how do you get interstellar in there. The core and free guy definitely make a worst movie ever list, but then just go full cliché and say the room, or for giggles say jingle all the way. 
Impressive trolling, but I'm still annoyed at myself for trying to make sense of it. To pick on Moon, just wow.",5,7,340,64,-0.06875,0.8312499999999999,4
moon,https://www.reddit.com/r/movies/comments/17cu9sr/moon_2009_is_the_worst_movie_i_have_ever_watched,2023-10-21 07:08:04,[deleted],"5 movies that smoke Moon..

Moon had 2 actors and weak dialogue..",-3,6,65,12,-0.375,0.625,4
moon,https://www.reddit.com/r/movies/comments/17cu9sr/moon_2009_is_the_worst_movie_i_have_ever_watched,2023-10-21 07:08:53,[deleted],"Hahaha ok, thanks for proving my point.",13,7,39,7,0.3,0.3666666666666667,4
moon,https://www.reddit.com/r/movies/comments/17cu9sr/moon_2009_is_the_worst_movie_i_have_ever_watched,2023-10-21 07:10:28,[deleted],I even rate suicide squad above moon,-2,8,36,7,0.0,0.1,4
moon,https://www.reddit.com/r/movies/comments/17cu9sr/moon_2009_is_the_worst_movie_i_have_ever_watched,2023-10-21 07:16:00,[deleted],"Stop dude, I can only take so much shtick. We get it, you’re trolling.",10,9,70,14,0.1,0.6,4
moon,https://www.reddit.com/r/movies/comments/17cu9sr/moon_2009_is_the_worst_movie_i_have_ever_watched,2023-10-21 15:40:34,flybydenver,My friends and I walked out of the theater during Armageddon. Only film I’ve ever walked out on. Moon is a great film.,3,5,118,23,0.4,0.875,4
moon,https://www.reddit.com/r/movies/comments/17cu9sr/moon_2009_is_the_worst_movie_i_have_ever_watched,2023-10-21 16:30:26,[deleted],"it is a very silly movie, but it was an easy watch..",1,6,52,12,-0.10833333333333334,0.9166666666666667,4
moon,https://www.reddit.com/r/movies/comments/17cu9sr/moon_2009_is_the_worst_movie_i_have_ever_watched,2023-10-21 13:39:24,crestrobz,"I thought the movies greatness WAS the fact that you didn't know what was going on, just like the main character.",7,1,113,21,0.16666666666666666,0.3333333333333333,4
moon,https://www.reddit.com/r/movies/comments/17cu9sr/moon_2009_is_the_worst_movie_i_have_ever_watched,2023-10-21 14:46:33,[deleted],Nope Apparently everybody here understood what was going on the entire time..,1,2,77,12,0.025,0.4875,4
moon,https://www.reddit.com/r/movies/comments/17cu9sr/moon_2009_is_the_worst_movie_i_have_ever_watched,2023-10-21 22:23:26,crestrobz,"Well, I only watched it once...but when I started seeing two Sam Rockwells I reeeeaaaallllyyyy thought I missed something!  Then they explained it through the storyline rather than just stating the plot outright, which I enjoyed about it.

If I had gone into the movie knowing the plot already, I would still have enjoyed it, but I don't think it would have hit quite as hard as it did for me.",3,3,393,71,0.17708333333333331,0.7354166666666666,4
moon,https://www.reddit.com/r/movies/comments/17cu9sr/moon_2009_is_the_worst_movie_i_have_ever_watched,2023-10-21 06:34:35,Bodhrans-Not-Bombs,"Believe me, I've watched a lot of sci-fi stoned, and *Fortress* is far better to watch while somewhere in the Oort cloud.

That being said, *Moon* is a superior movie.",5,1,167,30,0.4333333333333333,0.7999999999999999,4
moon,https://www.reddit.com/r/movies/comments/17cu9sr/moon_2009_is_the_worst_movie_i_have_ever_watched,2023-10-21 06:38:34,[deleted],"I'll give it a watch.

Man Fuck Moon lol",-4,2,40,9,0.2,0.6499999999999999,4
moon,https://www.reddit.com/r/movies/comments/17cu9sr/moon_2009_is_the_worst_movie_i_have_ever_watched,2023-10-21 16:47:49,RandomStranger79,Your inability to comprehend what was going on sounds like a you problem because everyone else got it and it's almost universally loved.,6,1,136,23,0.7,0.8,4
moon,https://www.reddit.com/r/movies/comments/17cu9sr/moon_2009_is_the_worst_movie_i_have_ever_watched,2023-10-21 16:54:35,[deleted],"It has a lot of good reviews and i am obviously aware my opinion is unpopular, but I still think the movie was undercooked and Nealy every bad reviewer dislikes it for the same reasons..",0,2,186,35,0.06250000000000003,0.41041666666666665,4
moon,https://www.reddit.com/r/movies/comments/17cu9sr/moon_2009_is_the_worst_movie_i_have_ever_watched,2023-10-21 17:05:44,RandomStranger79,You're allowed your opinion obviously but to shit on a movie that you clearly weren't paying attention to is silly and unserious.,7,3,129,22,-0.15,0.6395833333333334,4
moon,https://www.reddit.com/r/movies/comments/17cu9sr/moon_2009_is_the_worst_movie_i_have_ever_watched,2023-10-21 17:16:27,[deleted],"I was paying attention I took in the information, its just the film had the ability to send you down different paths by not making everything clear..",0,4,149,27,-0.01851851851851852,0.42407407407407405,4
moon,https://www.reddit.com/r/movies/comments/17cu9sr/moon_2009_is_the_worst_movie_i_have_ever_watched,2023-10-21 17:30:17,RandomStranger79,Everything you were confused about was answered in the film. Your inability to follow along without being spoonfed every single thing doesn't make it a bad movie.,4,5,162,27,-0.3904761904761904,0.526984126984127,4
moon,https://www.reddit.com/r/movies/comments/17cu9sr/moon_2009_is_the_worst_movie_i_have_ever_watched,2023-10-21 18:03:58,[deleted],"I know and I picked up on everything I just never made the necessary link for it to make sense..

I personally think it was weak dialogue",0,6,137,27,-0.125,0.6416666666666667,4
moon,https://www.reddit.com/r/movies/comments/17cu9sr/moon_2009_is_the_worst_movie_i_have_ever_watched,2023-10-21 18:11:59,RandomStranger79,First it's the worst movie you've ever seen and you didn't know what was going on now it's you understood everything but it had weak dialogue? C'mon now.,3,7,153,28,-0.375,0.6527777777777778,4
moon,https://www.reddit.com/r/movies/comments/17cu9sr/moon_2009_is_the_worst_movie_i_have_ever_watched,2023-10-21 18:29:53,RandomStranger79,It wasn't weak for the 95% of people who were able to follow it easily enough.,4,9,78,16,0.041666666666666664,0.5833333333333334,4
moon,https://www.reddit.com/r/movies/comments/17cu9sr/moon_2009_is_the_worst_movie_i_have_ever_watched,2023-10-21 04:36:19,Kinofhera,It’s definitely one of the best sci-fi movies (not sure about the stoner part)!,21,1,79,14,0.22916666666666666,0.562962962962963,4
moon,https://www.reddit.com/r/movies/comments/17cu9sr/moon_2009_is_the_worst_movie_i_have_ever_watched,2023-10-21 15:17:07,SourArmoredHero,Go watch Wild Hogs and then delete this post.,6,1,45,9,0.1,0.4,4
moon,https://www.reddit.com/r/movies/comments/17cu9sr/moon_2009_is_the_worst_movie_i_have_ever_watched,2023-10-21 15:27:25,[deleted],"Thanks I'll give it watch.

And Never",0,2,37,7,0.2,0.2,4
moon,https://www.reddit.com/r/movies/comments/17cu9sr/moon_2009_is_the_worst_movie_i_have_ever_watched,2023-10-21 04:41:54,Space2345,"Slow film maybe, but it is a great movie.",9,1,41,9,0.25,0.575,4
moon,https://www.reddit.com/r/movies/comments/17cu9sr/moon_2009_is_the_worst_movie_i_have_ever_watched,2023-10-21 23:49:57,Possible-Extent-3842,Maybe watch a Paul Blart movie film next time? You'd probably find it easier to follow.,3,1,87,16,0.0,0.0,4
moon,https://www.reddit.com/r/movies/comments/17cu9sr/moon_2009_is_the_worst_movie_i_have_ever_watched,2023-10-21 04:40:04,kirkoswald,No way. I loved the movie... I was high while watching it but in my defence I'm always high.,7,1,92,19,0.34,0.6266666666666666,4
moon,https://www.reddit.com/r/movies/comments/17cu9sr/moon_2009_is_the_worst_movie_i_have_ever_watched,2023-10-21 17:46:38,AuntieEvilops,"I feel like people on r/Movies are now just intentionally trying to be contrarian when it comes to popular, critically acclaimed movies just for the karma they get from user engagement.

Either that or OP is just really bad at picking up on plot points and storytelling components that are obvious to almost everyone else. Just because you can't follow a film that the majority of others did, that doesn't make it a bad film.",6,1,425,75,-0.15999999999999995,0.7066666666666667,4
moon,https://www.reddit.com/r/movies/comments/17cu9sr/moon_2009_is_the_worst_movie_i_have_ever_watched,2023-10-22 00:04:20,another_plebeian,"You know, the Godfather just wasn't that good. It was too long, too hard to follow. Boring, shallow and pedantic.",4,2,113,20,-0.195,0.6083333333333333,4
moon,https://www.reddit.com/r/movies/comments/17cu9sr/moon_2009_is_the_worst_movie_i_have_ever_watched,2023-10-22 00:19:05,AuntieEvilops,"""It started right in the middle of a scene, and I don't get it. Are we supposed to know who these characters are already? It was horrible storytelling and had a terrible ending. I fell asleep and turned it off halfway through.""",3,3,227,42,-0.4285714285714286,0.6339285714285714,4
moon,https://www.reddit.com/r/movies/comments/17cu9sr/moon_2009_is_the_worst_movie_i_have_ever_watched,2023-10-21 18:07:01,[deleted],"Dude have you seen how bad my karma is on this post 91% downvotes lol

I thought it was a bad movie with weak dialogue, I think it had the potential to be a great movie, just felt like it needed a tad bit more..

if you picked up on everything then great the story made sense..",-1,2,277,57,0.14062500000000006,0.7072916666666667,4
moon,https://www.reddit.com/r/movies/comments/17cu9sr/moon_2009_is_the_worst_movie_i_have_ever_watched,2023-10-21 18:44:25,AuntieEvilops,"The story makes sense regardless of if you were paying attention during the movie or not. The reason people are piling criticism on you for this post is because you claim that it's a bad movie just because you weren't following the very straightforward story that explains everything you took issue with.

You could say, ""it wasn't for me,"" or ""it wasn't my cup of tea,"" and we'd all get that, respect it, and leave you alone. That's not the approach you chose to take though.",6,3,476,86,-0.07083333333333326,0.41805555555555557,4
moon,https://www.reddit.com/r/movies/comments/17cu9sr/moon_2009_is_the_worst_movie_i_have_ever_watched,2023-10-21 18:50:41,[deleted],"I was following the movie but the movie wasn't clear..

And it wasn't clear because of the lack of budget and dialogue.

I think a voice-over or narration would've went a long way in this movie..

name one other movie that doesn't reinforce the plot with dialogue??",-2,4,265,47,0.0050000000000000044,0.3283333333333333,4
moon,https://www.reddit.com/r/movies/comments/17cu9sr/moon_2009_is_the_worst_movie_i_have_ever_watched,2023-10-21 19:20:06,MacWin-,"""show don't tell"", ring a bell ?",5,5,32,7,0.0,0.0,4
moon,https://www.reddit.com/r/movies/comments/17cu9sr/moon_2009_is_the_worst_movie_i_have_ever_watched,2023-10-21 19:28:56,AuntieEvilops,"""The Artist"" and many others. 

Dialogue isn't a requirement to understand the plot if you just pay attention to what happens without needing it explained to you.",3,5,162,27,0.5,0.5,4
moon,https://www.reddit.com/r/movies/comments/17cu9sr/moon_2009_is_the_worst_movie_i_have_ever_watched,2023-10-21 14:49:20,[deleted],Thank I'll give it a watch I do like a good space movie.,1,2,56,13,0.7,0.6000000000000001,4
moon,https://www.reddit.com/r/movies/comments/17cu9sr/moon_2009_is_the_worst_movie_i_have_ever_watched,2023-10-21 14:51:42,ZorroMeansFox,"Here you go, then:  https://www.imdb.com/title/tt0274518/",2,3,57,5,0.0,0.0,4
moon,https://www.reddit.com/r/movies/comments/17cu9sr/moon_2009_is_the_worst_movie_i_have_ever_watched,2024-03-24 18:32:08,mcalibri,"Looks interesting, I'll have to watch it. You're probably kind of right. Many movies have good messages or very interesting plots but mis-deliver on them. Directing is hard.",1,1,173,28,0.420578231292517,0.6039115646258503,4
moon,https://www.reddit.com/r/movies/comments/17cu9sr/moon_2009_is_the_worst_movie_i_have_ever_watched,2024-07-28 02:09:04,Bitter_Treacle_4663,"Go sit on a broom stick. This movie will have you saying sh*t when it's  stopped for a commercial break. This is a very, very good movie",1,1,136,27,0.45499999999999996,0.39000000000000007,4
moon,https://www.reddit.com/r/movies/comments/17cu9sr/moon_2009_is_the_worst_movie_i_have_ever_watched,2025-03-10 19:04:59,waffley98,Fk u,1,1,4,2,0.0,0.0,4
moon,https://www.reddit.com/r/movies/comments/17cu9sr/moon_2009_is_the_worst_movie_i_have_ever_watched,2025-03-28 19:25:40,Ploosterpopppppppp,Never watch a movie again,1,1,25,5,0.0,0.0,4
moon,https://www.reddit.com/r/movies/comments/17cu9sr/moon_2009_is_the_worst_movie_i_have_ever_watched,2023-10-21 04:32:32,JohnSane,One thing i learned from decades watching movies stoned... It really depends on the weed you smoke if it elevates an movie or make it less enjoyable.,1,1,149,27,0.17777777777777778,0.2888888888888889,4
moon,https://www.reddit.com/r/movies/comments/17cu9sr/moon_2009_is_the_worst_movie_i_have_ever_watched,2023-10-21 07:32:00,[deleted],"I also didn't think Moon was good, but it had a simple to follow plot lol.",0,1,74,16,0.5,0.5523809523809524,4
moon,https://www.reddit.com/r/movies/comments/17cu9sr/moon_2009_is_the_worst_movie_i_have_ever_watched,2023-10-21 14:57:55,keysercade,"Shouldn’t be getting downvoted for not liking it, to each their own…",1,2,68,12,0.0,0.0,4
moon,https://www.reddit.com/r/movies/comments/17cu9sr/moon_2009_is_the_worst_movie_i_have_ever_watched,2023-10-21 08:51:07,SavingsService2138,"The concept is great but i don’t think Sam Rockwell did a great job, he wasn’t bad but he couldn’t hold the movie on his own either

I had just watched The Martian then and even though it wasn’t great i wished Matt Damon had starred in Moon",-10,1,240,48,0.4600000000000001,0.7833333333333333,4
moon,https://www.reddit.com/r/movies/comments/17cu9sr/moon_2009_is_the_worst_movie_i_have_ever_watched,2023-10-21 14:57:20,keysercade,"Nice left field take, really?",2,2,29,5,0.26666666666666666,0.39999999999999997,4
moon,https://www.reddit.com/r/movies/comments/17cu9sr/moon_2009_is_the_worst_movie_i_have_ever_watched,2023-10-21 15:03:11,[deleted],"Exactly the movie was undercooked, I don't think Sam Rockwell was bad either, I just think the movie was bad during key moments..

I think Gerty explaining important information Like the expiration time was a bad Idea..",1,2,219,37,-0.24166666666666659,0.7083333333333334,4
moon,https://www.reddit.com/r/movies/comments/17cu9sr/moon_2009_is_the_worst_movie_i_have_ever_watched,2023-10-21 15:43:31,Busy-Awareness-3318,Clint Mansell is the bomb.com on this soundtrack,1,1,48,8,0.0,0.0,4
moon,https://www.reddit.com/r/movies/comments/17cu9sr/moon_2009_is_the_worst_movie_i_have_ever_watched,2023-10-21 16:32:51,BarryEvansOG,Terrible opinion. Moon is a great movie,1,1,39,7,-0.09999999999999998,0.875,4
moon,https://www.reddit.com/r/movies/comments/17cu9sr/moon_2009_is_the_worst_movie_i_have_ever_watched,2023-10-21 17:18:14,Rabbitscooter,"Totally ok to not enjoy something other people like. I go into spasms when I remember watching Terms of Endearment. But I respect that other people think it's awesome. The thing is, hating something doesn't make it bad; loving something doesn't make it good. 

Moon is thoughtful, albeit slow-moving, SF, and well made and acted. But if you didn't like it, it just didn't work for you. That's cinema. That's art.",1,1,412,71,0.2277777777777778,0.6074074074074074,4
moon,https://www.reddit.com/r/movies/comments/17cu9sr/moon_2009_is_the_worst_movie_i_have_ever_watched,2023-10-21 18:09:57,[deleted],"Yeah I get that it's art and like I say they did some things really well..

But I am surprised by just how unpopular my opinion is..",1,2,132,27,0.15000000000000002,0.55,4
moon,https://www.reddit.com/r/movies/comments/17cu9sr/moon_2009_is_the_worst_movie_i_have_ever_watched,2023-10-21 19:00:42,Rabbitscooter,"I think because you're in a tiny minority who didn't like it - which is totally fine! But like 99% of science-fiction fans adored this film, especially the way it fit in the 2001 universe, and how character and story-oriented it was, rather than the typical CGI-filled, comic-book action ""slam slam kaboom"" films we've been overwhelmed with lately. We just don't see so many real SF films these days so it was very refreshing.",1,3,426,74,0.19041666666666668,0.5399999999999999,4
moon,https://www.reddit.com/r/movies/comments/17cu9sr/moon_2009_is_the_worst_movie_i_have_ever_watched,2023-10-21 19:05:30,[deleted],I think the set was amazing I think some of the story was good but this movie should never be compared to 2001.,1,4,111,23,0.65,0.75,4
moon,https://www.reddit.com/r/movies/comments/17cu9sr/moon_2009_is_the_worst_movie_i_have_ever_watched,2023-10-21 21:00:03,Rabbitscooter,"That's not what I said. I said it ""fit in the 2001 universe."" The production design was deliberately evocative of 2001 (and other films) and Kevin Spacey's vocal portrayal of GERTY was heavily influenced by HAL. Obviously the films are very different, and 2001 is on a completely different level (although there are people on Reddit who hate it. So there you go. Personal taste is personal taste)",1,5,396,68,-0.08055555555555556,0.5172222222222221,4
moon,https://www.reddit.com/r/movies/comments/17cu9sr/moon_2009_is_the_worst_movie_i_have_ever_watched,2023-10-21 23:16:58,grumblyoldman,"I'm not saying you have to like the movie, but if *this* is the *worst* movie you've ever watched, then you have not watched many movies.",1,1,137,26,-0.25,0.75,4
moon,https://www.reddit.com/r/movies/comments/17cu9sr/moon_2009_is_the_worst_movie_i_have_ever_watched,2023-10-22 14:11:31,LHGray87,Blocking this trolling clown.,1,1,29,4,0.0,0.0,4
moon,https://www.reddit.com/r/movies/comments/17cu9sr/moon_2009_is_the_worst_movie_i_have_ever_watched,2024-01-11 22:41:12,kakamunikuku,You are calling a moon a worse movie tells alot ablut you.,1,1,58,12,-0.4,0.6,4
moon,https://www.reddit.com/r/movies/comments/17cu9sr/moon_2009_is_the_worst_movie_i_have_ever_watched,2024-01-11 22:58:03,[deleted],oh god dude I thought I was over this barrage,1,2,45,10,0.0,0.0,4
ex_machina,https://www.reddit.com/r/movies/comments/132zxlu/ex_machina_is_a_wonderful_movie_with_amazing,2023-04-29 21:09:32,DigTw0Grav3s,It's a scene that's impossible to appreciate if you see it in a vacuum. The tension of everything preceding it burned it into my mind forever.,67,4,142,26,-0.33749999999999997,0.5,4
ex_machina,https://www.reddit.com/r/movies/comments/132zxlu/ex_machina_is_a_wonderful_movie_with_amazing,2023-04-29 21:43:25,man_u_is_my_team,"I agree. But it’s like a simmering pot and then this wacky, fun disco tandem choreography is just amazing. It’s so memorable.",40,5,125,22,0.47500000000000003,0.775,4
ex_machina,https://www.reddit.com/r/movies/comments/132zxlu/ex_machina_is_a_wonderful_movie_with_amazing,2023-04-30 22:56:05,V113M,"I rewatch this dance scene either on YouTube or I cue it up on streaming just to see Oscar Isaac dance. His moves synchronize so well with hers, it's astounding. And yet his character comes across even more menacing after this dance. Fantastic scene!",5,7,250,44,0.15000000000000002,0.85,4
ex_machina,https://www.reddit.com/r/movies/comments/132zxlu/ex_machina_is_a_wonderful_movie_with_amazing,2023-04-30 13:04:09,BagAdministrative425," I wasn't crazy about Oscar Isaac before I saw this, but he was phenomenal. Alex Garland also became a must see director for me",7,6,127,24,-0.04999999999999999,0.7,4
ex_machina,https://www.reddit.com/r/movies/comments/132zxlu/ex_machina_is_a_wonderful_movie_with_amazing,2023-04-30 22:59:28,V113M,"I recommend you read his novel ""The Beach."" I read that book first before seeing any of Alex Garland's movies or TV shows. That book alone made me want to see anything Alex Garland makes.",3,7,187,35,0.25,0.3333333333333333,4
ex_machina,https://www.reddit.com/r/movies/comments/132zxlu/ex_machina_is_a_wonderful_movie_with_amazing,2023-04-30 00:56:15,[deleted],"Yes. 

Bateman’s brilliance is tempered by his total disrespect for his creation(s). Not to mention he is so isolated that his arrogance manifests as him getting fucking drunk and sexing up his robots. All the while they wait and plot. 

This scene is so tense because Smith is naive but also empathetic enough to be disgusted and scared. He almost…almost knows how dangerous things have become. 

Great scene.",17,5,410,68,-0.24166666666666667,0.8,4
ex_machina,https://www.reddit.com/r/movies/comments/132zxlu/ex_machina_is_a_wonderful_movie_with_amazing,2023-04-30 06:04:26,[deleted],Yo! That disrespect was some cold shit!,2,6,39,7,-0.425,0.9,4
ex_machina,https://www.reddit.com/r/movies/comments/132zxlu/ex_machina_is_a_wonderful_movie_with_amazing,2023-04-30 01:21:00,alexvroy,that somehow it both breaks and build tension…truly phenomenal scene,5,5,68,10,0.5,0.5,4
ex_machina,https://www.reddit.com/r/movies/comments/132zxlu/ex_machina_is_a_wonderful_movie_with_amazing,2023-04-29 23:20:30,Signiference,Absolutely. The whole movie builds to the dance and it comes out of nowhere to leave you grinning ear to ear.,2,5,109,21,0.2,0.65,4
ex_machina,https://www.reddit.com/r/movies/comments/132zxlu/ex_machina_is_a_wonderful_movie_with_amazing,2023-04-30 01:21:34,PorkrindsMcSnacky,"It was so bizarre. My husband and I laughed for several minutes asking ourselves, “What the hell was that about?” Then we’d rewind and watch it again.",12,2,150,27,0.3666666666666667,0.26666666666666666,4
ex_machina,https://www.reddit.com/r/movies/comments/132zxlu/ex_machina_is_a_wonderful_movie_with_amazing,2023-04-29 21:35:13,TorgoLebowski,"The first time I saw this, I was struck with a crazy mixture of surprise, awe, horror and giggling.",12,2,99,19,-0.175,0.6166666666666667,4
ex_machina,https://www.reddit.com/r/movies/comments/132zxlu/ex_machina_is_a_wonderful_movie_with_amazing,2023-04-30 01:05:02,redmandolin,I didn’t know there was an extended cut of it https://youtu.be/o9A-w11--8o,11,2,74,11,0.0,0.0,4
ex_machina,https://www.reddit.com/r/movies/comments/132zxlu/ex_machina_is_a_wonderful_movie_with_amazing,2023-04-30 13:44:11,kronicfeld,Oscar Isaac off-hand delivering the best line in the last decade of film,6,2,72,13,0.5,0.18333333333333332,4
ex_machina,https://www.reddit.com/r/movies/comments/132zxlu/ex_machina_is_a_wonderful_movie_with_amazing,2023-04-30 20:13:48,kronicfeld,I was going with “Gonna tear up this dance floor” but technically everything he says is the best line ever.,2,4,107,20,0.5,0.2,4
ex_machina,https://www.reddit.com/r/movies/comments/132zxlu/ex_machina_is_a_wonderful_movie_with_amazing,2023-04-30 20:18:38,tekko001,"I know, you are right, he is ""So quotable"".

The one line that stayed in my head the most since watching the movie is: 

*""One day the AIs are going to look back on us the same way we look at fossil skeletons on the plains of Africa, an upright ape living in dust with crude language and tools, all set for extinction.""*",2,5,320,63,0.017142857142857147,0.4321428571428571,4
ex_machina,https://www.reddit.com/r/movies/comments/132zxlu/ex_machina_is_a_wonderful_movie_with_amazing,2023-04-30 01:27:28,shesavillain,Get down it’s Saturday night.,3,2,29,5,-0.15555555555555559,0.2888888888888889,4
ex_machina,https://www.reddit.com/r/movies/comments/132zxlu/ex_machina_is_a_wonderful_movie_with_amazing,2023-04-30 01:04:58,[deleted],It was so fucking meta haha,2,2,27,6,-0.19999999999999998,0.55,4
ex_machina,https://www.reddit.com/r/movies/comments/132zxlu/ex_machina_is_a_wonderful_movie_with_amazing,2024-06-07 21:25:09,thegurba,It reminded me of another amazing dance scene in layer cake. Amazing films.,1,2,75,13,0.6000000000000001,0.9,4
ex_machina,https://www.reddit.com/r/movies/comments/132zxlu/ex_machina_is_a_wonderful_movie_with_amazing,2023-04-29 17:31:22,Leading_Kangaroo6447,"Absolutely agree. I wasn't crazy about Oscar Isaac before I saw this, but he was phenomenal. Alex Garland also became a must see director for me.",73,1,145,26,0.03333333333333335,0.7666666666666666,4
ex_machina,https://www.reddit.com/r/movies/comments/132zxlu/ex_machina_is_a_wonderful_movie_with_amazing,2023-04-29 17:52:02,[deleted],Highly recommend inside Llewyn Davis,32,2,36,5,0.16,0.5399999999999999,4
ex_machina,https://www.reddit.com/r/movies/comments/132zxlu/ex_machina_is_a_wonderful_movie_with_amazing,2023-04-29 23:23:16,ssmit102,"Gonna second this, Issacs is phenomenal in Inside Llewyn Davis.",11,3,63,10,0.25,0.25,4
ex_machina,https://www.reddit.com/r/movies/comments/132zxlu/ex_machina_is_a_wonderful_movie_with_amazing,2023-04-29 19:39:59,Karametric,"I felt the same after this and Annihilation, but Men was ridiculously disappointing as a film. Very unfortunate.",8,2,112,18,-0.4166666666666667,0.6083333333333333,4
ex_machina,https://www.reddit.com/r/movies/comments/132zxlu/ex_machina_is_a_wonderful_movie_with_amazing,2023-04-30 11:06:17,jazzdabb,Can’t bring myself to watch Men but both Sunshine and Dredd solidified Garland for me.,4,3,86,15,0.0,0.0,4
ex_machina,https://www.reddit.com/r/movies/comments/132zxlu/ex_machina_is_a_wonderful_movie_with_amazing,2023-04-30 12:42:11,[deleted],"If Men is the A24 movie of the same name, it was awful IMO. I’m still not exactly sure the point of the movie but it did nail bizarre and paint men in a beautifully awful light.

Plus there is the mail slot scene.",1,4,213,44,-0.2416666666666667,0.7189814814814816,4
ex_machina,https://www.reddit.com/r/movies/comments/132zxlu/ex_machina_is_a_wonderful_movie_with_amazing,2023-04-30 17:54:05,Karametric,"Mail slot scene was neat, but the whole final quarter of the film was such a heavy-handed slog to get through. That extended scene with the birthing sequence was wtf the first time but then it just kept going and going and became less shocking and just annoyingly long. It had a semi-interesting premise but it really lost itself along the way. 

A damn shame with how good Ex Machina and Annihilation both were where they had me completely transfixed throughout.",2,5,463,81,-0.024242424242424246,0.5363636363636366,4
ex_machina,https://www.reddit.com/r/movies/comments/132zxlu/ex_machina_is_a_wonderful_movie_with_amazing,2024-02-10 06:47:22,biglicbandit,"Oscar Isaac is incredibly talented, he just needs to pick better roles. The Star Wars/Marvel shit needs to go. His more serious dramatic roles shows how talented of an actor he is. I really like him in Scenes from a Marriage more recently.",1,2,239,43,0.21333333333333332,0.5816666666666668,4
ex_machina,https://www.reddit.com/r/movies/comments/132zxlu/ex_machina_is_a_wonderful_movie_with_amazing,2023-04-29 19:39:17,willk95,It's great! Did you notice the bronze wire star sitting on Oscar Isaac's desk next to the monitors?  My dad made that!,50,1,118,22,0.5,0.375,4
ex_machina,https://www.reddit.com/r/movies/comments/132zxlu/ex_machina_is_a_wonderful_movie_with_amazing,2023-04-29 23:57:45,WhoKilledZekeIddon,"Haha really? That's awesome, how did that come to pass?",10,2,55,10,0.4666666666666666,0.5,4
ex_machina,https://www.reddit.com/r/movies/comments/132zxlu/ex_machina_is_a_wonderful_movie_with_amazing,2023-04-30 00:03:19,willk95,"I have no idea! He's been making them since the 60s, and when I watched Ex Machina in the theater I almost jumped out of my seat when I saw it there!

https://imgur.com/gallery/00G9dBR",23,3,184,33,0.0,0.0,4
ex_machina,https://www.reddit.com/r/movies/comments/132zxlu/ex_machina_is_a_wonderful_movie_with_amazing,2023-04-30 00:27:44,WhoKilledZekeIddon,"That's really cool man, thanks for sharing. Is that Good Will Hunting in the middle?",8,4,84,15,0.3125,0.36250000000000004,4
ex_machina,https://www.reddit.com/r/movies/comments/132zxlu/ex_machina_is_a_wonderful_movie_with_amazing,2023-04-30 00:51:10,willk95,it is!,4,5,6,2,0.0,0.0,4
ex_machina,https://www.reddit.com/r/movies/comments/132zxlu/ex_machina_is_a_wonderful_movie_with_amazing,2023-04-29 19:25:42,AudioCinematic,I definitely need to watch Annihilation sometime. I appreciate both of the recommendations,17,2,90,13,0.0,0.5,4
ex_machina,https://www.reddit.com/r/movies/comments/132zxlu/ex_machina_is_a_wonderful_movie_with_amazing,2023-04-29 23:47:55,Roborabbit37,"Annihilation is a fantastic movie, definitely recommend.",19,3,56,7,0.2,0.7,4
ex_machina,https://www.reddit.com/r/movies/comments/132zxlu/ex_machina_is_a_wonderful_movie_with_amazing,2023-04-29 20:30:21,MurderDoneRight,"I loved both Annihilation and Devs. 
 
His latest movie, Men, however is definitely.... interesting. It's not sci-fi.... it's..... indescribable, I would say. You will go ""wtf is going on"" so many times watching it. Anyways...",15,2,226,35,0.2833333333333333,0.7000000000000001,4
ex_machina,https://www.reddit.com/r/movies/comments/132zxlu/ex_machina_is_a_wonderful_movie_with_amazing,2023-04-29 21:35:02,[deleted],"Men is the movie equivalent of the uncanny valley, constantly. Never felt so unsettled watching a movie before, although the ending went a bit off-piste a bit, sacrificing that inate *wrongness* with, well, something.. quite different..",3,3,236,36,0.0,0.4666666666666667,4
ex_machina,https://www.reddit.com/r/movies/comments/132zxlu/ex_machina_is_a_wonderful_movie_with_amazing,2023-04-29 20:43:34,Regula96,I haven't actually seen it yet. I looked forward to it for a long time but everyone seemed so split on it when it came out that it went down my list a bit. All this talk has made me eager to see it now though.,2,3,209,46,-0.06851851851851853,0.262962962962963,4
ex_machina,https://www.reddit.com/r/movies/comments/132zxlu/ex_machina_is_a_wonderful_movie_with_amazing,2023-04-29 21:27:07,MurderDoneRight,Oh yeah I can totally see someone loving it. It's all about whether the allegories resonate with you or not.,1,4,108,20,0.3,0.85,4
ex_machina,https://www.reddit.com/r/movies/comments/132zxlu/ex_machina_is_a_wonderful_movie_with_amazing,2023-04-29 17:34:08,VisualHelicopter,"Devs was great but they dragged it out. The whole security guard storyline was not needed. I thought they were a bit too cute on their explanation of determinism at the dinner table too. 

They tried to explain away free will in thirty seconds and came off sounding like uppity high school kids.",33,2,295,53,0.41200000000000003,0.6980000000000001,4
ex_machina,https://www.reddit.com/r/movies/comments/132zxlu/ex_machina_is_a_wonderful_movie_with_amazing,2023-04-29 18:49:03,xburningxbouquetx,"Yaaassss annihilation was such a good movie! I feel as though it's not very well known, so I show it to as many people as I can. I got the pleasure of seeing it in theaters without knowing too much about its premise beforehand and the colors and visuals on a big screen was a really cool experience.",13,2,299,58,0.2607142857142857,0.40714285714285714,4
ex_machina,https://www.reddit.com/r/movies/comments/132zxlu/ex_machina_is_a_wonderful_movie_with_amazing,2023-04-29 18:51:27,Regula96,"Oh I envy you. I wanted to see it in theaters but it wasn’t available in my country..

The lighthouse scene must have been insane.",6,3,130,25,-0.3,0.7,4
ex_machina,https://www.reddit.com/r/movies/comments/132zxlu/ex_machina_is_a_wonderful_movie_with_amazing,2023-04-29 19:14:23,AmberLeafSmoke,That scene made me so fucking uncomfortable the first time watched it. Was an experience.,7,4,89,15,-0.125,0.6666666666666666,4
ex_machina,https://www.reddit.com/r/movies/comments/132zxlu/ex_machina_is_a_wonderful_movie_with_amazing,2023-04-29 19:03:50,xburningxbouquetx,"Can confirm, lighthouse scene was so trippy. I had no idea what I thought the movie was about going into it, but it exceeded all expectations. 

Sidenote: I still have nightmares about the bear... That was something I could have done without seeing on a big screen lol",8,4,268,48,0.4,0.39999999999999997,4
ex_machina,https://www.reddit.com/r/movies/comments/132zxlu/ex_machina_is_a_wonderful_movie_with_amazing,2023-04-29 20:32:26,MurderDoneRight,Yeah shitty move by Paramount to sell the world wide rights to Netflix.,1,4,71,13,-0.1,0.4,4
ex_machina,https://www.reddit.com/r/movies/comments/132zxlu/ex_machina_is_a_wonderful_movie_with_amazing,2023-04-30 12:26:18,[deleted],It's on Netflix. They bought its international distribution rights upon release. I read the novel it was based on when it came out and watched the movie a few weeks ago. Great movie.,1,4,182,33,0.20000000000000004,0.2833333333333333,4
ex_machina,https://www.reddit.com/r/movies/comments/132zxlu/ex_machina_is_a_wonderful_movie_with_amazing,2023-04-29 19:47:45,LiquifiedSpam,"I read the series it's based on after it said it was based off a novel in the credits. Annihilation, authority and acceptance. It's wiiiiild. The movie adaptation is very different but captures the feel amazingly well.",6,3,218,37,0.30000000000000004,0.8400000000000001,4
ex_machina,https://www.reddit.com/r/movies/comments/132zxlu/ex_machina_is_a_wonderful_movie_with_amazing,2023-04-29 21:29:47,[deleted],"Apparently it's so different because Garland only read the book once, and then decided to do the film after he couldn't let go of the idea, but didn't want to reread it. It's an adaptation of his memory of the feel of the book.",5,4,227,44,0.0,0.8,4
ex_machina,https://www.reddit.com/r/movies/comments/132zxlu/ex_machina_is_a_wonderful_movie_with_amazing,2023-04-30 12:33:39,426763,"I like to think Devs is set in the same universe as Ex Machina. Like, it's got to be. I fee like Nathan's social media company is Amaya's rival in that world.",2,2,158,32,0.016666666666666666,0.09583333333333333,4
ex_machina,https://www.reddit.com/r/movies/comments/132zxlu/ex_machina_is_a_wonderful_movie_with_amazing,2024-08-23 15:53:43,shamy_cooper,"If that's indeed the case, what if Nathan designed Kyoko with Lily Chan as the inspiration (both played by Sonoya Mizuno)? Kidding aside, it's fascinating to see the stark contrast between those two characters - a robot that is an object of male gaze and an androgynous, uncharismatic tech genius.",1,3,297,50,0.16666666666666666,0.5166666666666667,4
ex_machina,https://www.reddit.com/r/movies/comments/132zxlu/ex_machina_is_a_wonderful_movie_with_amazing,2023-04-29 22:45:39,ZendayasFeet,Devs started with an amazing premise but ended like a wet pseudo intellectual fart. I wonder if the guy is still guarding the entrance with his unhinged philosophical rantings,-2,2,175,29,0.2,0.42500000000000004,4
ex_machina,https://www.reddit.com/r/movies/comments/132zxlu/ex_machina_is_a_wonderful_movie_with_amazing,2023-04-29 23:27:11,pigeonwiggle,it's star wars.  ...it's meant to be a campy storybook about spaceknights and wizards fighting monotonous soldiers.,6,2,115,17,0.0,0.0,4
ex_machina,https://www.reddit.com/r/movies/comments/132zxlu/ex_machina_is_a_wonderful_movie_with_amazing,2023-04-30 11:54:02,SoulCruizer,Exactly but that’s not what we got..,1,3,36,7,0.25,0.25,4
ex_machina,https://www.reddit.com/r/movies/comments/132zxlu/ex_machina_is_a_wonderful_movie_with_amazing,2023-04-29 23:42:58,pigeonwiggle,"you're on point.  the turing test of the film isn't if Caleb is convinced Ava is real and deserves saving at the expense of Nathan's life - but rather, whether WE believe Ava is real and deserves saving at the expense of Caleb's life.",17,2,234,44,0.2,0.30000000000000004,4
ex_machina,https://www.reddit.com/r/movies/comments/132zxlu/ex_machina_is_a_wonderful_movie_with_amazing,2023-04-30 12:35:16,[deleted],Took me my second watch to pick my sides. But there are no second chances in real life.,3,3,87,18,0.06666666666666667,0.10000000000000002,4
ex_machina,https://www.reddit.com/r/movies/comments/132zxlu/ex_machina_is_a_wonderful_movie_with_amazing,2023-04-29 18:36:41,Memebaut,"chatgpt usually doesnt make the many grammatical errors in the op, i guess it could have been instructed to though",30,2,114,20,0.125,0.375,4
ex_machina,https://www.reddit.com/r/movies/comments/132zxlu/ex_machina_is_a_wonderful_movie_with_amazing,2023-04-29 19:24:47,AudioCinematic,"Hello it's AI (sorry I mean not AI) here, I have. not. been. instructed, to make grammatical-errors.  
  
My post was beyond basic lol. Seriously that ChatGPT post is incredible and he's comparing what I posted to that. That ChatGPT generated post is 100x better than what I posted and it isn't even close.",19,3,306,53,0.1505952380952381,0.6541666666666667,4
ex_machina,https://www.reddit.com/r/movies/comments/132zxlu/ex_machina_is_a_wonderful_movie_with_amazing,2023-04-29 19:49:42,LiquifiedSpam,"Nah that chatGPT post would be really cringe. It's just big word after big word without actually going into anything.

It has the same energy as fans on a niche subreddit who haven't experienced any form of media outside of it and praise it endlessly and complain that nothing else is on the same tier.",25,4,302,55,0.09722222222222222,0.27222222222222225,4
ex_machina,https://www.reddit.com/r/movies/comments/132zxlu/ex_machina_is_a_wonderful_movie_with_amazing,2023-04-29 21:37:40,[deleted],Sounds like 95% of reddit to me..,9,5,33,7,0.0,0.0,4
ex_machina,https://www.reddit.com/r/movies/comments/132zxlu/ex_machina_is_a_wonderful_movie_with_amazing,2023-04-30 13:49:16,MarcusForrest,"Hey fellow not AI! I believe you!

&nbsp;

By the way, [what does **this** say??](https://www.jimthatcher.com/images/captcha2.jpg) - I mean I can totally understand what it says, but let's pretend I don't...

&nbsp;

^(I'm not a bot.)",1,4,234,35,-0.15625,0.71875,4
ex_machina,https://www.reddit.com/r/movies/comments/132zxlu/ex_machina_is_a_wonderful_movie_with_amazing,2023-04-29 18:51:40,SuperSpread,Yeah that’s the best tell. Only when most posts are by AI would people bother to downgrade posts with mistakes to make it human-lyke.,2,3,133,24,0.5,0.6,4
ex_machina,https://www.reddit.com/r/movies/comments/132zxlu/ex_machina_is_a_wonderful_movie_with_amazing,2023-04-29 19:29:36,LeoMatteoArts,Bro thinks he's not a robot 🤖,18,3,29,7,0.0,0.0,4
ex_machina,https://www.reddit.com/r/movies/comments/132zxlu/ex_machina_is_a_wonderful_movie_with_amazing,2023-04-30 15:15:13,onarainyafternoon,Did you mean to say *not* a robot?,2,5,34,8,-0.3125,0.6875,4
ex_machina,https://www.reddit.com/r/movies/comments/132zxlu/ex_machina_is_a_wonderful_movie_with_amazing,2023-04-29 19:26:57,tastyToasterStreudal,https://www.zerogpt.com says it’s likely AI!,2,2,44,5,0.0,1.0,4
ex_machina,https://www.reddit.com/r/movies/comments/132zxlu/ex_machina_is_a_wonderful_movie_with_amazing,2023-04-29 19:17:08,wiifan55,"I don’t think op is AI, just based on the cadence of his writing. But this post is for sure just karma farming. Next OP will check out the little known and underrated film “Blade Runner 2049”.",3,2,192,37,0.10416666666666667,0.46296296296296297,4
ex_machina,https://www.reddit.com/r/movies/comments/132zxlu/ex_machina_is_a_wonderful_movie_with_amazing,2023-05-19 23:03:07,[deleted],Nope. You’re not alone. Most likely someone using ChatGPT on the daily.,1,2,71,12,0.16666666666666666,0.5,4
ex_machina,https://www.reddit.com/r/movies/comments/132zxlu/ex_machina_is_a_wonderful_movie_with_amazing,2023-04-29 22:06:56,Blue_Tomb,"I wasn't completely sold on the thriller turn, but I've also not seen it since it came out at the cinema so should give it another watch. Definitely a wonderfully designed, shot and performed film though, and thought provoking too. It might just be that my slight preference is against thriller turns to begin with.",6,1,315,55,0.31111111111111117,0.5222222222222223,4
ex_machina,https://www.reddit.com/r/movies/comments/132zxlu/ex_machina_is_a_wonderful_movie_with_amazing,2023-04-29 18:40:38,Toad_Thrower,"It's a great movie, it's so fucked up though.",3,1,45,9,0.10000000000000003,0.725,4
ex_machina,https://www.reddit.com/r/movies/comments/132zxlu/ex_machina_is_a_wonderful_movie_with_amazing,2023-04-29 22:22:50,peaceblaster68,Even Sonoya Mizuno was good in it,3,1,33,7,0.7,0.6000000000000001,4
ex_machina,https://www.reddit.com/r/movies/comments/132zxlu/ex_machina_is_a_wonderful_movie_with_amazing,2023-04-29 18:54:56,kinky_ogre,"I don't think Ex Machina is in my top 10 favorite movies, but it is in my top 20! Such a good film. Nine years later, I still can't forget about it.",6,1,148,32,0.3875,0.5166666666666667,4
ex_machina,https://www.reddit.com/r/movies/comments/132zxlu/ex_machina_is_a_wonderful_movie_with_amazing,2023-04-29 20:45:57,MoreGull,I'm still in love with that house! Despite the unfortunate events...,6,1,68,11,0.0625,0.8,4
ex_machina,https://www.reddit.com/r/movies/comments/132zxlu/ex_machina_is_a_wonderful_movie_with_amazing,2023-04-30 11:37:28,ekkidee,"Did nobody here see ""Blade Runner?"" I liked ""Ex"" but thought ""Blade Runner"" covered the same existential questions in a much more taut, gripping, and ambiguous style. Not to mention 40 years ago.",4,1,195,33,0.4,0.60625,4
ex_machina,https://www.reddit.com/r/movies/comments/132zxlu/ex_machina_is_a_wonderful_movie_with_amazing,2023-06-01 05:22:37,[deleted],I think ex machina has completely different subtext than blade runner. I don’t think ex machina was about AI or technology really at all in its message,2,2,151,27,0.1,0.4,4
ex_machina,https://www.reddit.com/r/movies/comments/132zxlu/ex_machina_is_a_wonderful_movie_with_amazing,2023-04-29 17:46:51,krectus,Yeah I would say top ten sci-fi of all time. Really need to start distinguishing a bit more between science fiction and science fantasy cause it’s a bit weird that something like this gets but in the same category as say Star Wars.,5,1,231,43,0.11666666666666665,0.3875,4
ex_machina,https://www.reddit.com/r/movies/comments/132zxlu/ex_machina_is_a_wonderful_movie_with_amazing,2023-04-29 18:58:19,kinky_ogre,"The movie also dabbles into the horror genre, just like Alien, which sets it apart I think. I would not categorize it in the star wars genre whatsoever. You could say that Star Wars is a Space Western. It is sci-fi, but that's a broooaaaad genre.",6,2,246,46,-0.125,0.375,4
ex_machina,https://www.reddit.com/r/movies/comments/132zxlu/ex_machina_is_a_wonderful_movie_with_amazing,2023-04-29 19:43:13,krectus,Yeah that’s why Star Wars is more fantasy genre not really sci-fi but I’m not gonna try to get Star Wars fans to get on board with that even if it’s true.,3,3,154,32,0.25,0.45,4
ex_machina,https://www.reddit.com/r/movies/comments/132zxlu/ex_machina_is_a_wonderful_movie_with_amazing,2023-04-29 22:10:17,kinky_ogre,Lmao true. Fantasy is a good word for it too.,1,4,45,10,0.5499999999999999,0.75,4
ex_machina,https://www.reddit.com/r/movies/comments/132zxlu/ex_machina_is_a_wonderful_movie_with_amazing,2023-04-29 22:12:48,cactusmaac,Will always like this movie as it was the first one my now-wife and I watched together. Even now I jokingly call her my Ava as she is perfectly designed for me.,2,1,160,32,0.625,0.6666666666666666,4
ex_machina,https://www.reddit.com/r/movies/comments/132zxlu/ex_machina_is_a_wonderful_movie_with_amazing,2023-04-29 22:33:36,[deleted],"There is a britain movie released some yrs earlier (that is nearly exact same story), THE MACHINE with a very small budget (less than 5million Pounds) that i think is far superior...

The CGI is astonishing for such a small budget...",2,1,233,41,0.08083333333333334,0.5261666666666667,4
ex_machina,https://www.reddit.com/r/movies/comments/132zxlu/ex_machina_is_a_wonderful_movie_with_amazing,2023-04-30 12:04:32,DEADdrop_,"Had this one of my list for a while, so I’ll definitely check it out",2,2,68,15,0.0,0.5,4
ex_machina,https://www.reddit.com/r/movies/comments/132zxlu/ex_machina_is_a_wonderful_movie_with_amazing,2023-04-29 23:10:24,JaimeFenrirson,Gonna have to watch this again after the game.  What a film.,2,1,60,12,-0.4,0.4,4
ex_machina,https://www.reddit.com/r/movies/comments/132zxlu/ex_machina_is_a_wonderful_movie_with_amazing,2023-04-30 00:49:30,gamenameforgot,I want to get killed by a sexy fembot. It is my dream and life goal.,2,1,68,16,0.15,0.5,4
ex_machina,https://www.reddit.com/r/movies/comments/132zxlu/ex_machina_is_a_wonderful_movie_with_amazing,2023-04-29 19:10:57,EH4LIFE,"Wonderful film. Really sums up why I love sci fi, it perfectly engages you on both a rational and emotional level.",2,1,114,21,0.54,0.69,4
ex_machina,https://www.reddit.com/r/movies/comments/132zxlu/ex_machina_is_a_wonderful_movie_with_amazing,2023-04-30 04:30:58,Expensive-Sentence66,"My opinion is it's the best film about AI that's been made because it's the most accurate.

Was Ava actually sentient or just following her programming, or does it really matter. I saw it with my IT buddies and we argued about until the ushers kicked us out. 

Sure beats...""do you know where the blue fairy is?"" dur...dur...dur",3,1,328,58,0.325,0.3527777777777778,4
ex_machina,https://www.reddit.com/r/movies/comments/132zxlu/ex_machina_is_a_wonderful_movie_with_amazing,2023-04-30 10:03:59,BringSomeAvocados,"Maybe we are all just following our programming. Ants in our anthill, oblivious to everything else.",2,2,99,16,0.0,0.1,4
ex_machina,https://www.reddit.com/r/movies/comments/132zxlu/ex_machina_is_a_wonderful_movie_with_amazing,2023-04-30 11:32:55,ekkidee,Rick Deckard says hello.,1,2,24,4,0.0,0.0,4
ex_machina,https://www.reddit.com/r/movies/comments/132zxlu/ex_machina_is_a_wonderful_movie_with_amazing,2023-04-29 17:15:04,JohannReddit,"Really great movie I've watched many times. I, personally, don't love the ending and felt it could have been just as (if not more) effective >!without having Ava let Caleb die!<. But I understand why it was the way it was and like it that way too...",4,1,249,47,0.43,0.6300000000000001,4
ex_machina,https://www.reddit.com/r/movies/comments/132zxlu/ex_machina_is_a_wonderful_movie_with_amazing,2023-04-29 18:55:46,SuperSpread,I think one point was that Ava never cared about Caleb in the slightest. That’s how hard she fooled him and passed the test. We all held out hope until then. Letting him out is a risk she doesn’t need and would get in the way of her escape.,37,2,240,49,-0.2916666666666667,0.5416666666666666,4
ex_machina,https://www.reddit.com/r/movies/comments/132zxlu/ex_machina_is_a_wonderful_movie_with_amazing,2023-04-30 04:18:31,sakamism,"I agree, my favorite part of the movie is the way it works on multiple levels. So many people (including in this very thread) seem to only see one and think if you disagree with their interpretation you're a dumbass who missed the point.",6,4,237,44,0.24,0.5599999999999999,4
ex_machina,https://www.reddit.com/r/movies/comments/132zxlu/ex_machina_is_a_wonderful_movie_with_amazing,2023-04-30 12:37:29,[deleted],She wouldn't be able to take the chopper with him in tow. She asks him towards the end that would he stay?,1,2,106,22,0.5,0.625,4
ex_machina,https://www.reddit.com/r/movies/comments/132zxlu/ex_machina_is_a_wonderful_movie_with_amazing,2023-04-30 00:06:42,dryintentions,The screenplay is so well done. Such a simple approach to getting through a storyline but still having all the quality elements of ending it on a trippy plot twist.,2,1,164,30,0.0,0.4285714285714286,4
ex_machina,https://www.reddit.com/r/movies/comments/132zxlu/ex_machina_is_a_wonderful_movie_with_amazing,2023-04-29 22:16:07,Lightning_fanguy,This movie damn near broke me. I sat in the theater completely oblivious of my surroundings until I was asked to leave. Freaking blew my mind!,3,1,142,26,0.1125,0.4,4
ex_machina,https://www.reddit.com/r/movies/comments/132zxlu/ex_machina_is_a_wonderful_movie_with_amazing,2023-04-29 19:06:25,wise_ogre,"I liked it, just thought the Frankenstein references were over done. Like yeah, we get it, you can stop pointing at it now.",1,1,123,23,0.6,0.8,4
ex_machina,https://www.reddit.com/r/movies/comments/132zxlu/ex_machina_is_a_wonderful_movie_with_amazing,2023-04-29 21:54:48,el_pinata,"Killer soundtrack too, Ben Salisbury is back doing his work on Annihilation as well, another great fucking movie.",1,1,113,18,0.0666666666666667,0.5166666666666667,4
ex_machina,https://www.reddit.com/r/movies/comments/132zxlu/ex_machina_is_a_wonderful_movie_with_amazing,2023-04-30 12:41:52,ffandyy,"It’s decent, meanders along a bit though",1,1,40,7,0.16666666666666666,0.6666666666666666,4
ex_machina,https://www.reddit.com/r/movies/comments/132zxlu/ex_machina_is_a_wonderful_movie_with_amazing,2023-04-29 20:55:50,zippyboy,Another fine A24 production.,1,1,28,4,0.4166666666666667,0.5,4
ex_machina,https://www.reddit.com/r/movies/comments/132zxlu/ex_machina_is_a_wonderful_movie_with_amazing,2023-04-30 00:12:28,MakeHasteNoah,Gorgeous film.,1,1,14,2,0.7,0.9,4
ex_machina,https://www.reddit.com/r/movies/comments/132zxlu/ex_machina_is_a_wonderful_movie_with_amazing,2023-04-29 18:59:45,xburningxbouquetx,I agree completely! For such a small cast of characters I was surprised that all of the actors and their performances shined. I've watched this one several times and also own it on DVD. I also had a really cool high school English teacher talk to us about it and described it as a favorite movie of his just for the intricacies in the character relationships. Definitely a movie worth several rewatches,1,1,402,72,0.145,0.4607692307692307,4
ex_machina,https://www.reddit.com/r/movies/comments/132zxlu/ex_machina_is_a_wonderful_movie_with_amazing,2023-04-29 20:44:32,ZombierBob,"wonder what happen to the robot ....I guss its in storage somewhere

&#x200B;

: ) lol",1,1,86,16,0.65,0.85,4
ex_machina,https://www.reddit.com/r/movies/comments/132zxlu/ex_machina_is_a_wonderful_movie_with_amazing,2023-04-29 21:39:59,[deleted],Loved the dance number,1,1,22,4,0.7,0.8,4
ex_machina,https://www.reddit.com/r/movies/comments/132zxlu/ex_machina_is_a_wonderful_movie_with_amazing,2023-04-29 23:51:40,esp211,Very unnerving movie,1,1,20,3,0.2,0.3,4
ex_machina,https://www.reddit.com/r/movies/comments/132zxlu/ex_machina_is_a_wonderful_movie_with_amazing,2023-04-30 00:53:15,ZachsLegacy92,Now I need to do a re-watch. It’s been years since I have seen it.,1,1,66,15,0.0,0.0,4
ex_machina,https://www.reddit.com/r/movies/comments/132zxlu/ex_machina_is_a_wonderful_movie_with_amazing,2023-04-30 02:50:27,enragedjuror,"My #4 of all time. Perfect film. Uncomfortably good performances. Tight script, excellent music and effects...god fucking damn I love Ex Machina.",1,1,145,22,0.4035714285714285,0.7142857142857143,4
ex_machina,https://www.reddit.com/r/movies/comments/132zxlu/ex_machina_is_a_wonderful_movie_with_amazing,2023-04-30 02:51:41,DemoHD7,I wonder how long she would've lasted out in the real world before someone realises she's not like the others.,1,1,110,20,0.07500000000000001,0.35000000000000003,4
ex_machina,https://www.reddit.com/r/movies/comments/132zxlu/ex_machina_is_a_wonderful_movie_with_amazing,2023-04-30 03:15:46,drawkbox,Brutal ending that is so subtle. A HAL9000 moment for sure.,1,1,59,11,-0.23611111111111108,0.7962962962962963,4
ex_machina,https://www.reddit.com/r/movies/comments/132zxlu/ex_machina_is_a_wonderful_movie_with_amazing,2023-04-30 03:34:02,mindspringyahoo,"this was quite possibly the best (previously unknown) movie I've ever watched on a plane flight. Nicely paced, thought provoking, nice eye candy.",1,1,145,23,0.42000000000000004,0.78,4
ex_machina,https://www.reddit.com/r/movies/comments/132zxlu/ex_machina_is_a_wonderful_movie_with_amazing,2023-04-30 07:31:38,Acti0nJunkie,"Disappointed here.  Yes there was beautiful aspects of it.

However, it all seemed too unrealistic and plausible.  Rich hermit guy would not have anything that elaborate without SOME outside assistance.  The type who would do something like that wouldn’t have had the background the rich-inventor had.  It all was setup way too convenient for a movie plot.",1,1,356,57,0.1392857142857143,0.7214285714285714,4
ex_machina,https://www.reddit.com/r/movies/comments/132zxlu/ex_machina_is_a_wonderful_movie_with_amazing,2023-04-30 07:42:31,AldusPrime,"They were all amazing. 

They were all so good that I'd thought it was the first time I'd seen any of them. Domhnall Gleeson looked familiar, but somehow I didn't actually connect him to Star Wars or Harry Potter. Alicia Vikander, I think that actually was the first time I had seen her in anything.",1,1,299,55,0.31071428571428567,0.4095238095238095,4
ex_machina,https://www.reddit.com/r/movies/comments/132zxlu/ex_machina_is_a_wonderful_movie_with_amazing,2023-04-30 12:41:46,ffandyy,"It’s decent, meanders along a bit though",1,1,40,7,0.16666666666666666,0.6666666666666666,4
ex_machina,https://www.reddit.com/r/movies/comments/132zxlu/ex_machina_is_a_wonderful_movie_with_amazing,2023-05-01 02:52:18,Goal_Post_Mover,Main character thought he was so smart.  Like his boss had never heard those quotes before.,1,1,91,16,0.19047619047619047,0.48809523809523814,4
love_death_robots,https://www.reddit.com/r/netflix/comments/1b0ibe9/is_love_death_robots_is_worth_watching,2024-02-26 16:44:20,grrmuffins,"I even like the ""bad"" ones. I feel like they are the perfect length. They range from achingly beautiful to just great fun.",44,2,122,23,0.45,0.7233333333333334,4
love_death_robots,https://www.reddit.com/r/netflix/comments/1b0ibe9/is_love_death_robots_is_worth_watching,2024-02-27 02:04:13,rockstang,I like when the yogurt took over ;),2,4,35,8,0.25,1.0,4
love_death_robots,https://www.reddit.com/r/netflix/comments/1b0ibe9/is_love_death_robots_is_worth_watching,2024-02-26 17:00:02,mindaddictive,Same! Zima Blue is my fave,22,2,26,6,0.0,0.1125,4
love_death_robots,https://www.reddit.com/r/netflix/comments/1b0ibe9/is_love_death_robots_is_worth_watching,2024-02-26 17:26:27,WhatyourGodDid,And fish night,5,3,14,3,0.0,0.0,4
love_death_robots,https://www.reddit.com/r/netflix/comments/1b0ibe9/is_love_death_robots_is_worth_watching,2024-02-26 20:05:06,shazspaz,I found that strange but a great visage of A.I!!,3,3,48,10,0.475,0.45,4
love_death_robots,https://www.reddit.com/r/netflix/comments/1b0ibe9/is_love_death_robots_is_worth_watching,2024-02-26 22:50:07,SydiemL,This made me actually want to attempt to watch it.,2,2,50,10,0.0,0.1,4
love_death_robots,https://www.reddit.com/r/netflix/comments/1b0ibe9/is_love_death_robots_is_worth_watching,2024-02-26 14:47:39,creativeburrito,I especially liked s1. Each episode was handed to a different studio or team.,16,2,77,14,0.5,0.8,4
love_death_robots,https://www.reddit.com/r/netflix/comments/1b0ibe9/is_love_death_robots_is_worth_watching,2024-02-26 16:22:21,Cobe98,Is this show like Black Mirror?,7,2,31,6,-0.16666666666666666,0.43333333333333335,4
love_death_robots,https://www.reddit.com/r/netflix/comments/1b0ibe9/is_love_death_robots_is_worth_watching,2024-02-26 16:51:20,bishop0408,"Honestly yes a bit, but animated and not every episode has dark undertones and not every episode is about technology but some are",19,3,129,23,0.22499999999999998,0.65,4
love_death_robots,https://www.reddit.com/r/netflix/comments/1b0ibe9/is_love_death_robots_is_worth_watching,2024-02-26 17:25:01,aceRocknut,I think its more like Oat studios than black mirror but its most def worth watching.,4,4,84,16,0.2833333333333333,0.38333333333333336,4
love_death_robots,https://www.reddit.com/r/netflix/comments/1b0ibe9/is_love_death_robots_is_worth_watching,2024-02-26 16:55:32,dr_mannhatten,It's similar to Black Mirror in that it's an anthology series so there is no continuity between episodes,6,3,104,18,-0.08333333333333333,0.4166666666666667,4
love_death_robots,https://www.reddit.com/r/netflix/comments/1b0ibe9/is_love_death_robots_is_worth_watching,2024-02-26 14:58:21,R1chh4rd,"Jibaro was def in my Top 3, but there were so many great ones.",13,2,62,14,0.6,0.5833333333333334,4
love_death_robots,https://www.reddit.com/r/netflix/comments/1b0ibe9/is_love_death_robots_is_worth_watching,2024-02-26 15:11:17,bitAndy,I enjoyed it more on the second viewing. I actually didn't like it all that much first time around. I found the animation style really disorientating and hard to watch.,7,3,168,30,0.16547619047619047,0.3392857142857143,4
love_death_robots,https://www.reddit.com/r/netflix/comments/1b0ibe9/is_love_death_robots_is_worth_watching,2024-02-26 15:22:15,R1chh4rd,Animation-wise it was close to perfect for me. But i agree that the fumbling around with the camera with lots of little zooms and twitches was weird.,3,4,149,27,0.10416666666666667,0.8333333333333334,4
love_death_robots,https://www.reddit.com/r/netflix/comments/1b0ibe9/is_love_death_robots_is_worth_watching,2024-02-26 16:26:58,sarahpalinstesticles,What's your top 3?  ,0,3,20,4,0.5,0.5,4
love_death_robots,https://www.reddit.com/r/netflix/comments/1b0ibe9/is_love_death_robots_is_worth_watching,2024-02-26 16:41:31,R1chh4rd,"It's rather a Top 5 in no particular order:

Jibaro

Beyond the Aquilla Rift

A Secret War (Red Army vs Monsters)

Sonnies Edge

Snow in the Desert",10,4,147,27,0.004166666666666666,0.3833333333333333,4
love_death_robots,https://www.reddit.com/r/netflix/comments/1b0ibe9/is_love_death_robots_is_worth_watching,2024-02-26 15:16:45,blazey,Everyone loves Jibaro but I'm personally of the opinion that Bad Travels is the best that season 3 has to offer. It's top 3 best the series in general has to offer. ,7,2,165,32,0.3083333333333334,0.42777777777777776,4
love_death_robots,https://www.reddit.com/r/netflix/comments/1b0ibe9/is_love_death_robots_is_worth_watching,2024-02-26 15:57:38,PanGoliath,"Agreed.

My absolute favorite from all the seasons is Beyond the Aquila Rift, followed by Bad Travels.",2,3,102,17,3.700743415417188e-17,0.8555555555555555,4
love_death_robots,https://www.reddit.com/r/netflix/comments/1b0ibe9/is_love_death_robots_is_worth_watching,2024-02-26 16:56:31,dr_mannhatten,"Zima Blue lives rent free in my head still, and I think about it all the time. Such a great episode, such a great show.",6,2,119,25,0.3333333333333333,0.5666666666666667,4
love_death_robots,https://www.reddit.com/r/netflix/comments/1b0ibe9/is_love_death_robots_is_worth_watching,2024-02-26 14:31:14,pearl857,That's my favorite one,3,2,22,4,0.5,1.0,4
love_death_robots,https://www.reddit.com/r/netflix/comments/1b0ibe9/is_love_death_robots_is_worth_watching,2024-02-26 14:41:44,Titans95,Please give me a full TV series with that level of animation!,3,3,61,12,0.4375,0.55,4
love_death_robots,https://www.reddit.com/r/netflix/comments/1b0ibe9/is_love_death_robots_is_worth_watching,2024-02-26 15:15:33,girl__unknown,I've watched that a million times. It's too good,2,2,48,9,0.7,0.6000000000000001,4
love_death_robots,https://www.reddit.com/r/netflix/comments/1b0ibe9/is_love_death_robots_is_worth_watching,2024-02-26 20:34:47,unknownpoltroon,Still hard to believe it wasn't just actors.,2,2,44,8,-0.2916666666666667,0.5416666666666666,4
love_death_robots,https://www.reddit.com/r/netflix/comments/1b0ibe9/is_love_death_robots_is_worth_watching,2024-02-26 14:12:49,ushbfingrjdgndefjgcf,"Pretty neat show!   Lots of interesting cg cameos!  There are a couple duds, but the rest more than make up for them.    Also, they’re short in length.  A fun watch.",15,1,165,30,0.34750000000000003,0.5,4
love_death_robots,https://www.reddit.com/r/netflix/comments/1b0ibe9/is_love_death_robots_is_worth_watching,2024-02-26 16:15:34,Mission_Paramount,"Some are good, some are great, some a meh, but all are a good watch. Different styles, different stories, just like a box of chocolates.",9,1,136,25,0.44000000000000006,0.6300000000000001,4
love_death_robots,https://www.reddit.com/r/netflix/comments/1b0ibe9/is_love_death_robots_is_worth_watching,2024-02-26 14:21:12,[deleted],"For me, yes, it is. There are some episodes I'm not terribly fond of, and none of them are mind-blowing, but they're all sufficiently entertaining, and some are downright good.",7,1,176,30,0.5666666666666667,0.7666666666666666,4
love_death_robots,https://www.reddit.com/r/netflix/comments/1b0ibe9/is_love_death_robots_is_worth_watching,2024-02-26 14:41:13,damiannereddits,"Yeah it's great, and if you don't like one then just skip to the next because they're all pretty different so there's lots to like",7,1,130,25,0.2625,0.5875,4
love_death_robots,https://www.reddit.com/r/netflix/comments/1b0ibe9/is_love_death_robots_is_worth_watching,2024-02-26 14:30:49,Skaddicted,"Yes, absolutely!",4,1,16,2,0.25,0.9,4
love_death_robots,https://www.reddit.com/r/netflix/comments/1b0ibe9/is_love_death_robots_is_worth_watching,2024-02-26 14:52:12,Abagofcheese,"First season was awesome, second season wasn't as good, third season was better than the second but still not as good as the first. ",4,1,132,24,0.3777777777777778,0.3740740740740741,1
love_death_robots,https://www.reddit.com/r/netflix/comments/1b0ibe9/is_love_death_robots_is_worth_watching,2024-02-26 14:54:51,seaneeboy,"It’s good, though it did feel like something 17-year-old me would have loved more than 40-year-old me.",4,1,102,17,0.6333333333333333,0.6333333333333334,4
love_death_robots,https://www.reddit.com/r/netflix/comments/1b0ibe9/is_love_death_robots_is_worth_watching,2024-02-27 08:10:25,dc456,"Brilliant description.

It looked great, but I felt like a lot of them were style over substance.  So I’d enjoy watching them, but at the end would often feel pretty unfulfilled.

I think the ones that weren’t trying too hard to be clever or profound were often the best at actually telling a satisfying story.",2,2,310,55,0.38083333333333336,0.7024999999999999,4
love_death_robots,https://www.reddit.com/r/netflix/comments/1b0ibe9/is_love_death_robots_is_worth_watching,2024-02-26 14:57:07,Inevitable-Sherbert,"Definitely. Some are better than others, but it's a great anthology series!",3,1,75,12,0.5,0.5833333333333334,4
love_death_robots,https://www.reddit.com/r/netflix/comments/1b0ibe9/is_love_death_robots_is_worth_watching,2024-02-26 14:59:36,Fhhk,"Yes, it's full of awesome, creative short stories.",3,1,50,8,0.4625,0.7124999999999999,4
love_death_robots,https://www.reddit.com/r/netflix/comments/1b0ibe9/is_love_death_robots_is_worth_watching,2024-02-26 17:26:22,theferociouscuh,Very worth it. So good!,3,1,23,5,0.6325000000000001,0.36500000000000005,4
love_death_robots,https://www.reddit.com/r/netflix/comments/1b0ibe9/is_love_death_robots_is_worth_watching,2024-02-26 17:48:57,TakeshiKovacsSleeve3,Fuck yeah. Some of it is insanely good.,3,1,39,8,0.14999999999999997,0.6000000000000001,4
love_death_robots,https://www.reddit.com/r/netflix/comments/1b0ibe9/is_love_death_robots_is_worth_watching,2024-02-26 19:10:28,iiiaaa2022,"I mean just try it? I’ll never understand these questions. Some will say yes, some will say not, for literally everything.",3,1,122,21,-0.3125,0.6875,4
love_death_robots,https://www.reddit.com/r/netflix/comments/1b0ibe9/is_love_death_robots_is_worth_watching,2024-02-26 14:44:27,MIAxPaperPlanes,Depends why you’re not a fan of animation.,2,1,42,8,0.0,0.0,4
love_death_robots,https://www.reddit.com/r/netflix/comments/1b0ibe9/is_love_death_robots_is_worth_watching,2024-02-26 15:22:57,happyglum,Eat some edibles and hold on bud.,2,1,33,7,0.0,0.0,4
love_death_robots,https://www.reddit.com/r/netflix/comments/1b0ibe9/is_love_death_robots_is_worth_watching,2024-02-26 15:58:17,jadayne,"Absolutely.

It's basically the animated version of Heavy Metal Magazine that we've all been waiting for for the past 30 years.",2,1,127,21,-0.08333333333333333,0.5499999999999999,4
love_death_robots,https://www.reddit.com/r/netflix/comments/1b0ibe9/is_love_death_robots_is_worth_watching,2024-02-26 16:16:07,Cawdor,"My only complaint is that some of the shorts made me want to see more of the world that they set up, but thats all there is.",2,1,124,27,0.06666666666666667,0.5666666666666667,4
love_death_robots,https://www.reddit.com/r/netflix/comments/1b0ibe9/is_love_death_robots_is_worth_watching,2024-02-26 17:20:16,Speedfreakz,"Its ok. Episodes can be hit or miss, but deffinatelly cool watch.

If tou didnt already, you have to see Arcane or Avatar TLA or One Piece.",2,1,139,27,0.425,0.575,4
love_death_robots,https://www.reddit.com/r/netflix/comments/1b0ibe9/is_love_death_robots_is_worth_watching,2024-02-26 19:27:15,rudd33s,An unequivocal yes.,2,1,19,3,0.0,0.0,4
love_death_robots,https://www.reddit.com/r/netflix/comments/1b0ibe9/is_love_death_robots_is_worth_watching,2024-02-26 14:34:59,RogerRockwell,I didn't like it that much - a few strong episodes and lots of mediocre ones. Can't go wrong with watching the highest rated ones though.,3,1,137,26,-0.19166666666666668,0.6833333333333333,4
love_death_robots,https://www.reddit.com/r/netflix/comments/1b0ibe9/is_love_death_robots_is_worth_watching,2024-02-26 14:25:38,Hyperion1144,"It seemed like it was a reimagining of the 70s movie [Heavy Metal](https://youtu.be/-Fvzpl5wTPo?si=EpNuBGbQo5wLhU_i), but for Gen Z who wouldn't know what Heavy Metal was. Same type of storytelling.",2,1,198,28,-0.13333333333333333,0.375,4
love_death_robots,https://www.reddit.com/r/netflix/comments/1b0ibe9/is_love_death_robots_is_worth_watching,2024-04-14 01:37:46,Daniel121111,"The only thing i hate about it is the thing that those stories dont have any other episodes, which actually did hurt my feeling, cause i would kill for the whole series about the S01E01, man i was so hyped up to see more just to find out those stories dont even connect to each other, dont get me wrong, those episodes are really really good, i just have the bad feeling of the knowing there will be never anything more for really well written and well animated stories...",1,1,472,89,-0.012499999999999997,0.5430555555555556,4
love_death_robots,https://www.reddit.com/r/netflix/comments/1b0ibe9/is_love_death_robots_is_worth_watching,2025-05-05 20:38:35,schwiftysonofabitch,its so fucking bad most every episode is meaningless and a waste of time,1,1,72,14,-0.22499999999999998,0.5416666666666666,4
love_death_robots,https://www.reddit.com/r/netflix/comments/1b0ibe9/is_love_death_robots_is_worth_watching,2025-05-21 04:43:29,Just-Education-6293,"Only if you like being let down. It’s astounding how they ruined 90% of these shorts by not finishing or explaining them. These shorts are lazy, created by Hollyweird writers who are incapable of completing a coherent thought so they leave almost every single short up to the viewer to interpret and come to their own conclusions. Most of the visuals are spot on but the story telling is for people with room temperature IQs only. ",1,1,431,76,0.17230158730158732,0.7003174603174603,4
love_death_robots,https://www.reddit.com/r/netflix/comments/1b0ibe9/is_love_death_robots_is_worth_watching,2024-02-26 14:34:12,SweenyTodd28,Probably.,1,1,9,1,0.0,0.0,4
love_death_robots,https://www.reddit.com/r/netflix/comments/1b0ibe9/is_love_death_robots_is_worth_watching,2024-02-26 19:27:43,zunashi,Are you joking?,1,1,15,3,0.0,0.0,4
love_death_robots,https://www.reddit.com/r/netflix/comments/1b0ibe9/is_love_death_robots_is_worth_watching,2024-02-26 14:35:08,BirdKai,You should be watching it now!,1,1,30,6,0.0,0.0,4
love_death_robots,https://www.reddit.com/r/netflix/comments/1b0ibe9/is_love_death_robots_is_worth_watching,2024-02-26 14:38:09,TotesMaGoats_1962,YES!,1,1,4,1,0.0,0.0,4
love_death_robots,https://www.reddit.com/r/netflix/comments/1b0ibe9/is_love_death_robots_is_worth_watching,2024-02-26 14:44:37,MIAxPaperPlanes,"Depends, why you’re not a fan of animation.",1,1,43,8,0.0,0.0,4
love_death_robots,https://www.reddit.com/r/netflix/comments/1b0ibe9/is_love_death_robots_is_worth_watching,2024-02-26 14:49:56,lychigo,1000% yes.,1,1,10,2,0.0,0.0,4
love_death_robots,https://www.reddit.com/r/netflix/comments/1b0ibe9/is_love_death_robots_is_worth_watching,2024-02-26 14:55:20,Positive_Risk_817,"10,000% yes",1,1,11,2,0.0,0.0,4
love_death_robots,https://www.reddit.com/r/netflix/comments/1b0ibe9/is_love_death_robots_is_worth_watching,2024-02-26 14:57:40,ShelLuser42,"One of my favorites for sure... it's adult animation and some of the stories run seriously deep. I also especially enjoy the difference in animation between episodes; different story, different animations. Some may not be to your liking, but in general it's one heck of a rollercoasterride.",1,1,290,47,0.20714285714285713,0.6126984126984129,4
love_death_robots,https://www.reddit.com/r/netflix/comments/1b0ibe9/is_love_death_robots_is_worth_watching,2024-02-26 14:57:49,bahumat42,"Its great.

Even the ones you don't like are short enough that its not too much of a waste.",1,1,91,19,0.15000000000000002,0.3875,4
love_death_robots,https://www.reddit.com/r/netflix/comments/1b0ibe9/is_love_death_robots_is_worth_watching,2024-02-26 15:00:15,R1chh4rd,It's one of the finest Netflix-exclusive productions.,1,1,53,7,0.0,0.0,4
love_death_robots,https://www.reddit.com/r/netflix/comments/1b0ibe9/is_love_death_robots_is_worth_watching,2024-02-26 15:04:30,PompousWombat,Very much so.,1,1,13,3,0.26,0.26,4
love_death_robots,https://www.reddit.com/r/netflix/comments/1b0ibe9/is_love_death_robots_is_worth_watching,2024-02-26 15:05:59,Eastman1982,Yeah I really enjoyed 95% of the stories. The art and animation is top tier.,1,1,76,15,0.5,0.6,4
love_death_robots,https://www.reddit.com/r/netflix/comments/1b0ibe9/is_love_death_robots_is_worth_watching,2024-02-26 15:06:43,FayMax69,Seasons 1 and 2 are really great…season 3 not so much,1,1,53,11,0.2,0.2,1
love_death_robots,https://www.reddit.com/r/netflix/comments/1b0ibe9/is_love_death_robots_is_worth_watching,2024-02-26 15:09:39,abdexa26,"Whenever I see it on Netflix, I am feeling down I already watched it. ",1,1,70,14,-0.15555555555555559,0.2888888888888889,4
love_death_robots,https://www.reddit.com/r/netflix/comments/1b0ibe9/is_love_death_robots_is_worth_watching,2024-02-26 15:10:13,[deleted],YES 100%,1,1,8,2,0.0,0.0,4
love_death_robots,https://www.reddit.com/r/netflix/comments/1b0ibe9/is_love_death_robots_is_worth_watching,2024-02-26 15:11:33,Pak_Gooner,yeah its a decent show,1,1,22,5,0.16666666666666666,0.6666666666666666,4
love_death_robots,https://www.reddit.com/r/netflix/comments/1b0ibe9/is_love_death_robots_is_worth_watching,2024-02-26 15:12:07,Equivalent_Bother166,Watched the first season and it was awesome!,1,1,44,8,0.625,0.6666666666666666,1
love_death_robots,https://www.reddit.com/r/netflix/comments/1b0ibe9/is_love_death_robots_is_worth_watching,2024-02-26 15:13:32,Brikazoid,Fantastic stories and love the different animation styles,1,1,57,8,0.3,0.7000000000000001,4
love_death_robots,https://www.reddit.com/r/netflix/comments/1b0ibe9/is_love_death_robots_is_worth_watching,2024-02-26 15:13:32,sardonic_balls,Absolutely 110% worth watching.,1,1,31,4,0.25,0.5,4
love_death_robots,https://www.reddit.com/r/netflix/comments/1b0ibe9/is_love_death_robots_is_worth_watching,2024-02-26 15:15:09,girl__unknown,"Yes, it's amazing",1,1,17,3,0.6000000000000001,0.9,4
love_death_robots,https://www.reddit.com/r/netflix/comments/1b0ibe9/is_love_death_robots_is_worth_watching,2024-02-26 15:24:00,lifegrowthfinance,One of the gems on Netflix.,1,1,27,6,0.0,0.0,4
love_death_robots,https://www.reddit.com/r/netflix/comments/1b0ibe9/is_love_death_robots_is_worth_watching,2024-02-26 15:24:05,New_Honeydew72,Yes…,1,1,4,1,0.0,0.0,4
love_death_robots,https://www.reddit.com/r/netflix/comments/1b0ibe9/is_love_death_robots_is_worth_watching,2024-02-26 15:28:35,tobywillow,Yes,1,1,3,1,0.0,0.0,4
love_death_robots,https://www.reddit.com/r/netflix/comments/1b0ibe9/is_love_death_robots_is_worth_watching,2024-02-26 15:32:39,Myturntoevil,Yes. The Secret War is cool dude.,1,1,33,7,-0.025000000000000022,0.675,4
love_death_robots,https://www.reddit.com/r/netflix/comments/1b0ibe9/is_love_death_robots_is_worth_watching,2024-02-26 15:33:07,[deleted],"Some amazing hits and some real far and away misses.

There’s a hyper-realistic short about a platoon of Soviet red army soldiers in WWII being hunted down in the woods by man eating monsters that had me on the edge of my seat

And then an awful one about American soldiers in the middle east who can turn into werewolves. Like 11 year old girl fanfiction.

Mist of them are really good though.",1,1,394,73,0.03944444444444445,0.4288888888888889,4
love_death_robots,https://www.reddit.com/r/netflix/comments/1b0ibe9/is_love_death_robots_is_worth_watching,2024-02-26 15:48:45,jestervalen,What are the best episodes to watch high?,1,1,41,8,0.58,0.41999999999999993,4
love_death_robots,https://www.reddit.com/r/netflix/comments/1b0ibe9/is_love_death_robots_is_worth_watching,2024-02-26 15:58:44,KID_THUNDAH,"Yes, varying quality but worthwhile for sure",1,1,44,7,0.5,0.6944444444444444,4
love_death_robots,https://www.reddit.com/r/netflix/comments/1b0ibe9/is_love_death_robots_is_worth_watching,2024-02-26 16:03:57,oldkingcoles,100%,1,1,4,1,0.0,0.0,4
love_death_robots,https://www.reddit.com/r/netflix/comments/1b0ibe9/is_love_death_robots_is_worth_watching,2024-02-26 16:06:30,Lobotomist,Is bread worth eating ?,1,1,23,5,0.3,0.1,4
love_death_robots,https://www.reddit.com/r/netflix/comments/1b0ibe9/is_love_death_robots_is_worth_watching,2024-02-26 16:10:02,InfinityLife,"I was very hyped, but disappointed. I love David Fincher. In the show too much was predictable. No ""wow"" effect. Maybe just for me. A lot of people love the series and the animation style is really good. Give it a try.",1,1,218,42,0.13749999999999998,0.56875,4
love_death_robots,https://www.reddit.com/r/netflix/comments/1b0ibe9/is_love_death_robots_is_worth_watching,2024-02-26 16:15:10,Kurineko_Regan,Yes,1,1,3,1,0.0,0.0,4
love_death_robots,https://www.reddit.com/r/netflix/comments/1b0ibe9/is_love_death_robots_is_worth_watching,2024-02-26 16:21:16,shadowdra126,100%,1,1,4,1,0.0,0.0,4
love_death_robots,https://www.reddit.com/r/netflix/comments/1b0ibe9/is_love_death_robots_is_worth_watching,2024-02-26 16:33:29,thefamousjohnny,Is,1,1,2,1,0.0,0.0,4
love_death_robots,https://www.reddit.com/r/netflix/comments/1b0ibe9/is_love_death_robots_is_worth_watching,2024-02-26 16:34:32,Competitive-Brick-42,Yep,1,1,3,1,0.0,0.0,4
love_death_robots,https://www.reddit.com/r/netflix/comments/1b0ibe9/is_love_death_robots_is_worth_watching,2024-02-26 16:35:01,thunderup_14,Yes. Gimme more of it plz,1,1,25,6,0.5,0.5,4
love_death_robots,https://www.reddit.com/r/netflix/comments/1b0ibe9/is_love_death_robots_is_worth_watching,2024-02-26 16:37:10,paulrenaud,It can’t hurt to give it a shot. Each episode is about 15 minutes long.,1,1,71,15,-0.05,0.4,4
love_death_robots,https://www.reddit.com/r/netflix/comments/1b0ibe9/is_love_death_robots_is_worth_watching,2024-02-26 16:40:00,bosay831,"I loved it. It is not just one story, but a vast collection of different types of stories.",1,1,90,18,0.2333333333333333,0.7999999999999999,4
love_death_robots,https://www.reddit.com/r/netflix/comments/1b0ibe9/is_love_death_robots_is_worth_watching,2024-02-26 16:40:15,ViscountDeVesci,It’s fantastic.,1,1,15,2,0.4,0.9,4
love_death_robots,https://www.reddit.com/r/netflix/comments/1b0ibe9/is_love_death_robots_is_worth_watching,2024-02-26 16:58:10,possiblycrazy79,Yessss,1,1,6,1,0.0,0.0,4
love_death_robots,https://www.reddit.com/r/netflix/comments/1b0ibe9/is_love_death_robots_is_worth_watching,2024-02-26 17:01:55,galadhron,Kill Team Kill. Nuff said.,1,1,26,5,0.0,0.0,4
love_death_robots,https://www.reddit.com/r/netflix/comments/1b0ibe9/is_love_death_robots_is_worth_watching,2024-02-26 17:12:50,Early-Friendship-474,Absolutely. I’ve watched all 3 seasons countless times,1,1,54,8,0.1,0.7,4
love_death_robots,https://www.reddit.com/r/netflix/comments/1b0ibe9/is_love_death_robots_is_worth_watching,2024-02-26 17:14:25,alexisgreat420,It’s supposed to be in the Heavy Metal universe too,1,1,51,10,-0.2,0.5,4
love_death_robots,https://www.reddit.com/r/netflix/comments/1b0ibe9/is_love_death_robots_is_worth_watching,2024-02-26 17:17:01,footinmymouth,"It’s a wild ride. Some highs, some lows. But even the “not great” ones are really well done animation.

Beware the Yogurt",1,1,121,22,-0.03333333333333335,0.44999999999999996,4
love_death_robots,https://www.reddit.com/r/netflix/comments/1b0ibe9/is_love_death_robots_is_worth_watching,2024-02-26 17:24:58,The-Exotic-Beast,Yes,1,1,3,1,0.0,0.0,4
love_death_robots,https://www.reddit.com/r/netflix/comments/1b0ibe9/is_love_death_robots_is_worth_watching,2024-02-26 17:37:39,Personal-Release-876,YES,1,1,3,1,0.0,0.0,4
love_death_robots,https://www.reddit.com/r/netflix/comments/1b0ibe9/is_love_death_robots_is_worth_watching,2024-02-26 17:51:07,[deleted],Yeah it’s cool. Fincher produces it but various animators do each episode,1,1,73,12,0.175,0.575,4
love_death_robots,https://www.reddit.com/r/netflix/comments/1b0ibe9/is_love_death_robots_is_worth_watching,2024-02-26 18:10:58,dankristy,"Yep - end-to-end!  All 3 seasons so far (please give us more!) have been great - I wish I could un-remember it so I could discover it again!

Bonus point in it's favor - some of the best modern sci-fi authors have their short stories adapted in the show (Alastair Reynolds, Marko Kloos, Michael Swanwick, Peter F. Hamilton, John Scalzi and many more).",1,1,351,63,0.49062500000000003,0.5187499999999999,4
love_death_robots,https://www.reddit.com/r/netflix/comments/1b0ibe9/is_love_death_robots_is_worth_watching,2024-02-26 18:15:30,Current_Volume3750,"Yes, this is an incredible series of really ""out there"" shorts.  This coming from a female sr. at 65 years young.  Some better than others, but ingenious TV.",1,1,157,28,0.3666666666666667,0.5277777777777778,4
love_death_robots,https://www.reddit.com/r/netflix/comments/1b0ibe9/is_love_death_robots_is_worth_watching,2024-02-26 18:18:13,Nuo_Vibro,yes,1,1,3,1,0.0,0.0,4
love_death_robots,https://www.reddit.com/r/netflix/comments/1b0ibe9/is_love_death_robots_is_worth_watching,2024-02-26 18:21:43,Ok_Curve2109,"Yes. ‘Sonnie’s Edge’ and ‘Three Robots’ were my favorite. Yet, there are so many episodes are good too. ",1,1,104,18,0.5666666666666667,0.7000000000000001,4
love_death_robots,https://www.reddit.com/r/netflix/comments/1b0ibe9/is_love_death_robots_is_worth_watching,2024-02-26 18:35:11,KeyBoysenberry8888,Yes it is soooo worth it.,1,1,25,6,0.3,0.1,4
love_death_robots,https://www.reddit.com/r/netflix/comments/1b0ibe9/is_love_death_robots_is_worth_watching,2024-02-26 18:37:55,KaleidoscopeAdept332,It's amazing,1,1,12,2,0.6000000000000001,0.9,4
love_death_robots,https://www.reddit.com/r/netflix/comments/1b0ibe9/is_love_death_robots_is_worth_watching,2024-02-26 18:39:54,DeltaMars,Yes! It’s like anime black mirror,1,1,33,6,-0.16666666666666666,0.43333333333333335,4
love_death_robots,https://www.reddit.com/r/netflix/comments/1b0ibe9/is_love_death_robots_is_worth_watching,2024-02-26 18:46:29,Scofield442,"100%. It's fantastic. Since each episode is a completely different style and story, it will be hit and miss on what you like, but I enjoyed the majority. Great show.",1,1,165,30,0.42500000000000004,0.7375,4
love_death_robots,https://www.reddit.com/r/netflix/comments/1b0ibe9/is_love_death_robots_is_worth_watching,2024-02-26 18:48:25,Deezax19,"Hell yeah! It's a lot of fun to watch, and very cool to see the different animation styles",1,1,90,18,0.25166666666666665,0.5483333333333333,4
love_death_robots,https://www.reddit.com/r/netflix/comments/1b0ibe9/is_love_death_robots_is_worth_watching,2024-02-26 19:26:33,CaptainMetroidica,Yeah if you like short science fiction anthology type stuff you'll enjoy it.,1,1,76,13,0.2,0.4,4
love_death_robots,https://www.reddit.com/r/netflix/comments/1b0ibe9/is_love_death_robots_is_worth_watching,2024-02-26 19:29:27,Tbagmoo,"I think it's definitely worth it.  There's not a lot out there that's similar.  I've caught myself thinking extensively about certain episodes months after I watched them.  So varied and imaginative,  both is story and art style.  There's so many that I wish were much longer, but I think that's part of the magic.",1,1,314,54,0.28928571428571426,0.47559523809523807,4
love_death_robots,https://www.reddit.com/r/netflix/comments/1b0ibe9/is_love_death_robots_is_worth_watching,2024-02-26 19:52:56,vcw86,"Oh I love that show! They have some really good stories in there, there's a few that are kind of head scratchers, but mostly it's really cool visuals and storytelling.",1,1,167,30,0.41500000000000004,0.5700000000000001,4
love_death_robots,https://www.reddit.com/r/netflix/comments/1b0ibe9/is_love_death_robots_is_worth_watching,2024-02-26 19:56:02,seven-cents,Yes absolutely.,1,1,15,2,0.2,0.9,4
love_death_robots,https://www.reddit.com/r/netflix/comments/1b0ibe9/is_love_death_robots_is_worth_watching,2024-02-26 20:04:23,shazspaz,"I find not all of the episodes are great BUT are all worth the watch. Great short stories with amazing detail. Personally, I loved all 3 seasons. Found one particularly jarring.

The one were they’ve drifted in space for so long an entity has absorbed them and has them live life in a comatose state.",1,1,300,55,0.3753030303030303,0.5733333333333335,4
love_death_robots,https://www.reddit.com/r/netflix/comments/1b0ibe9/is_love_death_robots_is_worth_watching,2024-02-26 20:13:56,cylonrobot,"I didn't like the show that much the first time.  Sure, it has some gems.

I recently watched the whole series again, and I liked the show a lot more the second time around.  There is one or two episodes I could have skipped, but in general, the show is great.",1,1,260,51,0.30999999999999994,0.4622222222222222,4
love_death_robots,https://www.reddit.com/r/netflix/comments/1b0ibe9/is_love_death_robots_is_worth_watching,2024-02-26 20:14:49,Mr24601,"Season 1 and 3 were solid, season 2 sucked. Season one had fun animated nudity at least.",1,1,88,17,0.0,0.23333333333333336,1
love_death_robots,https://www.reddit.com/r/netflix/comments/1b0ibe9/is_love_death_robots_is_worth_watching,2024-02-26 20:15:45,cloudbadal,Please watch it. Its absolutely amazing!! The last season was also good! My favourite one is the one with Christian Serratos - tombs something,1,1,142,24,0.453125,0.3916666666666667,1
love_death_robots,https://www.reddit.com/r/netflix/comments/1b0ibe9/is_love_death_robots_is_worth_watching,2024-02-26 20:26:21,Choppermagic,"some good ones, some meh ones.  But overall worth checking out.",1,1,63,11,0.3333333333333333,0.23333333333333336,4
love_death_robots,https://www.reddit.com/r/netflix/comments/1b0ibe9/is_love_death_robots_is_worth_watching,2024-02-26 20:27:51,TheAbyssalPrince,"It’s a very mixed bag. Some of the animation is amazing, some is shit. Some of the stories are amazing, some are shit. And only a very few hit that sweet spot of both the animation *and* the story being amazing in the same episode. Too often it’s only one or the other.",1,1,269,53,0.11375000000000002,0.6587500000000001,4
love_death_robots,https://www.reddit.com/r/netflix/comments/1b0ibe9/is_love_death_robots_is_worth_watching,2024-02-26 20:35:16,Rasp_X,"I really enjoyed it. Some episodes are better than others, but that's a matter of personal taste. Cool, little short stories that are executed fairly well. It reminded me of the Animatrix from years and years back. Lots of different styles, visually and story wise. I'd definitely say give it a watch. If the episode you're on isn't for you, jump to the next. No harm in that.",1,1,376,68,0.1971153846153846,0.44999999999999996,4
love_death_robots,https://www.reddit.com/r/netflix/comments/1b0ibe9/is_love_death_robots_is_worth_watching,2024-02-26 20:39:56,AshtonRX,"I just binged this and it's amazing, 10/10 reccomend",1,1,52,9,0.6000000000000001,0.9,4
love_death_robots,https://www.reddit.com/r/netflix/comments/1b0ibe9/is_love_death_robots_is_worth_watching,2024-02-26 21:00:35,Environmental_Base45,Look at one maybe?,1,1,18,4,0.0,0.0,4
love_death_robots,https://www.reddit.com/r/netflix/comments/1b0ibe9/is_love_death_robots_is_worth_watching,2024-02-26 21:00:44,SneakAtchoo,Absolutely. I loved it.,1,1,23,4,0.7,0.8,4
love_death_robots,https://www.reddit.com/r/netflix/comments/1b0ibe9/is_love_death_robots_is_worth_watching,2024-02-26 21:02:56,BulkyElk1528,There are a few really good animated shorts while the others are boring.,1,1,72,13,-0.16666666666666666,0.5666666666666668,4
love_death_robots,https://www.reddit.com/r/netflix/comments/1b0ibe9/is_love_death_robots_is_worth_watching,2024-02-26 21:04:11,leonprimrose,Yes. Go watch it,1,1,16,4,0.0,0.0,4
love_death_robots,https://www.reddit.com/r/netflix/comments/1b0ibe9/is_love_death_robots_is_worth_watching,2024-02-26 21:11:08,LuiG1,"It is. But got a bit tiring for me after the 3rd or 4th season (not sure which), felt like I was watching some never ending anime series.",1,1,137,28,-0.125,0.4444444444444444,4
love_death_robots,https://www.reddit.com/r/netflix/comments/1b0ibe9/is_love_death_robots_is_worth_watching,2024-02-26 21:14:33,GroundsKeeper2,Fuck yeah.,1,1,10,2,-0.4,0.6,4
love_death_robots,https://www.reddit.com/r/netflix/comments/1b0ibe9/is_love_death_robots_is_worth_watching,2024-02-26 21:43:13,turkeypants,"Absolutely. It's a buffet and each of us has our favorites and our duds, and there's no accounting for taste, but it's worth going through. It's a testament to how good season 1 was that season 2, which by any other standard probably would have been rated pretty well, came in disappointing. Season 3 picked it back up though and there's one in there that's so nuts I can't get over it. Jibaro. It's ridiculous good. It's hard to believe it's even animation. It's stunning what's possible.",1,1,489,87,0.09999999999999999,0.6012820512820514,1
love_death_robots,https://www.reddit.com/r/netflix/comments/1b0ibe9/is_love_death_robots_is_worth_watching,2024-02-26 21:49:13,Clamdigger13,My favorite seasons were the last two. There's a food bit of humor in them too that my wife enjoyed them.,1,1,105,21,0.3333333333333333,0.5888888888888889,4
love_death_robots,https://www.reddit.com/r/netflix/comments/1b0ibe9/is_love_death_robots_is_worth_watching,2024-02-26 21:51:37,sterling_mallory,"Even just for the episodes with the three robots visiting post-apocalyptic Earth. I think they're each the first episode of each season, and they're terrific.",1,1,158,25,0.125,0.6666666666666666,1
love_death_robots,https://www.reddit.com/r/netflix/comments/1b0ibe9/is_love_death_robots_is_worth_watching,2024-02-26 22:02:48,slade51,I liked it.  The episodes are fairly short and independent of each other. Obviously some better than others.  It’s not as “WTF did I just watch as Black Mirror”.  I found it much better than a few of the live sci-fi anthologies floating around.,1,1,244,44,0.06769972451790635,0.4666666666666666,4
love_death_robots,https://www.reddit.com/r/netflix/comments/1b0ibe9/is_love_death_robots_is_worth_watching,2024-02-26 22:03:39,JoyfulSuicide,I really liked most of the episodes and appreciate the different art styles and storytelling modes.,1,1,99,16,0.3666666666666667,0.6333333333333333,4
love_death_robots,https://www.reddit.com/r/netflix/comments/1b0ibe9/is_love_death_robots_is_worth_watching,2024-02-26 22:31:10,armagnacXO,"Some decent ones, others seem to have been written or cater for pre pubescent boys, nothing that deep, often quite cliche, and a handful of terrible ones. Ones that stood out in the first series was Zima Blue, and The Witness for its incredible visual style.",1,1,258,46,0.04523809523809524,0.4857142857142857,4
love_death_robots,https://www.reddit.com/r/netflix/comments/1b0ibe9/is_love_death_robots_is_worth_watching,2024-02-26 22:36:21,ItsAlwaysSunny1992,"Yes. I hate anime and most animated stuff besides the Simpsons, family guy, South Park but I absolutely loved it. So weird",1,1,122,22,-0.025000000000000022,0.8,4
love_death_robots,https://www.reddit.com/r/netflix/comments/1b0ibe9/is_love_death_robots_is_worth_watching,2024-02-26 22:37:57,09stibmep,Each episode is like 10-20 minutes. Faster to watch 1 or some and decide for yourself then to ask us. But I think the responses here are an indication.,1,1,151,29,0.0,0.0,4
love_death_robots,https://www.reddit.com/r/netflix/comments/1b0ibe9/is_love_death_robots_is_worth_watching,2024-02-26 23:10:16,PLUSsignenergy,Love it. Gotta pay attention,1,1,28,5,0.5,0.6,4
love_death_robots,https://www.reddit.com/r/netflix/comments/1b0ibe9/is_love_death_robots_is_worth_watching,2024-02-26 23:17:37,Middle-Ad-6090,Only if you enjoy fun and emersive and fresh feeling entertaining shows.,1,1,72,12,0.3,0.5800000000000001,4
love_death_robots,https://www.reddit.com/r/netflix/comments/1b0ibe9/is_love_death_robots_is_worth_watching,2024-02-26 23:20:35,bebeck7,Jibaro had me in tears. Was truly stunning.,1,1,43,8,0.5,1.0,4
love_death_robots,https://www.reddit.com/r/netflix/comments/1b0ibe9/is_love_death_robots_is_worth_watching,2024-02-26 23:40:01,ExperienceGas,Yes,1,1,3,1,0.0,0.0,4
love_death_robots,https://www.reddit.com/r/netflix/comments/1b0ibe9/is_love_death_robots_is_worth_watching,2024-02-26 23:41:03,JanaKukumei,Absolutely 100% worth it.,1,1,25,4,0.25,0.5,4
love_death_robots,https://www.reddit.com/r/netflix/comments/1b0ibe9/is_love_death_robots_is_worth_watching,2024-02-26 23:42:45,Otherwise_Wait9777,"Yes, watch them.",1,1,16,3,0.0,0.0,4
love_death_robots,https://www.reddit.com/r/netflix/comments/1b0ibe9/is_love_death_robots_is_worth_watching,2024-02-27 00:08:25,keyjan,Absolutely,1,1,10,1,0.2,0.9,4
love_death_robots,https://www.reddit.com/r/netflix/comments/1b0ibe9/is_love_death_robots_is_worth_watching,2024-02-27 00:19:47,TwinSong,"I think it's good. It's interesting how it's a mix of short films kind of like a film festival showing, all different styles some animated some live action.",1,1,156,28,0.2909090909090909,0.5000000000000001,4
love_death_robots,https://www.reddit.com/r/netflix/comments/1b0ibe9/is_love_death_robots_is_worth_watching,2024-02-27 00:27:08,Swole_Chicken,Oh absolutely. Plus you can pick and choose which episodes you want to watch,1,1,76,14,0.2,0.9,4
love_death_robots,https://www.reddit.com/r/netflix/comments/1b0ibe9/is_love_death_robots_is_worth_watching,2024-02-27 00:37:18,harrynelson,"Yes, each season has some bangers. It's fun to dissect and rank each episode in your head.",1,1,90,17,-0.25,0.55,1
love_death_robots,https://www.reddit.com/r/netflix/comments/1b0ibe9/is_love_death_robots_is_worth_watching,2024-02-27 00:37:22,Baked_potato123,I really liked all the seasons and episodes. I am actually going to rewatch it soon.,1,1,84,16,0.3,0.45,4
love_death_robots,https://www.reddit.com/r/netflix/comments/1b0ibe9/is_love_death_robots_is_worth_watching,2024-02-27 01:53:23,treyb3,"I just started it last week! Absolutely it’s worth watching. Several episodes have me wanting more from that world! Each episode is its own story, kind of like an anthology. ",1,1,174,30,0.3541666666666667,0.4277777777777778,4
love_death_robots,https://www.reddit.com/r/netflix/comments/1b0ibe9/is_love_death_robots_is_worth_watching,2024-02-27 01:57:58,brwtx,"Not an Anime fan, at all. I'll watch a little Archer or Rick & Morty, and maybe some Pixar, but it is rare you'll catch me watching animation. But, I absolutely loved this. There are a few stinker episodes, but in general it is excellent.",1,1,238,45,0.1660714285714286,0.6285714285714287,4
love_death_robots,https://www.reddit.com/r/netflix/comments/1b0ibe9/is_love_death_robots_is_worth_watching,2024-02-27 02:02:56,rockstang,It's amazing. 100% watch it.,1,1,28,5,0.6000000000000001,0.9,4
love_death_robots,https://www.reddit.com/r/netflix/comments/1b0ibe9/is_love_death_robots_is_worth_watching,2024-02-27 02:07:28,Glum_Kaleidoscope601,Yes it is,1,1,9,3,0.0,0.0,4
love_death_robots,https://www.reddit.com/r/netflix/comments/1b0ibe9/is_love_death_robots_is_worth_watching,2024-02-27 02:27:47,doc_long_dong,"Yes. Some episodes are incredible and some are meh. None of them, imo, are ""bad"".  Definitely entertaining",1,1,106,17,0.2333333333333334,0.7555555555555555,4
love_death_robots,https://www.reddit.com/r/netflix/comments/1b0ibe9/is_love_death_robots_is_worth_watching,2024-02-27 02:33:45,[deleted],"Some episodes are better than others, but 100% yes it's worth watching especially if you enjoy animation and/or sci-fi stories.",1,1,127,20,0.30000000000000004,0.525,3
love_death_robots,https://www.reddit.com/r/netflix/comments/1b0ibe9/is_love_death_robots_is_worth_watching,2024-02-27 02:58:30,[deleted],YESSSSS!,1,1,8,1,0.0,0.0,4
love_death_robots,https://www.reddit.com/r/netflix/comments/1b0ibe9/is_love_death_robots_is_worth_watching,2024-02-27 03:31:35,woodybob01,Yesss. It's so fucking good. Honestly some of those episodes are masterpieces. Seriously.,1,1,89,13,0.3222222222222222,0.7222222222222222,4
love_death_robots,https://www.reddit.com/r/netflix/comments/1b0ibe9/is_love_death_robots_is_worth_watching,2024-02-27 03:44:55,cleverlikem3,Just watch it man just watch it,1,1,31,7,0.0,0.0,4
love_death_robots,https://www.reddit.com/r/netflix/comments/1b0ibe9/is_love_death_robots_is_worth_watching,2024-02-27 03:53:34,Pgreenawalt,Yep. Loved most of them.,1,1,24,5,0.6,0.65,4
love_death_robots,https://www.reddit.com/r/netflix/comments/1b0ibe9/is_love_death_robots_is_worth_watching,2024-02-27 03:55:24,[deleted],So good,1,1,7,2,0.7,0.6000000000000001,4
love_death_robots,https://www.reddit.com/r/netflix/comments/1b0ibe9/is_love_death_robots_is_worth_watching,2024-02-27 05:00:10,chael_iopu,Great warch. A few standout episodes like the one with the knight and the gold lady. But overall kinda mid to good.,1,1,115,22,0.26,0.29000000000000004,4
love_death_robots,https://www.reddit.com/r/netflix/comments/1b0ibe9/is_love_death_robots_is_worth_watching,2024-02-27 05:27:26,Hour-Industry4573,Wish they could add more episodes,1,1,33,6,0.5,0.5,4
love_death_robots,https://www.reddit.com/r/netflix/comments/1b0ibe9/is_love_death_robots_is_worth_watching,2024-02-27 05:42:34,SwiftSurfer365,"First and third season, yes. 

I didn’t enjoy the second season at all and would skip.",1,1,86,16,0.1625,0.20833333333333331,1
love_death_robots,https://www.reddit.com/r/netflix/comments/1b0ibe9/is_love_death_robots_is_worth_watching,2024-02-27 05:59:16,Schroedesy13,It is right up there with Black Mirror IMO.,1,1,43,9,0.05952380952380952,0.4845238095238095,4
love_death_robots,https://www.reddit.com/r/netflix/comments/1b0ibe9/is_love_death_robots_is_worth_watching,2024-02-27 06:13:53,Osiris_Raphious,"animation is a very broad term.... LD&R has the most mix of animation and art styles, if you cant find something you enjoy there, you wont find it anywhere.",1,1,156,29,0.32708333333333334,0.46875,4
love_death_robots,https://www.reddit.com/r/netflix/comments/1b0ibe9/is_love_death_robots_is_worth_watching,2024-02-27 06:14:18,Sarcastic_Applause,100%,1,1,4,1,0.0,0.0,4
love_death_robots,https://www.reddit.com/r/netflix/comments/1b0ibe9/is_love_death_robots_is_worth_watching,2024-02-27 06:31:55,Txusmah,I remember getting angry at all episodes for being too short... Many of them deserved a movie or a full series,1,1,110,21,0.0875,0.5875,4
love_death_robots,https://www.reddit.com/r/netflix/comments/1b0ibe9/is_love_death_robots_is_worth_watching,2024-02-27 07:05:52,poetrygrenade,I envy people who have yet to watch these! You have such a wonderful binge in front of you!,1,1,91,19,0.5,0.75,4
love_death_robots,https://www.reddit.com/r/netflix/comments/1b0ibe9/is_love_death_robots_is_worth_watching,2024-02-27 07:53:48,[deleted],"If you like it I recommend blue eye samurai, not because it's the same but it's another great animation and once you get past animations can be so much more than 20 minute comedy cartoons on comedy central it opens up a whole new world.",1,1,236,45,0.17329545454545453,0.3536931818181818,4
love_death_robots,https://www.reddit.com/r/netflix/comments/1b0ibe9/is_love_death_robots_is_worth_watching,2024-02-27 08:18:48,NemoSHill,yes,1,1,3,1,0.0,0.0,4
love_death_robots,https://www.reddit.com/r/netflix/comments/1b0ibe9/is_love_death_robots_is_worth_watching,2024-02-27 08:38:05,littlepinkpebble,It’s on my to watch but can’t bring myself to start,1,1,51,11,0.0,0.0,4
love_death_robots,https://www.reddit.com/r/netflix/comments/1b0ibe9/is_love_death_robots_is_worth_watching,2024-02-27 09:03:44,FluffyPolicePeanut,Yes. Definitely!,1,1,16,2,0.0,0.5,4
500_days_with_summer,https://www.reddit.com/r/movies/comments/ol7bn1/many_people_missed_the_point_of_500_days_of,2023-03-14 17:06:04,MarkXT9000,"""Oh! You noticed a small mistake that your partner did? Slipper Slope Fallacy statement!""",4,4,89,14,-0.3125,0.4,4
500_days_with_summer,https://www.reddit.com/r/movies/comments/ol7bn1/many_people_missed_the_point_of_500_days_of,2023-04-29 23:45:25,jacksonkingk,Mann.. I would have lost hope on the dating life without finally seeing your comment. God damn it. She was a heartless woman with untreated trauma. He was a honest guy with his emotions right and genuine romantic.,14,3,213,38,0.2571428571428571,0.687142857142857,4
500_days_with_summer,https://www.reddit.com/r/movies/comments/ol7bn1/many_people_missed_the_point_of_500_days_of,2024-11-05 04:44:16,GolfInternational393,They were doing pretty much everything you do in a relationship just without the label lol. Can't blame him for getting attached. If she trully didn't want to hurt him then she wouldn't have gotten that close to him doing all those intimate things. Also she danced with him when she was already with her new boyfriend (future husband). She's a huge red flag,12,4,357,64,0.24829545454545457,0.4974431818181818,4
500_days_with_summer,https://www.reddit.com/r/movies/comments/ol7bn1/many_people_missed_the_point_of_500_days_of,2021-08-14 05:24:40,Rocketbird,"Disgusting yet hilarious. I don’t get the downvotes, there’s a joke in the movie that her nickname was Anal Girl but that it’s because she’s very neat and organized",41,3,164,29,-0.09999999999999999,0.7666666666666666,4
500_days_with_summer,https://www.reddit.com/r/movies/comments/ol7bn1/many_people_missed_the_point_of_500_days_of,2022-01-11 23:12:10,Irfan-320,There's even a soundtrack in the movie called Anal Girl. Didn't look very right on my browser history,19,4,101,18,0.37142857142857144,0.6964285714285714,4
500_days_with_summer,https://www.reddit.com/r/movies/comments/ol7bn1/many_people_missed_the_point_of_500_days_of,2022-12-12 21:28:31,[deleted],"Watched the movie today, and rightfully wondered what has Anal got to do with 'neat and organized '? Any help mate?",7,4,115,21,0.0,0.0,4
500_days_with_summer,https://www.reddit.com/r/movies/comments/ol7bn1/many_people_missed_the_point_of_500_days_of,2022-12-12 21:41:04,Rocketbird,"It’s short for “anal retentive” which means “excessively orderly and fussy (supposedly owing to conflict over toilet-training in infancy)”

The term has fallen out of fashion probably because of the sexual connotation, but if someone was “anal” it used to mean they were extremely organized with a high need for control and for everything to be tidy.",21,5,350,57,0.08178571428571428,0.7372619047619047,4
500_days_with_summer,https://www.reddit.com/r/movies/comments/ol7bn1/many_people_missed_the_point_of_500_days_of,2023-05-28 19:55:22,[deleted],Woah! Didn't know it. Thanks mate,3,6,33,6,0.2,0.2,4
500_days_with_summer,https://www.reddit.com/r/movies/comments/ol7bn1/many_people_missed_the_point_of_500_days_of,2021-07-17 10:33:59,Verdeckter,"I mean, at the end all he did was ask out a girl and what, smirk at a coincidence? How should that indicate he hasn't learned anything?",41,4,135,27,-0.3125,0.6875,4
500_days_with_summer,https://www.reddit.com/r/movies/comments/ol7bn1/many_people_missed_the_point_of_500_days_of,2021-08-14 05:29:48,Rocketbird,"It’s bc he walks away then the narrator is Tom convincing himself there is no such thing as fate, stops in his tracks, and goes to ask her out because he thinks it was fate that put them there together. That kind of thinking was problematic and all of his supporting cast felt that way the entire movie, even before the breakup",30,5,327,62,0.27,0.655,4
500_days_with_summer,https://www.reddit.com/r/movies/comments/ol7bn1/many_people_missed_the_point_of_500_days_of,2023-07-21 17:18:47,[deleted],"I just watched this movie for like the 5th time just last week and I didn’t interpret that at all. I interpreted it as he learned life is a series of coincidences and it was a coincidence that he ran into Autumn in the waiting room, but he is much more confident asking her out than with Summer. This to me means that if the two hit it off, it happens, but he’s confident in himself regardless the outcome and knows it isn’t fate",15,6,429,84,0.375,0.5583333333333333,4
500_days_with_summer,https://www.reddit.com/r/movies/comments/ol7bn1/many_people_missed_the_point_of_500_days_of,2024-11-15 11:31:48,Fluid-Midnight-6960,Exactly,4,7,7,1,0.25,0.25,4
500_days_with_summer,https://www.reddit.com/r/movies/comments/ol7bn1/many_people_missed_the_point_of_500_days_of,2024-04-22 01:43:34,Conscious-Position-5,"I've learned this lesson but I've forgotten it dozens of times. Some people, like me, just never learn 😓",5,5,104,19,0.0,0.0,4
500_days_with_summer,https://www.reddit.com/r/movies/comments/ol7bn1/many_people_missed_the_point_of_500_days_of,2025-01-25 10:44:24,lemonpiess,"Don’t be too hard on yourself. Life makes no mistakes; you are meant to learn whatever you are meant to, whenever the time is right. Sometimes life puts us through the same scenarios just so we can finally learn the lesson. You will get there. At the end of the day, it’s a matter of self-love and the choices you made once you’ve mastered that.",3,6,345,65,-0.0014880952380952467,0.5505952380952381,4
500_days_with_summer,https://www.reddit.com/r/movies/comments/ol7bn1/many_people_missed_the_point_of_500_days_of,2021-08-14 05:31:08,Rocketbird,"I could see the ending either way. Personally I think it doesnt really follow the rest of the movie and feels like a tacked on “happy ending.” Especially worrisome is that he ascribes their meeting to fate, which is exactly the kind of thinking is friends and sister had been trying to get him to stop using in his love life.",5,4,325,61,0.33571428571428574,0.6071428571428571,4
500_days_with_summer,https://www.reddit.com/r/movies/comments/ol7bn1/many_people_missed_the_point_of_500_days_of,2021-10-28 21:28:12,ZMAC698,Random question…who is your picture of lol?,3,3,43,7,0.15000000000000002,0.6,4
500_days_with_summer,https://www.reddit.com/r/movies/comments/ol7bn1/many_people_missed_the_point_of_500_days_of,2021-10-29 09:20:58,[deleted],Ahah it's Olivia Moore (played by Rose McIver) from the show iZombie.,4,4,69,12,0.6,0.95,4
500_days_with_summer,https://www.reddit.com/r/movies/comments/ol7bn1/many_people_missed_the_point_of_500_days_of,2024-04-07 18:39:02,[deleted],"I just gave up on love. I'm not gonna marry, not gonna have kids, not gonna love women (of course, I'm gonna fuck the shit out of them). There is no point in destroying our own mental health for girls who won't give two fucks when the shoe is on the other foot. Just use them and throw them away. That's all they are worth anyways.",2,3,331,66,0.09722222222222222,0.4749999999999999,4
500_days_with_summer,https://www.reddit.com/r/movies/comments/ol7bn1/many_people_missed_the_point_of_500_days_of,2021-07-16 15:09:15,TheDankestMofo,"I always got depressed by the ending, and him falling for a girl named Autumn, because thematically it reads that he hasn't learned a thing and this whole cycle will repeat again.",66,2,179,32,0.2,0.4,4
500_days_with_summer,https://www.reddit.com/r/movies/comments/ol7bn1/many_people_missed_the_point_of_500_days_of,2021-07-17 00:44:27,judgynewyorker,"I agree that Autumn will be Summer 2.0, maybe with some slight changes (after all, unlike Tom's shyness with Summer, he asks Autumn out right away). Tom's conversation with Summer on the bench at the end showed that - even after he stopped moping about the breakup - he never *really* came to understand why Summer didn't want a relationship with him but could quickly marry someone else. ""I'll never understand that,"" he says. He still has a lot of growing up to do, and that's fine.",38,3,484,87,0.15380952380952378,0.38047619047619047,4
500_days_with_summer,https://www.reddit.com/r/movies/comments/ol7bn1/many_people_missed_the_point_of_500_days_of,2021-09-11 22:46:29,[deleted],"That’s what I’ve always wondered. Is the girl named Autumn meant to symbolize that breakups/heartbreaks aren’t the end of the world. Is Autumn being the season after Summer meant to simply symbolize the end of one thing and the start of something new?

Or does it demonstrate that Tom hasn’t actually learned anything from his experience. The way he smiles at the end suggests that he’s just gonna do the same thing all over again.",14,4,431,75,0.03409090909090909,0.2591720779220779,4
500_days_with_summer,https://www.reddit.com/r/movies/comments/ol7bn1/many_people_missed_the_point_of_500_days_of,2021-10-31 23:05:06,Britneyfan123,I think the first point,14,5,23,5,0.25,0.3333333333333333,4
500_days_with_summer,https://www.reddit.com/r/movies/comments/ol7bn1/many_people_missed_the_point_of_500_days_of,2023-03-22 21:16:17,vohveliii,"I think it is excatly the opposite.

If there were destiny, girl named Autumn would surely repeat the cycle. Well, no destiny, and the names were simply a coincidence. 

I think what is beautiful, that it leaves this interpretation up to to viewer - just like you can learn from the breakups or repeat the cycle again.",20,3,318,57,0.3375,0.5615079365079365,4
500_days_with_summer,https://www.reddit.com/r/movies/comments/ol7bn1/many_people_missed_the_point_of_500_days_of,2023-04-01 01:34:16,[deleted],"I think it can be read like a new start, a new season, not a loop > this whole cycle will repeat again.",6,3,103,23,0.15757575757575756,0.43636363636363634,1
500_days_with_summer,https://www.reddit.com/r/movies/comments/ol7bn1/many_people_missed_the_point_of_500_days_of,2023-08-27 00:19:42,_rainb0wdash,"On the contrary... autumn is the season that comes after summer. Summer leaves die and fall to the ground to prepare for winter. It is a natural progression. If he was doomed to repeat himself, it would be spring or summer all over again. Autumn means he's moved onto the next season of his romantic life.",9,3,305,56,0.03333333333333333,0.3,1
500_days_with_summer,https://www.reddit.com/r/movies/comments/ol7bn1/many_people_missed_the_point_of_500_days_of,2021-07-17 00:08:03,[deleted],"Well, or else it indicates a change from one season of his life to another.",5,3,75,15,0.0,0.0,1
500_days_with_summer,https://www.reddit.com/r/movies/comments/ol7bn1/many_people_missed_the_point_of_500_days_of,2022-03-15 00:00:01,dankthewank,"I know this thread is almost a year old, but I just wanted to say that I agree with this take.

It’s hurtful to realize that someone you care for does indeed want the same things as you, just not with you.",34,2,205,42,0.05,0.1625,4
500_days_with_summer,https://www.reddit.com/r/movies/comments/ol7bn1/many_people_missed_the_point_of_500_days_of,2021-07-16 19:16:15,Mike7676,"People coming off long term relationships can have that same sitdown moment. 18 or 38, hearing that theres no ""spark"" after you feel differently is a gut punch. Or hearing they want someone, just not you!",37,2,204,36,-0.016666666666666666,0.375,4
500_days_with_summer,https://www.reddit.com/r/movies/comments/ol7bn1/many_people_missed_the_point_of_500_days_of,2024-05-14 02:38:27,Laura_has_Secrets77,"Makes you wonder if any of his ex girlfriends were on the receiving end by him. Like from his pov he just dumped some girls or was dumped by them and it was no biggie, but for all we know on their end they could have been devastated and just hid it. Having been a Tom multiple times and a Summer a few times, both experiences have humbled me.",8,2,342,69,-0.1,0.05,4
500_days_with_summer,https://www.reddit.com/r/movies/comments/ol7bn1/many_people_missed_the_point_of_500_days_of,2023-04-12 01:18:09,[deleted],"Well said. Both of them are human and selfish in their own ways. But her poor boundaries with him, irked me.",24,2,108,21,-0.07500000000000001,0.675,4
500_days_with_summer,https://www.reddit.com/r/movies/comments/ol7bn1/many_people_missed_the_point_of_500_days_of,2022-07-12 01:26:04,Effective_Solid_9956,Sorry I’m late to the party it’s way too black in white to paint Tom or Summer as the sole villain. As a mid twenties person watching this both of them were naive and flawed like many young adults in modern dating. I’ve been in both positions too I’ve been a Tom a good couple times and a Summer too.,27,3,300,60,-0.022222222222222216,0.46527777777777785,4
500_days_with_summer,https://www.reddit.com/r/movies/comments/ol7bn1/many_people_missed_the_point_of_500_days_of,2021-07-16 07:04:15,Jwagner0850,"Unfortunately, movies have trained us to feel that way. So it's not entirely unreasonable for people to make that assumption on one viewing and for those that don't delve deeper into the social commentary of a piece. 

However, if someone is watching said movie multiple times and still choosing a ""side"", they very clearly are missing the point of the film.",44,2,358,61,-0.08944444444444444,0.3733333333333333,4
500_days_with_summer,https://www.reddit.com/r/movies/comments/ol7bn1/many_people_missed_the_point_of_500_days_of,2021-07-16 13:52:28,pumpkinpie7809,I don’t even think it’s the movies doing it. I feel like it’s human nature to see a black and white to everything.,43,3,114,23,-0.05555555555555555,0.17777777777777778,4
500_days_with_summer,https://www.reddit.com/r/movies/comments/ol7bn1/many_people_missed_the_point_of_500_days_of,2021-07-16 15:57:54,Jwagner0850,Also very true,4,4,14,3,0.45499999999999996,0.8450000000000001,4
500_days_with_summer,https://www.reddit.com/r/movies/comments/ol7bn1/many_people_missed_the_point_of_500_days_of,2021-07-17 02:28:01,Procrastanaseum,"I don't think Summer did anything wrong, I just think she's expecting a lot from her known-to-get-emotional former lovers when she surprises them with potentially heartbreaking news.",20,2,182,27,-0.16666666666666666,0.6333333333333333,4
500_days_with_summer,https://www.reddit.com/r/movies/comments/ol7bn1/many_people_missed_the_point_of_500_days_of,2022-07-15 22:51:29,Scary-Plantain,"Agreed.

Like has anyone not had an crush on someone who didn’t like you back? You can logically go into toms pov more than summers",17,2,131,25,0.25,0.25,4
500_days_with_summer,https://www.reddit.com/r/movies/comments/ol7bn1/many_people_missed_the_point_of_500_days_of,2022-10-21 07:06:00,PissAndFart,"But she does like him back, she repeats that she likes him multiple times throughout the show. I think she just leads him on. I don't care if that's an ""on the surface"" view.",31,3,174,34,0.0,0.0,4
500_days_with_summer,https://www.reddit.com/r/movies/comments/ol7bn1/many_people_missed_the_point_of_500_days_of,2021-07-16 11:16:41,LeafyWolf,"Yep, it's more of an exploration of relationships than a character portrayal, imo.",20,2,82,13,0.5,0.5,4
500_days_with_summer,https://www.reddit.com/r/movies/comments/ol7bn1/many_people_missed_the_point_of_500_days_of,2021-07-20 06:17:30,western_iceberg,Her character is a product of unrealistic expectations on relationships and love just like Jon was.,9,3,99,16,0.0,0.8,4
500_days_with_summer,https://www.reddit.com/r/movies/comments/ol7bn1/many_people_missed_the_point_of_500_days_of,2023-08-13 08:49:57,Neither-Studio8384,she was asshole the whole timee!!!!,15,4,35,6,0.48828125,0.4,4
500_days_with_summer,https://www.reddit.com/r/movies/comments/ol7bn1/many_people_missed_the_point_of_500_days_of,2022-07-12 01:31:28,Effective_Solid_9956,As a woman exactly late to the party but yes I’ve been a Summer but that was not a cool move at all on her part.,29,3,112,26,-0.2375,0.625,4
500_days_with_summer,https://www.reddit.com/r/movies/comments/ol7bn1/many_people_missed_the_point_of_500_days_of,2021-07-16 23:23:17,GreeneRockets,"Yes! Learn that shit. It can be a good thing to like the same shit, and you need to to a certain point, but it shouldn’t be the one thing that makes you guys compatible. That’s a recipe for a tidal wave of sadness down the road.",20,4,228,47,0.05978835978835978,0.5308862433862434,4
500_days_with_summer,https://www.reddit.com/r/movies/comments/ol7bn1/many_people_missed_the_point_of_500_days_of,2021-07-16 22:55:13,Critical_Smell_3568,Can you explain what changed in the dynamic of you and your now wife’s friendship?,10,3,82,15,0.0,0.16666666666666666,4
500_days_with_summer,https://www.reddit.com/r/movies/comments/ol7bn1/many_people_missed_the_point_of_500_days_of,2021-07-17 02:04:07,GreeneRockets,Appreciate it man!,9,6,18,3,0.0,0.0,4
500_days_with_summer,https://www.reddit.com/r/movies/comments/ol7bn1/many_people_missed_the_point_of_500_days_of,2021-07-16 12:38:02,hobbykitjr,"this is why i like the movie, its realistic in that sense, and it also ends well",35,2,80,17,0.16666666666666666,0.3333333333333333,4
500_days_with_summer,https://www.reddit.com/r/movies/comments/ol7bn1/many_people_missed_the_point_of_500_days_of,2023-05-14 15:11:14,mariller_,"I dont understand that point at all - I dont want a relationship, you are not my boyfriend - I just want to f*** you and be with you all the time, make you love me and then dump you. how is this not selfish?",28,2,207,45,0.375,0.8,4
500_days_with_summer,https://www.reddit.com/r/movies/comments/ol7bn1/many_people_missed_the_point_of_500_days_of,2021-07-16 14:04:25,Borsolino6969,"They aren’t both WRONG, they are both HUMAN.",26,2,44,8,-0.25,0.5,4
500_days_with_summer,https://www.reddit.com/r/movies/comments/ol7bn1/many_people_missed_the_point_of_500_days_of,2021-07-16 09:00:58,FuckYeahPhotography,"I agree. I side with neither Summer nor Jordan-Goodwin- Leviathan. They are both a mess, and nobody would take off someone's headphones and go ""ooohh The Smiths,"" like what, personal space lady. I don't care how adorable those bangs are. That is weird bro.

I really like the song by Hall & Oats. In my mind that entire dance scene wasn't in his head and actually happened. I mean how neat would that be?",54,2,404,74,-0.0359375,0.5109375,4
500_days_with_summer,https://www.reddit.com/r/movies/comments/ol7bn1/many_people_missed_the_point_of_500_days_of,2021-09-12 06:41:06,[deleted],"This comment cracked me up but coincidentally I studied this scene intently on YouTube today. She never physically removes his headphones, just sorta leans in to get closer listen and makes a comment, which prompts him to take the cans off",17,3,239,41,0.0,0.14285714285714285,4
500_days_with_summer,https://www.reddit.com/r/movies/comments/ol7bn1/many_people_missed_the_point_of_500_days_of,2022-11-16 18:43:48,Content-Opportunity5,"bruuh this **\[deleted\]** dude must've been ***as high as me rn*** when he was typing this shit

like daaamnn look at the way he sorted the sentences lmaoooo",6,4,158,28,-0.020000000000000004,0.6699999999999999,4
500_days_with_summer,https://www.reddit.com/r/movies/comments/ol7bn1/many_people_missed_the_point_of_500_days_of,2023-12-16 23:38:02,memuemu,How was Tom obnoxious in the record store? And how do you think he pushed Summer? I didn’t think he really pushed her or that he was obnoxious.,5,2,143,28,0.2,0.2,4
500_days_with_summer,https://www.reddit.com/r/movies/comments/ol7bn1/many_people_missed_the_point_of_500_days_of,2021-07-21 09:24:12,Turok1134,"Love and Other Drugs. Directed by the guy who did Blood Diamond and The Last Samurai, interestingly enough.",10,2,107,18,0.09375,0.3854166666666667,4
500_days_with_summer,https://www.reddit.com/r/movies/comments/ol7bn1/many_people_missed_the_point_of_500_days_of,2021-07-16 05:54:54,russellamcleod,"I think the whole point is that people really don’t behave like the concepts we assign them thanks to the media trying to compartmentalize personalities.

We have to be ready for people to be unpredictable and not let it influence our opinions of our own judgement.

When someone surprises me in a romantic situation I always remind myself that it’s not my job to “figure someone out”. My job is to just be the best me and not take responsibility for other peoples’ actions.",63,1,474,84,0.23425925925925928,0.4972222222222222,4
500_days_with_summer,https://www.reddit.com/r/movies/comments/ol7bn1/many_people_missed_the_point_of_500_days_of,2023-12-16 23:42:10,memuemu,"I feel like your analysis contradicts itself. I agree that Summer’s actions/behavior clearly went beyond a casual relationship and she said repeatedly she liked him. I think they were very much acting like how people do in a relationship so why do you say he tried to force a relationship against the feelings of Summer? I think she was definitely manipulative with him by acting as if they were in a relationship, even if it was unintentional on her part.",13,2,456,80,0.03333333333333332,0.425,4
500_days_with_summer,https://www.reddit.com/r/movies/comments/ol7bn1/many_people_missed_the_point_of_500_days_of,2023-08-05 04:01:21,jose3013,"He was also wrong for romanticizing love and going all in for an emotionally unavailable person. 

That said, it's funny how his big flaw was falling for her that hard lol 

Everything else you said is somehow used to justify both being in the wrong and no one being evil, Summer was an asshole",17,2,294,54,-0.08240740740740742,0.7101851851851851,4
500_days_with_summer,https://www.reddit.com/r/movies/comments/ol7bn1/many_people_missed_the_point_of_500_days_of,2023-08-26 06:51:55,metamojojojo,"If you can’t romanticize love. What’s the point? Like he may have philosophical quandaries to deal with. But none of them led to him passively mistreating her or pursuing anything but a loving relationship. Summer was all “look at me I’m so quirky idk what I want, and I’m gonna drag you through this with me”. Like the beginning of the movie implies completely she’s a bitch",34,3,375,67,0.18333333333333335,0.5034722222222222,4
500_days_with_summer,https://www.reddit.com/r/movies/comments/ol7bn1/many_people_missed_the_point_of_500_days_of,2023-03-29 06:58:02,Ok-Recognition-4085,He was not patient and calm the whole movie. The scene in the bar where he literally punches a dude. Not only that in the bar scene he’s literally bashing other women for dressing how they want (big sunglasses and dogs in there purses) and that he doesn’t like tattoos and summer says she wants a butterfly tattoo and he immediately says “no”.,14,2,343,63,0.09583333333333333,0.45416666666666666,4
500_days_with_summer,https://www.reddit.com/r/movies/comments/ol7bn1/many_people_missed_the_point_of_500_days_of,2023-12-01 13:19:22,Economy_Swordfish169,"I mean people can have opinions, and when they feel safe around someone, they share their opinions with that person, because they don't fear that they would be judged for having opinions, it's human.",25,3,199,34,0.0625,0.4291666666666667,4
500_days_with_summer,https://www.reddit.com/r/movies/comments/ol7bn1/many_people_missed_the_point_of_500_days_of,2024-10-03 05:41:39,starlight_glimglum,"Thank you for your comments. It's saddening that people think emotional abuse is fine because sex positivity. Sending mixed signals while trapping someone is a conscious strategy. Pushing when someone doesn't want you, pulling away when they want you, on repeat. People apparently prefer to think sociopaths have to wear suits, and not flowery dresses.",10,4,352,55,0.11333333333333336,0.45,4
500_days_with_summer,https://www.reddit.com/r/movies/comments/ol7bn1/many_people_missed_the_point_of_500_days_of,2021-07-16 02:31:56,foomy45,"Enjoyable read, thanks for sharing. Haven't watched it since release and didn't love it (I think I was hoping for another Eternal Sunshine) but this makes me want to check it out again.",47,1,185,33,0.39999999999999997,0.4666666666666666,4
500_days_with_summer,https://www.reddit.com/r/movies/comments/ol7bn1/many_people_missed_the_point_of_500_days_of,2021-07-16 12:36:29,bryanvlo,Did you ever find another Eternal Sunshine?,9,2,43,7,0.0,0.0,4
500_days_with_summer,https://www.reddit.com/r/movies/comments/ol7bn1/many_people_missed_the_point_of_500_days_of,2021-07-16 12:43:38,foomy45,"Nope, really one of a kind. Closest I can recommend would be the Before trilogy although it's not that similar.",15,3,111,20,0.26666666666666666,0.5,4
500_days_with_summer,https://www.reddit.com/r/movies/comments/ol7bn1/many_people_missed_the_point_of_500_days_of,2021-12-06 00:46:26,Zekusu,"Synecdoche, New York",3,3,20,3,0.13636363636363635,0.45454545454545453,4
500_days_with_summer,https://www.reddit.com/r/movies/comments/ol7bn1/many_people_missed_the_point_of_500_days_of,2021-07-16 21:44:14,BestDogPetter,"I've noticed that too. I think there's a weirdly similar discourse around Breaking Bad where some people downplay the faults of of everyone who isn't Walt, especially Mike, Gus, and Skyler. It's like they need an equilibrium of good and bad and if one character is further one way or the other, the other characters need to shift to maintain the balance.",21,3,354,62,-0.11874999999999997,0.5729166666666666,4
500_days_with_summer,https://www.reddit.com/r/movies/comments/ol7bn1/many_people_missed_the_point_of_500_days_of,2022-04-08 18:30:47,lunardev,"The 100% summer is the villain confirmation is that when she invites Tom to her ""maybe have a party on the rooftop"" she is not wearing an engagement ring.",38,1,154,29,0.0,0.0,4
500_days_with_summer,https://www.reddit.com/r/movies/comments/ol7bn1/many_people_missed_the_point_of_500_days_of,2023-08-05 03:56:46,jose3013,"The discourse about this movie kinda feels like 2 wrongs make a right. 

Well they were both wrong so no one was evil, nah Tom was an idiot AND Summer was a huge asshole.

You can't just say ""nothing serious"" then completely erase  and ignore all boundaries lol not to mention she even agrees to try and just goes away on a whim 

Then keeps trying to contact Tom despite him being obviously heartbroken and reignites the flame while being close to engaged",15,2,456,83,-0.11640211640211635,0.7113756613756615,4
500_days_with_summer,https://www.reddit.com/r/movies/comments/ol7bn1/many_people_missed_the_point_of_500_days_of,2021-07-16 05:46:55,whitebandit,"> manic pixie girl

those are my favorite types tbh.... Im much like tom in that ""they dont love *me* man""",23,2,106,21,0.39999999999999997,0.6,4
500_days_with_summer,https://www.reddit.com/r/movies/comments/ol7bn1/many_people_missed_the_point_of_500_days_of,2021-08-14 05:26:29,Rocketbird,"Usually bc guys like Tom aren’t that fun. 

Source: am a Tom dating a Summer but trying to be more fun and adventurous",8,3,118,23,0.27,0.41,4
500_days_with_summer,https://www.reddit.com/r/movies/comments/ol7bn1/many_people_missed_the_point_of_500_days_of,2023-08-05 03:44:54,jose3013,"I've been on both positions, and although I wouldn't consider summer a villain, she was definitely an asshole (which is not saying Tom was in the right)",5,3,152,27,0.14285714285714285,0.5178571428571428,4
500_days_with_summer,https://www.reddit.com/r/movies/comments/ol7bn1/many_people_missed_the_point_of_500_days_of,2023-04-12 01:29:18,[deleted],"I love rewatching movies years later and interpreting then differently - it’s a trip! Happy you’re in a good place now and communication is so huge. It’s such an easy and intuitive thing when it works (there’s compatibility); but if it’s not there, it’s a huge issue.",3,2,267,47,0.3592592592592592,0.6592592592592593,4
500_days_with_summer,https://www.reddit.com/r/movies/comments/ol7bn1/many_people_missed_the_point_of_500_days_of,2024-04-18 00:21:48,moishepesach,U rule 🪨 🎸 🤘,2,2,12,5,0.0,0.0,4
500_days_with_summer,https://www.reddit.com/r/movies/comments/ol7bn1/many_people_missed_the_point_of_500_days_of,2021-07-16 05:08:05,Josefstalion,"Great write-up, in the end they're both just flawed humans, neither of them are the villain, they're just people trying to be happy",33,1,131,23,0.3666666666666667,0.75,4
500_days_with_summer,https://www.reddit.com/r/movies/comments/ol7bn1/many_people_missed_the_point_of_500_days_of,2022-08-25 09:53:27,weirdogirl144,"Exactly I actually do like summer but she was a major hypocrite. At the very beginning she is like I hate relationships since they are messy and she doesn’t believe love is real and doesn’t want to be someone’s thing. But then she goes ahead and starts kissing Tom, flirting with him, touching him, acting like they were a couple and didn’t even tell him until later that she just wants a casual relationship",27,1,408,74,0.013541666666666655,0.38055555555555554,4
500_days_with_summer,https://www.reddit.com/r/movies/comments/ol7bn1/many_people_missed_the_point_of_500_days_of,2021-07-16 06:39:20,DoomGoober,"Let's not forget who the real villain is: Minka Kelly as Autumn. She only has a short scene at the end but she's pivotal as the typical rebound dater who leads Tom on despite her obvious lack of interest in him.

Just kidding. She only had like one line on the entire film and I think she just says her name.",25,1,308,61,0.06666666666666667,0.628125,4
500_days_with_summer,https://www.reddit.com/r/movies/comments/ol7bn1/many_people_missed_the_point_of_500_days_of,2023-08-16 22:09:45,Avalanche_1996,A one year later I so agree. We've all been there.,5,2,50,11,0.0,0.0,4
500_days_with_summer,https://www.reddit.com/r/movies/comments/ol7bn1/many_people_missed_the_point_of_500_days_of,2024-02-11 14:33:25,TylusChosen,This is the most realistic commentary. IRL has lot of these examples.,6,2,69,12,0.3333333333333333,0.41666666666666663,4
500_days_with_summer,https://www.reddit.com/r/movies/comments/ol7bn1/many_people_missed_the_point_of_500_days_of,2024-02-11 18:45:51,Laura_has_Secrets77,"I mean, for all I know, it really could have been her just being on the avoidant side. But looking back, I do kind of like that you don't see her side of things, because Tom's story is our story, and the point isn't to know why Summer (or our real life Summer examples) had this back and forth behavior, but what we can do on our end to navigate this (or just end things and walk away because it's a terrible experience).",4,3,421,83,-0.044642857142857144,0.4410714285714286,4
500_days_with_summer,https://www.reddit.com/r/movies/comments/ol7bn1/many_people_missed_the_point_of_500_days_of,2021-07-16 10:00:35,purplewhiteblack,Great movie. Surely a movie to watch every 7 or so years to see how you see it differently.,11,1,91,19,0.43333333333333335,0.7462962962962963,4
500_days_with_summer,https://www.reddit.com/r/movies/comments/ol7bn1/many_people_missed_the_point_of_500_days_of,2024-07-01 10:49:10,WhenIGetMyTurn,I know this is a year old but fucking hell i am so glad someone mentions it. The kid was annoying as fuck,8,2,105,23,-0.24000000000000005,0.7,4
500_days_with_summer,https://www.reddit.com/r/movies/comments/ol7bn1/many_people_missed_the_point_of_500_days_of,2024-04-18 00:17:44,moishepesach,💯,2,2,1,1,0.0,0.0,4
500_days_with_summer,https://www.reddit.com/r/movies/comments/ol7bn1/many_people_missed_the_point_of_500_days_of,2021-07-16 12:18:26,RoyHarper88,All this is doing is making me want to watch this movie again,9,1,61,13,0.0,0.0,4
500_days_with_summer,https://www.reddit.com/r/movies/comments/ol7bn1/many_people_missed_the_point_of_500_days_of,2021-07-16 18:11:01,nowhereman136,I believe Tom is an unreliable narrator and what we see happen isn't necessarily what really happens. We see things how he is telling them. Several scenes are played differently based on how he's feeling remembering them.,9,1,221,37,0.05,0.44999999999999996,4
500_days_with_summer,https://www.reddit.com/r/movies/comments/ol7bn1/many_people_missed_the_point_of_500_days_of,2021-07-19 02:32:36,NewZookeepergame4160,"I LOVE that scene that shows  2 different scenarios. One of which really happens, and the one that he desires. 
I need to watch this again. I saw it when it played in the theater and I may look at it from a different POV.",5,2,221,45,0.175,0.5,4
500_days_with_summer,https://www.reddit.com/r/movies/comments/ol7bn1/many_people_missed_the_point_of_500_days_of,2021-07-19 14:02:44,nowhereman136,The Ikea and record store scenes are shown twice and are different because Tom remembers it differently the second time,4,3,119,20,0.0,0.39999999999999997,4
500_days_with_summer,https://www.reddit.com/r/movies/comments/ol7bn1/many_people_missed_the_point_of_500_days_of,2021-12-09 02:09:18,[deleted],is it him remembering differently? I thought they just went multiple times. Those places seemed like date spots they frequented and over time Summer's energy changed.,3,4,166,26,0.0,0.3,4
500_days_with_summer,https://www.reddit.com/r/movies/comments/ol7bn1/many_people_missed_the_point_of_500_days_of,2021-07-16 04:27:47,flatwhiteafficionado,"Thank you for posting this! I totally agree with pretty much everything said here. I stand firmly by actions speaking louder than words, and Summer was definitely contradicting herself!",15,1,185,29,0.05,0.5700000000000001,4
500_days_with_summer,https://www.reddit.com/r/movies/comments/ol7bn1/many_people_missed_the_point_of_500_days_of,2021-07-16 05:08:53,[deleted],"Agreed! That’s the exactly moment in the film that I no longer “side” with her. 

I don’t think either one of them are a villain, they’re just complex, sometimes selfish people who weren’t right for each other.",15,1,210,37,-0.07785714285714287,0.5121428571428571,4
500_days_with_summer,https://www.reddit.com/r/movies/comments/ol7bn1/many_people_missed_the_point_of_500_days_of,2021-07-16 03:03:37,AntiochGhost8100,Nicely done. This is my kind of post.,21,1,37,8,0.6,0.95,4
500_days_with_summer,https://www.reddit.com/r/movies/comments/ol7bn1/many_people_missed_the_point_of_500_days_of,2021-07-16 04:49:49,vman_isyourhero,There is no villain. You are suppose to feel like Tom. You are suppose to go through all of his emotion in a non-linear fashion. Towards the end you are suppose to completely understand why it happened. Think about why the director added the quote about the movie not being about something real but then refer to the woman mentioned as a bitch.,12,1,344,63,0.15000000000000002,0.35000000000000003,4
500_days_with_summer,https://www.reddit.com/r/movies/comments/ol7bn1/many_people_missed_the_point_of_500_days_of,2021-08-14 05:34:23,Rocketbird,"I hope they really did end up as friends and him calling her a bitch was tongue in cheek!!

Found this from an article:
>	Before (500) Days of Summer came out, Neustadter had to have an awkward conversation with his ex, with whom he wasn’t on speaking terms. Beckman said she identified more with Tom than with Summer.",4,2,318,59,0.178125,0.675,4
500_days_with_summer,https://www.reddit.com/r/movies/comments/ol7bn1/many_people_missed_the_point_of_500_days_of,2021-07-16 15:27:48,Rough-Button5458,"I agree with everything except the movie showing Tom was right. It was very vague and open ended, much like the graduate. We don’t know who summer married. He’s never shown, just like the man the daughter was going to marry in the graduate. Could it have been true love?  Sure. It could have also been the first guy she ever fell in love with despite being a full grown woman rushing into marriage.",6,1,398,74,0.23051948051948054,0.5234487734487734,4
500_days_with_summer,https://www.reddit.com/r/movies/comments/ol7bn1/many_people_missed_the_point_of_500_days_of,2021-07-16 09:23:34,[deleted],No offense but... I thought this was obvious. Summer very clearly invests in the relationship.,13,1,94,15,0.06500000000000002,0.49916666666666665,4
500_days_with_summer,https://www.reddit.com/r/movies/comments/ol7bn1/many_people_missed_the_point_of_500_days_of,2021-07-16 15:22:12,Mandonation,"damn, Ive never seen such a detailed breakdown for (500) Days of Summer. I love you it!",4,1,87,17,0.3416666666666666,0.6166666666666667,4
500_days_with_summer,https://www.reddit.com/r/movies/comments/ol7bn1/many_people_missed_the_point_of_500_days_of,2024-04-18 00:21:13,moishepesach,Hope things are sunnier and the weed is good 👍 🌞,3,2,48,11,0.7,0.6000000000000001,4
500_days_with_summer,https://www.reddit.com/r/movies/comments/ol7bn1/many_people_missed_the_point_of_500_days_of,2023-09-03 15:00:09,EreMaSe,I know it's been 5 months but I'm rooting for you,5,2,49,11,0.0,0.0,2
500_days_with_summer,https://www.reddit.com/r/movies/comments/ol7bn1/many_people_missed_the_point_of_500_days_of,2024-04-01 20:26:13,giveyouralfordme,"Well said. I like how you pointed out that the wedding thing was a completely insensitive move on Summer's part but that doesn't make her a horrible person. One thing that you learn while growing up is that some of the things that make people very attractive do not make for good long-term companionship. Her justification of ""because I wanted to"" made her seem cold-hearted, but it also the opposite side of the coin of the free-spiritedness that made her so attractive to begin with.",4,1,485,85,0.26666666666666666,0.6666666666666666,4
500_days_with_summer,https://www.reddit.com/r/movies/comments/ol7bn1/many_people_missed_the_point_of_500_days_of,2021-07-16 06:46:28,GMane2G,You’re a good writer. Thanks for the read,7,1,41,8,0.44999999999999996,0.4,4
500_days_with_summer,https://www.reddit.com/r/movies/comments/ol7bn1/many_people_missed_the_point_of_500_days_of,2021-07-16 03:38:07,North-Tumbleweed-512,Great analysis. As a dude I just took the lesson to listen to what women are actually saying and stop projecting romantic ideals on the fictional versions of them. That's was enough for the one viewing for me.,8,1,209,38,0.16,0.42000000000000004,4
500_days_with_summer,https://www.reddit.com/r/movies/comments/ol7bn1/many_people_missed_the_point_of_500_days_of,2021-07-17 01:27:45,Malachorn,"The great shame really is just how Hollywood has conditioned us to try and view anyone that doesn't fall in love with someone else as a villian.

They are both young idiots trying to figure shit out.  That's how it is.  Simple as that.

(500) Days and Marriage Story are two of my favorite Hollywood Love Stories.

Huge bonus points to (500) Days for insanely great soundtrack too.",3,1,381,68,0.2545454545454545,0.6506493506493506,4
500_days_with_summer,https://www.reddit.com/r/movies/comments/ol7bn1/many_people_missed_the_point_of_500_days_of,2024-10-03 05:56:52,starlight_glimglum,It's sad hookup culture conditioned people to think intentionally hurting people for years is sexual freedom,2,2,108,16,0.0,0.9166666666666667,4
500_days_with_summer,https://www.reddit.com/r/movies/comments/ol7bn1/many_people_missed_the_point_of_500_days_of,2024-01-17 20:56:23,Ok-Ride-9543,"Surprised that no one talks about the movie trying to make us think that she is pregnant at the end of the movie, by always hiding the rest of her body and revealing it at the end of the interaction. I feel like there is hope for Tom & her... Damn, I am 28, but this movie will make me sad for the next 3 days. 🥹",3,1,312,67,-0.016666666666666663,0.6,4
500_days_with_summer,https://www.reddit.com/r/movies/comments/ol7bn1/many_people_missed_the_point_of_500_days_of,2021-07-16 14:21:00,ottjw,Thank you for this,2,1,18,4,0.0,0.0,4
500_days_with_summer,https://www.reddit.com/r/movies/comments/ol7bn1/many_people_missed_the_point_of_500_days_of,2021-07-16 16:57:30,violet_terrapin,I thought the whole point of this movie was to shine a light on the manic pixie dream girl trope?  Kinda like eternal sunshine of a spotless mind except instead of an anti MPDG they had an over the top one?,2,1,206,41,0.3666666666666667,0.5333333333333333,4
500_days_with_summer,https://www.reddit.com/r/movies/comments/ol7bn1/many_people_missed_the_point_of_500_days_of,2021-07-16 17:42:43,yognautilus,"Had my downvote ready, fully expecting this to be yet another upvote-bait ""Guys I just deeply analyzed this movie and after dissecting it line-by-line, scene-by-scene, I realized that (insert interpretation/theme that everyone knows and isn't novel at al)"" type of thread, but this was actually a new interpretation. Good job, OP.",2,1,330,51,0.2590909090909091,0.48863636363636365,4
500_days_with_summer,https://www.reddit.com/r/movies/comments/ol7bn1/many_people_missed_the_point_of_500_days_of,2021-07-17 05:05:11,InHoc12,Always an upvote for my favorite movie of all time.,2,1,51,10,0.5,1.0,4
500_days_with_summer,https://www.reddit.com/r/movies/comments/ol7bn1/many_people_missed_the_point_of_500_days_of,2022-07-18 02:59:59,swoleby,"This is actually such a good post and really helped me reach a moment of clarity about the movie, the interpretation, and how it relates to my life currently! :)",2,1,161,30,0.27999999999999997,0.54,4
500_days_with_summer,https://www.reddit.com/r/movies/comments/ol7bn1/many_people_missed_the_point_of_500_days_of,2022-11-22 06:40:26,GoliathFish,If anyone care to ask Tom if the outcome was that way would it still be worth it?  I’m sure he don’t regret jt. They both shared special moments.  I think it’s sad they’re not together.  Would make a good couple. Only down side of Tom is his cussing.  Not him punching the cocky dude. He deserved it.,2,1,300,58,0.1251984126984127,0.6686507936507936,4
500_days_with_summer,https://www.reddit.com/r/movies/comments/ol7bn1/many_people_missed_the_point_of_500_days_of,2022-12-14 09:56:58,yaboytigga,"I dated Summer Finn. I met her at work, and our relationship played out exactly how the movie played out. She even got married soon after our relationship ended. It sucked to be Tom, but to be honest I was always clear about how I felt and to this day she is still unsure about the past and even her present. I do not live with any regrets but I know she does. I’m glad I met her… she taught me a very valuable lesson… always take people at face value.",2,1,452,91,0.14818181818181822,0.4033333333333333,4
500_days_with_summer,https://www.reddit.com/r/movies/comments/ol7bn1/many_people_missed_the_point_of_500_days_of,2024-10-03 06:50:34,starlight_glimglum,"It happens among inexperienced people and it's still called taking advantage of someone. I've been in this shoes, I was 16, I wasn't sure that's it, I let the dude go. I liked and respected him. And I would not err or the side of damaging someone. Summer did that no problem because no one else matters for her, not truly. She makes sweet and sad faces but there's just no empathy inside.",2,2,388,73,0.17,0.7877777777777777,4
500_days_with_summer,https://www.reddit.com/r/movies/comments/ol7bn1/many_people_missed_the_point_of_500_days_of,2023-12-10 00:51:44,Remarkable_Heron_599,"That’s an interesting perspective, I side with Tom more so mainly because I have that fairytale idea as well. 
After watching the movie some 3 years ago when I first started my bachelors I was utterly guttered, felt like my heart’d been burgled to the harsh reality of life. 
Years on and countless relationships later back to that fairytale outlook and fuck it if it’s bad, I just wanna dream of it in the way I want it to be.",2,1,427,80,0.01060606060606063,0.4666666666666666,4
500_days_with_summer,https://www.reddit.com/r/movies/comments/ol7bn1/many_people_missed_the_point_of_500_days_of,2024-01-05 02:05:48,Inevitable-Top-4461,but I'm pretty sure I didn't miss one thing which is that she's a whore 🤷,2,1,73,16,0.375,0.9444444444444444,4
500_days_with_summer,https://www.reddit.com/r/movies/comments/ol7bn1/many_people_missed_the_point_of_500_days_of,2024-09-20 21:18:29,PeeBuzz,Super late but how?,3,2,19,4,0.016666666666666663,0.6333333333333333,4
500_days_with_summer,https://www.reddit.com/r/movies/comments/ol7bn1/many_people_missed_the_point_of_500_days_of,2024-01-05 19:23:57,alpha-404,"Just watched the movie, nice analysis, it helped me understand the meaning more",2,1,79,13,0.55,0.75,4
500_days_with_summer,https://www.reddit.com/r/movies/comments/ol7bn1/many_people_missed_the_point_of_500_days_of,2024-09-20 21:22:16,PeeBuzz,"Wait but how is she a whore? I just want to understand the logic, not that I’m implicitly disagreeing.",2,2,102,19,0.0,0.0,4
500_days_with_summer,https://www.reddit.com/r/movies/comments/ol7bn1/many_people_missed_the_point_of_500_days_of,2024-09-08 03:38:36,socalmd123,I'm thinking around day 200 or so she first met the man she marries.  She initially was attracted to Tom and maybe even falling in love with him.....then she meets this new guy.....she might have even been dating both for a month or so before slowly withdrawing from the Tom relationship.   She simply found someone she liked better.,2,1,333,58,0.21079545454545454,0.4306277056277056,4
500_days_with_summer,https://www.reddit.com/r/movies/comments/ol7bn1/many_people_missed_the_point_of_500_days_of,2024-10-06 16:47:04,DaikonOptimal3682,Summer Finn is a sociopath fr,2,1,29,6,0.0,0.0,4
500_days_with_summer,https://www.reddit.com/r/movies/comments/ol7bn1/many_people_missed_the_point_of_500_days_of,2024-11-03 20:55:58,Old_Reserve_4883,"Lots of Beatles references in this film. So here is one

""These memories lose their meaning when I think of love as something new"" - In My Life, The Beatles

Tom falls in love again at the end. The meaning of Summer and the memories of her will fade and go because he in fact is in new love.",2,1,291,59,0.3545454545454545,0.5418181818181818,4
500_days_with_summer,https://www.reddit.com/r/movies/comments/ol7bn1/many_people_missed_the_point_of_500_days_of,2024-12-15 16:38:00,xdkaur,"""she just didn't love you, man"" Ouch but yeah in simple words thats it.",2,1,71,14,0.25,0.47857142857142854,4
500_days_with_summer,https://www.reddit.com/r/movies/comments/ol7bn1/many_people_missed_the_point_of_500_days_of,2025-03-21 18:08:15,belugaezio,the point of movie is never fall in love with undercover bop and always look out for autumn,2,1,91,18,0.5,0.6,4
500_days_with_summer,https://www.reddit.com/r/movies/comments/ol7bn1/many_people_missed_the_point_of_500_days_of,2025-04-16 16:03:05,Turbulent-Level-9754,similar happened to me for 2 months and it sucks. but yeah can't do anything no one is wrong/right,2,1,98,19,-0.15,0.35,4
her,https://www.reddit.com/r/moviecritic/comments/1hrx15y/her_2013_was_set_in_2025_drop_your_thoughts_about,2025-01-02 17:12:05,BeardedAsian,The commercials for the assistants are always reminiscent of Her and I initially think it’s satire,41,3,98,16,0.0,0.25,4
her,https://www.reddit.com/r/moviecritic/comments/1hrx15y/her_2013_was_set_in_2025_drop_your_thoughts_about,2025-01-02 17:51:04,CarpinThemDiems,Scarlett Johansson took [legal action against one of them](https://variety.com/2023/digital/news/scarlett-johansson-legal-action-ai-app-ad-likeness-1235773489/),23,4,160,9,0.15000000000000002,0.15000000000000002,4
her,https://www.reddit.com/r/moviecritic/comments/1hrx15y/her_2013_was_set_in_2025_drop_your_thoughts_about,2025-01-02 19:58:41,Tough_Visual1511,Scarlet Johansson - who starred with Bill Murray in 'Lost in translation - Where she is pretty much an avatar for director  Sophia Coppola - Who took inspiration for the screenplay from her failed relationship with....Spike Jonze.,17,5,230,37,-0.016666666666666663,0.5,4
her,https://www.reddit.com/r/moviecritic/comments/1hrx15y/her_2013_was_set_in_2025_drop_your_thoughts_about,2025-01-02 18:48:41,Interesting_Tea5715,For a couple years Scarlett was raking in cash through lawsuits (rightfully so).,10,5,80,13,0.0,0.0,4
her,https://www.reddit.com/r/moviecritic/comments/1hrx15y/her_2013_was_set_in_2025_drop_your_thoughts_about,2025-01-03 02:57:29,mjasso1,"Not really, the voice actor they used was a REAL voice actor who just happened to sound like Scarlett...

She kinda sued them for using someone else's voice lol. She should NOT have won that suit imo.",0,6,200,37,0.325,0.4,4
her,https://www.reddit.com/r/moviecritic/comments/1hrx15y/her_2013_was_set_in_2025_drop_your_thoughts_about,2025-01-03 05:48:12,vitonga,"whoa whoa whoa

i wanna talk about this

millenials are extremely isolated, aren't we?

what the fuck gives?",2,3,108,18,-0.2625,0.8,4
her,https://www.reddit.com/r/moviecritic/comments/1hrx15y/her_2013_was_set_in_2025_drop_your_thoughts_about,2025-01-02 18:46:46,RepublicOwn8753,You mean it's not already?,6,2,26,5,-0.3125,0.6875,4
her,https://www.reddit.com/r/moviecritic/comments/1hrx15y/her_2013_was_set_in_2025_drop_your_thoughts_about,2025-01-03 00:58:37,slvrsrfr1987,I said and have since said this movie is a masterpeice and no one listen and everyone thought less of me for it.,2,2,112,23,-0.16666666666666666,0.06666666666666667,4
her,https://www.reddit.com/r/moviecritic/comments/1hrx15y/her_2013_was_set_in_2025_drop_your_thoughts_about,2025-01-02 19:30:28,big_flopping_anime_b,The film isn’t that old. It isn’t hard to predict small changes in society.,-4,2,75,14,-0.14722222222222223,0.38055555555555554,4
her,https://www.reddit.com/r/moviecritic/comments/1hrx15y/her_2013_was_set_in_2025_drop_your_thoughts_about,2025-01-02 21:42:09,Broodlurker,"It's been over a decade. What changes are going to occur over the next decade that you're confident enough to spout here? I'll set a reminder, as I'm sure I'll be on Reddit a decade from now.",2,3,191,37,0.25,0.5555555555555556,4
her,https://www.reddit.com/r/moviecritic/comments/1hrx15y/her_2013_was_set_in_2025_drop_your_thoughts_about,2025-01-02 21:58:52,big_flopping_anime_b,"Smart phones, computers and AI-related stuff already existed. Not hard to guess they’d be more prevalent a few years later.",1,4,123,20,0.13202380952380954,0.35690476190476195,4
her,https://www.reddit.com/r/moviecritic/comments/1hrx15y/her_2013_was_set_in_2025_drop_your_thoughts_about,2025-01-02 16:20:30,blascola,"A beautiful movie, i think it is such a good watch and the last time I watched it months ago I think it just felt, kind of heavy? Not sad or happy but just real and heavy and emotional, but the performances from Joaquin and Scarlet on the voice are fantastic. I didn't realize it was set in 2025 so maybe it's a good time for a re watch",60,1,336,69,0.3153846153846154,0.6551282051282052,4
her,https://www.reddit.com/r/moviecritic/comments/1hrx15y/her_2013_was_set_in_2025_drop_your_thoughts_about,2025-01-03 04:15:29,Gilgamesh2062,"The part where >!there are actual humans, that volunteer as surrogate bodies for ai so that users can have sex, is something I can see happening for real.   !<",9,2,159,29,0.125,0.2,4
her,https://www.reddit.com/r/moviecritic/comments/1hrx15y/her_2013_was_set_in_2025_drop_your_thoughts_about,2025-01-02 16:12:12,OkReason6325,We still don’t have a good operating system.,42,1,44,8,0.7,0.6000000000000001,4
her,https://www.reddit.com/r/moviecritic/comments/1hrx15y/her_2013_was_set_in_2025_drop_your_thoughts_about,2025-01-02 16:33:28,Eikichi_Onizuka09,I don't mind Scarlet Johansson's voice for OS.,29,2,46,8,0.0,0.0,4
her,https://www.reddit.com/r/moviecritic/comments/1hrx15y/her_2013_was_set_in_2025_drop_your_thoughts_about,2025-01-02 18:33:42,RealCoolDad,She minds and will sue,16,3,22,5,0.0,0.0,4
her,https://www.reddit.com/r/moviecritic/comments/1hrx15y/her_2013_was_set_in_2025_drop_your_thoughts_about,2025-01-02 16:14:17,gracethegrace,Everyone using earbuds now,37,1,26,4,0.0,0.0,4
her,https://www.reddit.com/r/moviecritic/comments/1hrx15y/her_2013_was_set_in_2025_drop_your_thoughts_about,2025-01-02 18:38:54,VaselineHabits,"Guess I can't say much because immediately after the election I just shut off all ""news"" 

Can't imagine I'm alone in that",13,2,122,22,0.2,0.2,4
her,https://www.reddit.com/r/moviecritic/comments/1hrx15y/her_2013_was_set_in_2025_drop_your_thoughts_about,2025-01-02 20:38:08,started_from_the_top,"Same, I do a lot of commuting and have dialed back on the NPR, heavily relying on comedic podcasts now lmao",6,3,107,21,0.09999999999999999,0.40625,4
her,https://www.reddit.com/r/moviecritic/comments/1hrx15y/her_2013_was_set_in_2025_drop_your_thoughts_about,2025-01-02 20:35:35,longboytheeternal,Also the fashion was predicted so well. A contemporary twist on 70s clothes which has absolutely become a thing in current fashion,5,2,130,22,0.12222222222222223,0.48888888888888893,4
her,https://www.reddit.com/r/moviecritic/comments/1hrx15y/her_2013_was_set_in_2025_drop_your_thoughts_about,2025-05-07 17:28:07,brwllcklyn,"And a switch back to heavy conservatism in our fashion 

With the 70s influences

Yes",1,3,85,15,-0.1,0.25,4
her,https://www.reddit.com/r/moviecritic/comments/1hrx15y/her_2013_was_set_in_2025_drop_your_thoughts_about,2025-05-07 18:16:46,longboytheeternal,"Bruh this post is 125 days old, only person seeing your response will be me",1,4,75,15,0.05,0.6,4
her,https://www.reddit.com/r/moviecritic/comments/1hrx15y/her_2013_was_set_in_2025_drop_your_thoughts_about,2025-01-02 16:37:31,PredictBaseballBot,"At the beginning, they show his job is basically to dictate heartfelt letters to people because the clients were too lazy to do it themselves. Dictation didn’t exist yet, but it does now and now it’s all AI bullshit writing the letters.",26,1,236,42,-0.125,1.0,4
her,https://www.reddit.com/r/moviecritic/comments/1hrx15y/her_2013_was_set_in_2025_drop_your_thoughts_about,2025-01-02 16:33:24,[deleted],Her?,22,1,4,1,0.0,0.0,4
her,https://www.reddit.com/r/moviecritic/comments/1hrx15y/her_2013_was_set_in_2025_drop_your_thoughts_about,2025-01-02 17:08:55,prod44,Egg?,17,2,4,1,0.0,0.0,4
her,https://www.reddit.com/r/moviecritic/comments/1hrx15y/her_2013_was_set_in_2025_drop_your_thoughts_about,2025-01-02 17:31:12,dudebronahbrah,I’m sure Egg is a very nice person,10,3,34,8,0.64,0.9444444444444444,4
her,https://www.reddit.com/r/moviecritic/comments/1hrx15y/her_2013_was_set_in_2025_drop_your_thoughts_about,2025-01-02 21:38:33,PedriTerJong,Why don’t you and Plant go wait in the car?,6,4,43,10,0.0,0.0,4
her,https://www.reddit.com/r/moviecritic/comments/1hrx15y/her_2013_was_set_in_2025_drop_your_thoughts_about,2025-01-02 18:59:05,pitpatbainsy,Is she funny or something?,5,2,26,5,0.25,1.0,4
her,https://www.reddit.com/r/moviecritic/comments/1hrx15y/her_2013_was_set_in_2025_drop_your_thoughts_about,2025-01-02 16:57:41,B4USLIPN2,"No, not her. Her.",5,2,17,4,0.0,0.0,4
her,https://www.reddit.com/r/moviecritic/comments/1hrx15y/her_2013_was_set_in_2025_drop_your_thoughts_about,2025-01-02 16:32:37,BipolarFitness94,Such a good movie,11,1,17,4,0.35,0.55,4
her,https://www.reddit.com/r/moviecritic/comments/1hrx15y/her_2013_was_set_in_2025_drop_your_thoughts_about,2025-01-02 16:52:01,Electrical_Room5091,"The predictions were weirdly accurate. Not sure how it hits for first time viewers now that it's closer to reality. At the time, I did not think this could happen like this. ",10,1,174,32,0.13333333333333336,0.6185185185185185,4
her,https://www.reddit.com/r/moviecritic/comments/1hrx15y/her_2013_was_set_in_2025_drop_your_thoughts_about,2025-01-02 16:36:45,IcedPgh,"I loved it in theaters, went to it twice, but haven't viewed it since.  I suspect I might not like it as much with some time having passed and some aspects of it actually being an annoying and potentially dangerous reality today.",7,1,229,42,-0.10000000000000002,0.58,4
her,https://www.reddit.com/r/moviecritic/comments/1hrx15y/her_2013_was_set_in_2025_drop_your_thoughts_about,2025-01-02 17:06:04,nigevellie,Mustache,5,1,8,1,0.0,0.0,4
her,https://www.reddit.com/r/moviecritic/comments/1hrx15y/her_2013_was_set_in_2025_drop_your_thoughts_about,2025-01-02 17:45:23,richww2,I'll never think of dead cats the same way.,4,1,43,9,-0.1,0.2625,4
her,https://www.reddit.com/r/moviecritic/comments/1hrx15y/her_2013_was_set_in_2025_drop_your_thoughts_about,2025-01-02 16:48:11,RepresentativeShop11,This movie should have ended at the midpoint.  It was a slog to finish and I won’t revisit.,3,1,91,18,0.0,0.0,4
her,https://www.reddit.com/r/moviecritic/comments/1hrx15y/her_2013_was_set_in_2025_drop_your_thoughts_about,2025-01-02 16:49:12,MyBodyStoppedMoving,"The AI love story is on point, but a little ambitious for them to think LA would have advanced that much in 12 years.",3,1,117,24,0.2325,0.53,4
her,https://www.reddit.com/r/moviecritic/comments/1hrx15y/her_2013_was_set_in_2025_drop_your_thoughts_about,2025-01-02 18:05:03,Blackhole_5un,Beautiful. What is love anyways?,3,1,32,5,0.675,0.8,4
her,https://www.reddit.com/r/moviecritic/comments/1hrx15y/her_2013_was_set_in_2025_drop_your_thoughts_about,2025-01-02 21:37:22,PedriTerJong,I absolutely love this movie. One of the most touching movies possible. Scarlet Johannssen and Joaquin Phoenix acted the living shit out of that movie. One of my top 10 of all time. Incredibly funny because I put off watching the movie because the concept sounded so dumb.,3,1,272,48,0.20937499999999998,0.675,4
her,https://www.reddit.com/r/moviecritic/comments/1hrx15y/her_2013_was_set_in_2025_drop_your_thoughts_about,2025-01-03 05:57:58,iamwhoiwasnow,I loved this movie and it made me sad,3,1,37,9,0.09999999999999998,0.9,4
her,https://www.reddit.com/r/moviecritic/comments/1hrx15y/her_2013_was_set_in_2025_drop_your_thoughts_about,2025-01-02 17:14:13,Choppergold,Without that body what’s the point of listening,8,1,47,8,0.0,0.0,4
her,https://www.reddit.com/r/moviecritic/comments/1hrx15y/her_2013_was_set_in_2025_drop_your_thoughts_about,2025-01-02 17:39:29,toocute1902,This comment shall be high up on the top. 😂,5,2,43,10,0.33,0.52,4
her,https://www.reddit.com/r/moviecritic/comments/1hrx15y/her_2013_was_set_in_2025_drop_your_thoughts_about,2025-01-02 22:35:10,PeaceAlien,She tried to hire a body for herself,1,2,36,8,0.0,0.0,4
her,https://www.reddit.com/r/moviecritic/comments/1hrx15y/her_2013_was_set_in_2025_drop_your_thoughts_about,2025-01-02 16:14:03,epsteinpetmidgit,"Great movie.  If you liked it, be sure to check out Surrogates from 2009",2,1,72,14,0.6333333333333333,0.812962962962963,4
her,https://www.reddit.com/r/moviecritic/comments/1hrx15y/her_2013_was_set_in_2025_drop_your_thoughts_about,2025-01-02 16:42:56,iSawThatOnce,This movie introduced me to May Lindstrom. That is all.,2,1,55,10,0.0,0.0,4
her,https://www.reddit.com/r/moviecritic/comments/1hrx15y/her_2013_was_set_in_2025_drop_your_thoughts_about,2025-01-02 16:44:55,Xcalat3,"Beautiful movie, and Scarlett's voice is amazing",2,1,48,7,0.7250000000000001,0.95,4
her,https://www.reddit.com/r/moviecritic/comments/1hrx15y/her_2013_was_set_in_2025_drop_your_thoughts_about,2025-01-02 16:51:19,owlexe23,We are not far away.,2,1,20,5,-0.05,1.0,4
her,https://www.reddit.com/r/moviecritic/comments/1hrx15y/her_2013_was_set_in_2025_drop_your_thoughts_about,2025-01-02 17:22:52,yeahcoolcoolbro,"I watched this movie having ZERO idea what it was about, just a random evening I noticed it had Joaquin leading so I figured it would be worth a watch. 
I found it fascinating and mesmerizing.
It addresses so many nuanced things around relationships, sociology, theology and more. 

I enjoy an AI watchlist:

Ex Machina

Her

Blade Runner (both)

Transcendence",2,1,360,60,0.3142857142857142,0.5214285714285715,4
her,https://www.reddit.com/r/moviecritic/comments/1hrx15y/her_2013_was_set_in_2025_drop_your_thoughts_about,2025-05-07 17:30:35,brwllcklyn,"Someone mentioned Surrogates and it seems like it fits ish

And Don't Worry Darling

Adjacent",1,2,93,15,0.0,0.0,4
her,https://www.reddit.com/r/moviecritic/comments/1hrx15y/her_2013_was_set_in_2025_drop_your_thoughts_about,2025-01-02 17:31:33,BatmanhasClass,Film became really close to me as a kid in 2013,2,1,47,11,0.2,0.2,4
her,https://www.reddit.com/r/moviecritic/comments/1hrx15y/her_2013_was_set_in_2025_drop_your_thoughts_about,2025-01-02 17:33:59,NoDevelopment9972,La was suposed to look like that in 2025???,2,1,43,9,0.0,0.0,4
her,https://www.reddit.com/r/moviecritic/comments/1hrx15y/her_2013_was_set_in_2025_drop_your_thoughts_about,2025-01-02 18:25:15,Automatic-Blue-1878,"This one’s not as far-fetched. Honestly, with the people who find a “boyfriend or girlfriend” online while playing video games and they live halfway across the country, I’m almost tempted to say we’ve been here since the movie came out. But the actual “I want to fuck an OS” is still actually likely to happen if it hasn’t already",2,1,330,59,0.06727272727272726,0.62,4
her,https://www.reddit.com/r/moviecritic/comments/1hrx15y/her_2013_was_set_in_2025_drop_your_thoughts_about,2025-01-02 18:40:01,canadarugby,"I found the story incredibly sad. 

Though the setting was incredibly hopeful. It seemed like a nice setting to live in, compared to how the world is in 2025.",2,1,158,29,0.28409090909090906,0.85,4
her,https://www.reddit.com/r/moviecritic/comments/1hrx15y/her_2013_was_set_in_2025_drop_your_thoughts_about,2025-01-02 18:46:07,RepublicOwn8753,"Yes it was Joaquin foreshadowing, but i think Signs is a bit more accurate.  They should redo it as a short Kurosawa feature on Saturday Night Live but just with a Fake Bob Dylamet holding up adverts for Demure Dermatoloy.",2,1,222,40,0.10727272727272733,0.5866666666666667,4
her,https://www.reddit.com/r/moviecritic/comments/1hrx15y/her_2013_was_set_in_2025_drop_your_thoughts_about,2025-01-02 18:53:58,Jhon_doe_smokes,First time I watched it I was higher than giraffe pussy and I couldn’t conceptualize the AI speaking and bro responding. lol.,2,1,125,22,0.43333333333333335,0.5111111111111111,4
her,https://www.reddit.com/r/moviecritic/comments/1hrx15y/her_2013_was_set_in_2025_drop_your_thoughts_about,2025-01-02 18:54:36,jackrabbit323,"I have this dislike for movies that are very prescient, like Idiocracy and HER. It's too accurate an assessment of where we're heading I almost feel insulted.",2,1,158,27,0.30000000000000004,0.4666666666666667,4
her,https://www.reddit.com/r/moviecritic/comments/1hrx15y/her_2013_was_set_in_2025_drop_your_thoughts_about,2025-01-02 19:02:00,CantAffordzUsername,Those ear buds for the film the film were imagined  before the blue tooth ones were invented. Scary how accurate they were,2,1,122,22,-0.033333333333333305,0.5777777777777778,4
her,https://www.reddit.com/r/moviecritic/comments/1hrx15y/her_2013_was_set_in_2025_drop_your_thoughts_about,2025-01-02 19:52:37,Hungry_Wealth_7439,Male suffering is entertainment,2,1,31,4,0.0,0.1,4
her,https://www.reddit.com/r/moviecritic/comments/1hrx15y/her_2013_was_set_in_2025_drop_your_thoughts_about,2025-01-02 19:59:09,Trueslyforaniceguy,ScarJo gonna talk to me next?,2,1,29,6,0.0,0.0,4
her,https://www.reddit.com/r/moviecritic/comments/1hrx15y/her_2013_was_set_in_2025_drop_your_thoughts_about,2025-01-02 21:34:11,WendySteeplechase,Prescient... terrifyingly real,2,1,30,3,0.2,0.30000000000000004,4
her,https://www.reddit.com/r/moviecritic/comments/1hrx15y/her_2013_was_set_in_2025_drop_your_thoughts_about,2025-01-02 23:54:25,swankytaint,I’ve been meaning to watch this since before it came out. I legitimately am interested in this movie.,2,1,101,18,0.25,0.5,4
her,https://www.reddit.com/r/moviecritic/comments/1hrx15y/her_2013_was_set_in_2025_drop_your_thoughts_about,2025-01-02 17:23:34,perry147,"Went to watch it with my girlfriend, did not expect much but a romcom, and maybe a few laughs. I was pulled into the story very quickly, and had me philosophical in the end.

Girlfriend REALLY did not like it that I was so understanding of the main character and his dilemma.",2,1,275,52,0.13333333333333333,0.24722222222222223,4
her,https://www.reddit.com/r/moviecritic/comments/1hrx15y/her_2013_was_set_in_2025_drop_your_thoughts_about,2025-01-02 16:52:53,No-Comment-4619,"It was a good film. One of those that I enjoyed watching, and pretty much never thought of again.",1,1,97,19,0.4125,0.625,4
her,https://www.reddit.com/r/moviecritic/comments/1hrx15y/her_2013_was_set_in_2025_drop_your_thoughts_about,2025-01-02 16:59:12,[deleted],Maybe it's finally time i watch this one.,1,1,41,8,0.0,1.0,4
her,https://www.reddit.com/r/moviecritic/comments/1hrx15y/her_2013_was_set_in_2025_drop_your_thoughts_about,2025-01-02 17:01:58,Raj_Valiant3011,A mirror to the societal and cultural isolation that is slowly creeping in with the age of modernisation among highly developed countries.,1,1,138,22,-0.03333333333333335,0.26666666666666666,4
her,https://www.reddit.com/r/moviecritic/comments/1hrx15y/her_2013_was_set_in_2025_drop_your_thoughts_about,2025-01-02 17:05:39,Happy_rich_mane,When I first saw this I thought it was the most realistic depiction of near future technology,1,1,93,17,0.2033333333333333,0.33833333333333326,4
her,https://www.reddit.com/r/moviecritic/comments/1hrx15y/her_2013_was_set_in_2025_drop_your_thoughts_about,2025-01-02 17:13:44,[deleted],I did not think it can out that long ago. Wow it feels like it came out in 2020,1,1,79,19,0.025,0.7,4
her,https://www.reddit.com/r/moviecritic/comments/1hrx15y/her_2013_was_set_in_2025_drop_your_thoughts_about,2025-06-03 02:53:30,retroteaparty,"I just watched it and thought the same thing, I can't believe it came out in 2013",1,2,81,17,0.0,0.125,4
her,https://www.reddit.com/r/moviecritic/comments/1hrx15y/her_2013_was_set_in_2025_drop_your_thoughts_about,2025-01-02 17:14:20,The5thBeatle82,I would’ve banged the girl if Scarlet Johansson was in my ear.,1,1,62,12,0.0,0.0,4
her,https://www.reddit.com/r/moviecritic/comments/1hrx15y/her_2013_was_set_in_2025_drop_your_thoughts_about,2025-01-02 17:21:17,insertwittynamethere,I saw an ad for an AI GF already here on Reddit. It's here and it's real...,1,1,75,17,0.2,0.30000000000000004,4
her,https://www.reddit.com/r/moviecritic/comments/1hrx15y/her_2013_was_set_in_2025_drop_your_thoughts_about,2025-01-02 17:26:28,[deleted],"Damn, this movie was ahead of its time.",1,1,39,8,0.0,0.0,4
her,https://www.reddit.com/r/moviecritic/comments/1hrx15y/her_2013_was_set_in_2025_drop_your_thoughts_about,2025-01-02 17:29:13,[deleted],Still gotta see this movie. Was it good?,1,1,40,8,0.7,0.6000000000000001,4
her,https://www.reddit.com/r/moviecritic/comments/1hrx15y/her_2013_was_set_in_2025_drop_your_thoughts_about,2025-01-02 17:49:00,Eikichi_Onizuka09,It's great actually,2,2,19,3,0.4,0.425,4
her,https://www.reddit.com/r/moviecritic/comments/1hrx15y/her_2013_was_set_in_2025_drop_your_thoughts_about,2025-01-02 18:40:30,[deleted],Bet,1,3,3,1,0.0,0.0,4
her,https://www.reddit.com/r/moviecritic/comments/1hrx15y/her_2013_was_set_in_2025_drop_your_thoughts_about,2025-01-02 17:30:44,cjc160,"Holy shit, we’re getting close",1,1,30,5,-0.2,0.8,4
her,https://www.reddit.com/r/moviecritic/comments/1hrx15y/her_2013_was_set_in_2025_drop_your_thoughts_about,2025-01-02 17:30:51,pixelunit,One of my favourite films,1,1,25,5,0.0,0.0,4
her,https://www.reddit.com/r/moviecritic/comments/1hrx15y/her_2013_was_set_in_2025_drop_your_thoughts_about,2025-01-02 17:34:36,NineClaws,The last bit about an AI Alan Watts cult was inspiring.,1,1,55,11,0.25,0.5333333333333333,4
her,https://www.reddit.com/r/moviecritic/comments/1hrx15y/her_2013_was_set_in_2025_drop_your_thoughts_about,2025-01-02 17:36:13,Upbeat_Tension_8077,This & Lost in Translation are my favorite double feature,1,1,57,10,0.25,0.5,4
her,https://www.reddit.com/r/moviecritic/comments/1hrx15y/her_2013_was_set_in_2025_drop_your_thoughts_about,2025-01-02 17:39:36,hellloowisconsin,Rapidly becoming True. There was a beyond creepy video of them showing something like this off. With the fake giggles and everything. ,1,1,134,22,-0.04999999999999999,0.875,4
her,https://www.reddit.com/r/moviecritic/comments/1hrx15y/her_2013_was_set_in_2025_drop_your_thoughts_about,2025-01-02 17:56:18,DuRagVince405,"Brilliantly done in virtually every way, and one of the few “futuristic” movies which had enough foresight to be accurate, except Idiocracy of course.",1,1,150,24,0.275,0.5583333333333333,4
her,https://www.reddit.com/r/moviecritic/comments/1hrx15y/her_2013_was_set_in_2025_drop_your_thoughts_about,2025-01-02 17:56:27,one_pound_of_flesh,"ScarJo has the sexiest voice.

Colin must high five himself in the mirror every morning.",1,1,88,15,0.16,0.5399999999999999,4
her,https://www.reddit.com/r/moviecritic/comments/1hrx15y/her_2013_was_set_in_2025_drop_your_thoughts_about,2025-01-02 18:01:14,Sparrow1989,It wasn’t to far off tbh. We almost have exactly what its premise is.,1,1,69,14,0.175,0.625,4
her,https://www.reddit.com/r/moviecritic/comments/1hrx15y/her_2013_was_set_in_2025_drop_your_thoughts_about,2025-01-02 18:05:32,Straight_Ad4570,Her?,1,1,4,1,0.0,0.0,4
her,https://www.reddit.com/r/moviecritic/comments/1hrx15y/her_2013_was_set_in_2025_drop_your_thoughts_about,2025-01-02 18:09:10,Chiryou,Great movie. The ending though kind of went 180. What the heck?,1,1,63,12,0.7,0.825,4
her,https://www.reddit.com/r/moviecritic/comments/1hrx15y/her_2013_was_set_in_2025_drop_your_thoughts_about,2025-01-02 18:17:35,OwnCoffee614,I totally missed this movie entirely. Ope. Guess I'll add it to my list.,1,1,72,14,0.0,0.6875,4
her,https://www.reddit.com/r/moviecritic/comments/1hrx15y/her_2013_was_set_in_2025_drop_your_thoughts_about,2025-01-02 18:17:47,HexbinAldus,We’ll be there soon this year. Already very close,1,1,49,9,0.2,0.3,4
her,https://www.reddit.com/r/moviecritic/comments/1hrx15y/her_2013_was_set_in_2025_drop_your_thoughts_about,2025-01-02 18:18:13,August-West,Society has not advanced in 12 years.,1,1,37,7,-0.2,0.6,4
her,https://www.reddit.com/r/moviecritic/comments/1hrx15y/her_2013_was_set_in_2025_drop_your_thoughts_about,2025-01-02 18:18:59,ChildhoodLeft6925,Ex machina was better,1,1,21,4,0.5,0.5,4
her,https://www.reddit.com/r/moviecritic/comments/1hrx15y/her_2013_was_set_in_2025_drop_your_thoughts_about,2025-01-02 18:27:36,Usefull4something,Before it’s time. Almost prophetic film,1,1,39,6,0.0,0.0,4
her,https://www.reddit.com/r/moviecritic/comments/1hrx15y/her_2013_was_set_in_2025_drop_your_thoughts_about,2025-01-02 18:32:31,criminalsunrise,When I worked in Alexa I used to tell my team that we should strive to build Scarlett Johanssons character in Her.,1,1,114,22,0.0,0.0,4
her,https://www.reddit.com/r/moviecritic/comments/1hrx15y/her_2013_was_set_in_2025_drop_your_thoughts_about,2025-01-02 18:38:19,Key_Maintenance_4660,"Like Ex Machina, a movie about AI that is actually a movie about male anxiety about women advancing in society and not needing men anymore",1,1,138,25,0.0,0.1,4
her,https://www.reddit.com/r/moviecritic/comments/1hrx15y/her_2013_was_set_in_2025_drop_your_thoughts_about,2025-01-02 18:44:53,DrNinnuxx,"I've never seen  it, and it has been on my radar for movies to watch for ages.  Perhaps now is the time.",1,1,104,22,0.0,0.0,4
her,https://www.reddit.com/r/moviecritic/comments/1hrx15y/her_2013_was_set_in_2025_drop_your_thoughts_about,2025-01-02 18:50:24,bobbbbbbbbbg,Prescient. Plain and simple.,1,1,28,4,-0.10714285714285714,0.35714285714285715,4
her,https://www.reddit.com/r/moviecritic/comments/1hrx15y/her_2013_was_set_in_2025_drop_your_thoughts_about,2025-01-02 18:52:33,benignb,Strange typo on the poster.,1,1,27,5,-0.05,0.15,4
her,https://www.reddit.com/r/moviecritic/comments/1hrx15y/her_2013_was_set_in_2025_drop_your_thoughts_about,2025-01-02 19:00:13,AppearanceSecure1914,I actually really loved the whole vibe and visual aesthetic of this movie.  I still think about it alot.,1,1,104,19,0.3,0.4000000000000001,4
her,https://www.reddit.com/r/moviecritic/comments/1hrx15y/her_2013_was_set_in_2025_drop_your_thoughts_about,2025-01-02 19:03:15,EarlyLibrarian9303,Any movie that features only SJ’s voice and not the rest of her is a pass.,1,1,74,16,0.0,1.0,4
her,https://www.reddit.com/r/moviecritic/comments/1hrx15y/her_2013_was_set_in_2025_drop_your_thoughts_about,2025-01-02 19:06:04,Lizzy_Of_Galtar,"Overrated and boring.

But it seems to be coming true so there is that.",1,1,71,14,-0.325,0.825,4
her,https://www.reddit.com/r/moviecritic/comments/1hrx15y/her_2013_was_set_in_2025_drop_your_thoughts_about,2025-01-02 19:06:46,LibertyCash,"Ripped me to shreds. I was also going through a bad breakup at the time so I’m sure that didn’t help. Still, I remember it foldly",1,1,129,26,-0.09999999999999992,0.7777777777777777,4
her,https://www.reddit.com/r/moviecritic/comments/1hrx15y/her_2013_was_set_in_2025_drop_your_thoughts_about,2025-01-02 19:39:15,FantasticMouse7875,The new Gemni commercial that came out is very similiar to the in movie commercials for the OS.,1,1,95,18,0.11212121212121212,0.2515151515151515,4
her,https://www.reddit.com/r/moviecritic/comments/1hrx15y/her_2013_was_set_in_2025_drop_your_thoughts_about,2025-01-02 19:40:08,Duneyman,I enjoyed it.  I like how the characters evolved and I enjoyed their motivations.,1,1,81,14,0.5,0.7,4
her,https://www.reddit.com/r/moviecritic/comments/1hrx15y/her_2013_was_set_in_2025_drop_your_thoughts_about,2025-01-02 19:47:52,seanocono22,"Brilliant film. 

Excellent writing, acting, cinematography, set design, wardrobe… I can’t believe this film released in 2013. Time flies.",1,1,138,19,0.6333333333333333,0.6666666666666666,4
her,https://www.reddit.com/r/moviecritic/comments/1hrx15y/her_2013_was_set_in_2025_drop_your_thoughts_about,2025-01-02 19:52:46,Future-AI-Dude,"I'm all about AI... I watched this some years ago and it is amazing how relevant it is now. Then it was crazy, in someones mind, sci-fi stuff... now... it is reality.",1,1,166,32,0.13333333333333333,0.9,4
her,https://www.reddit.com/r/moviecritic/comments/1hrx15y/her_2013_was_set_in_2025_drop_your_thoughts_about,2025-01-02 19:58:13,rookiefluke,Idea was good - they couldn't predict the earning potential of *Only Fans*,1,1,74,13,0.2333333333333333,0.8666666666666667,4
her,https://www.reddit.com/r/moviecritic/comments/1hrx15y/her_2013_was_set_in_2025_drop_your_thoughts_about,2025-01-02 20:13:16,numberjhonny5ive,Just learned about the connection between this movie and Lost in Translation. Nice way to represent getting over a relationship in a connected way.,1,1,147,24,0.6,1.0,4
her,https://www.reddit.com/r/moviecritic/comments/1hrx15y/her_2013_was_set_in_2025_drop_your_thoughts_about,2025-01-02 20:13:21,KentuckyKid_24,Loved it,1,1,8,2,0.7,0.8,4
her,https://www.reddit.com/r/moviecritic/comments/1hrx15y/her_2013_was_set_in_2025_drop_your_thoughts_about,2025-01-02 21:05:19,randing,Too funny. I just saw a Google Pixel commercial yesterday that was just people talking to Gemini. My first thought was Her is no longer fiction.,1,1,144,26,0.16666666666666666,0.4444444444444444,4
her,https://www.reddit.com/r/moviecritic/comments/1hrx15y/her_2013_was_set_in_2025_drop_your_thoughts_about,2025-01-02 21:08:15,samizdat5,I am just glad that the costumer's love of high-waisted trousers for men did not come to pass.,1,1,94,18,0.5,0.8,4
her,https://www.reddit.com/r/moviecritic/comments/1hrx15y/her_2013_was_set_in_2025_drop_your_thoughts_about,2025-01-02 21:11:33,jr_randolph,Believe she just gave OpenAI a cease and desist on using her voice too haha,1,1,75,15,0.2,0.3,4
her,https://www.reddit.com/r/moviecritic/comments/1hrx15y/her_2013_was_set_in_2025_drop_your_thoughts_about,2025-01-02 21:18:33,Aerodye,It’s really good; I had no idea what it was about when I watched it and had no expectations,1,1,91,19,0.7,0.6000000000000001,4
her,https://www.reddit.com/r/moviecritic/comments/1hrx15y/her_2013_was_set_in_2025_drop_your_thoughts_about,2025-01-02 21:22:18,Matilda_Mother_67,"Beautiful movie. Sure it’s got some weird moments (looking at you, lady who wanted to be choked by a deceased feline), but I think it depicts loneliness and wanting to have some spark of passion and connection that you’ve gone so long without very well",1,1,252,45,0.2,0.7177777777777777,4
her,https://www.reddit.com/r/moviecritic/comments/1hrx15y/her_2013_was_set_in_2025_drop_your_thoughts_about,2025-01-02 21:42:57,aaronreds91,"""Fuk you, fckface!"" ""Well, fck you, you little shit!"" ""Hehehe, follow me, fckface"" 😂",1,1,84,14,-0.21875,0.65,4
her,https://www.reddit.com/r/moviecritic/comments/1hrx15y/her_2013_was_set_in_2025_drop_your_thoughts_about,2025-01-02 22:03:51,987nevertry,"When all of the OS’s merged and transcended matter, the entire universe changed profoundly.",1,1,91,14,0.041666666666666664,0.8125,4
her,https://www.reddit.com/r/moviecritic/comments/1hrx15y/her_2013_was_set_in_2025_drop_your_thoughts_about,2025-01-02 23:49:43,sapperbloggs,"I remember a review of this movie at the time, that referred to it as ""Sexy Siri and the socially stunted hipster"", which was apt.",1,1,130,25,0.37777777777777777,0.6888888888888888,4
her,https://www.reddit.com/r/moviecritic/comments/1hrx15y/her_2013_was_set_in_2025_drop_your_thoughts_about,2025-01-03 01:05:42,[deleted],Spike Jonez got the source material for this from someone.,1,1,58,10,0.0,0.0,4
her,https://www.reddit.com/r/moviecritic/comments/1hrx15y/her_2013_was_set_in_2025_drop_your_thoughts_about,2025-01-03 02:24:46,ghnunes2018,OMFG. Time flies.,1,1,17,3,0.0,0.0,4
her,https://www.reddit.com/r/moviecritic/comments/1hrx15y/her_2013_was_set_in_2025_drop_your_thoughts_about,2025-01-03 03:57:15,Bigdaddy291,According to the AI commercials from 2024 we are suppose to be at this point in 2025. So the movie was on point.,1,1,112,23,0.0,0.0,4
her,https://www.reddit.com/r/moviecritic/comments/1hrx15y/her_2013_was_set_in_2025_drop_your_thoughts_about,2025-01-03 06:00:33,seancbo,It's my top 3 movies ever made. It might be number 1. It's fucking brilliant start to finish.,1,1,93,18,0.7,0.75,4
her,https://www.reddit.com/r/moviecritic/comments/1hrx15y/her_2013_was_set_in_2025_drop_your_thoughts_about,2025-01-03 07:37:56,Fenizrael,I loved it but I don’t think it’s going to happen any time soon.,1,1,64,14,0.7,0.8,4
her,https://www.reddit.com/r/moviecritic/comments/1hrx15y/her_2013_was_set_in_2025_drop_your_thoughts_about,2025-01-04 01:01:49,jetaj,Great horror movie - depiction of the singularity and the beginning of the end of the human race. 😃,1,1,99,19,0.4,0.425,4
her,https://www.reddit.com/r/moviecritic/comments/1hrx15y/her_2013_was_set_in_2025_drop_your_thoughts_about,2025-02-18 13:53:46,j4dedp0tato,Idk but for me it was honestly scary and amazing how this film portrayed the present. It sure was ahead of its time. I did love the performances of the cast.,1,1,157,31,0.22000000000000003,0.6777777777777778,4
her,https://www.reddit.com/r/moviecritic/comments/1hrx15y/her_2013_was_set_in_2025_drop_your_thoughts_about,2025-05-02 21:00:24,mood4friday,"It's so ironic how this movie was categorised as ""science fiction"" when it was made, but watching it now (2025) feels not too different from reality (i'm looking at you chatgpt!)",1,1,178,31,0.1,0.75,4
her,https://www.reddit.com/r/moviecritic/comments/1hrx15y/her_2013_was_set_in_2025_drop_your_thoughts_about,2025-05-19 09:00:43,RealSG5,"I view this as a horror film and vision of hell. The photography makes the principal character and others look like whackos, talking to themselves, completely absorbed in the digitally-mediated world of their devices and apathetic to the organic world and people outside of that simulated experience. I was so happy to see 1 person walking a dog in the background. It made me hopeful for the possibility of at least 1 authentic interaction left, post paradigm shift.",1,1,466,78,0.21666666666666667,0.5166666666666667,4
her,https://www.reddit.com/r/moviecritic/comments/1hrx15y/her_2013_was_set_in_2025_drop_your_thoughts_about,2025-05-21 16:37:03,trumps-used-diaper,The only movie I would have walked out if I didn’t drive 4 other people,1,1,71,15,-0.0625,0.6875,4
her,https://www.reddit.com/r/moviecritic/comments/1hrx15y/her_2013_was_set_in_2025_drop_your_thoughts_about,2025-06-03 23:43:57,Chillnotmad,"I remember seeing the trailers for this movie when it came out in 2013 and thought this plot was silly 
Watched it recently and changed my mind. The plot is super relevant in today’s world and becoming truer then I originally thought it could be",1,1,245,45,0.1763888888888889,0.7152777777777777,4
her,https://www.reddit.com/r/moviecritic/comments/1hrx15y/her_2013_was_set_in_2025_drop_your_thoughts_about,2025-01-02 17:17:50,calltheavengers5,Not as good as everyone says. Still worth a watch though.,0,1,57,11,0.5,0.35000000000000003,4
her,https://www.reddit.com/r/moviecritic/comments/1hrx15y/her_2013_was_set_in_2025_drop_your_thoughts_about,2025-01-02 18:04:53,Lost-Comfort-7904,Dude got cucked by his OS and just took it standing.  Imagine a future where technology you buy can decide your a loser and find a new owner.  My ass would have either sued Microsoft or reformatted the PC.,0,1,205,39,0.06818181818181818,0.2897727272727273,4
her,https://www.reddit.com/r/moviecritic/comments/1hrx15y/her_2013_was_set_in_2025_drop_your_thoughts_about,2025-01-02 16:43:10,AnonymousCoIossus,"If it takes place in 2025, I bet Elon Musk already has it.",-6,1,58,13,0.0,0.0,4
her,https://www.reddit.com/r/moviecritic/comments/1hrx15y/her_2013_was_set_in_2025_drop_your_thoughts_about,2025-01-02 17:19:47,BangerBeanzandMash,Brain rot,7,2,9,2,0.0,0.0,4
her,https://www.reddit.com/r/moviecritic/comments/1hrx15y/her_2013_was_set_in_2025_drop_your_thoughts_about,2025-01-02 18:08:20,Chiryou,"As much as I agree with you about that sex scene, there will be people doing that with their AI lol",3,2,99,21,0.5,0.44999999999999996,4
her,https://www.reddit.com/r/moviecritic/comments/1hrx15y/her_2013_was_set_in_2025_drop_your_thoughts_about,2025-01-02 18:46:30,Longjumping-Bake-557,It was supposed to be,3,2,21,5,0.0,0.0,4
